{"rotation": [-0.999641820309066, -0.007348624515550464, 0.0030115017172873152, -0.025556988561121805], "translation": [-211.09256535908565, 3059.2921238380804, -19.210528471101426]}