{"rotation": [-0.9998639303103961, -0.007783364873473884, 0.0022596073955961416, -0.014367820638897476], "translation": [-220.01007963363182, 3058.9216147540646, -19.268494322978274]}