{"rotation": [-0.9980199426665464, -0.01006207638185461, 0.0041536526964112, -0.0619491390418539], "translation": [-241.82123794534064, 3058.3007830305996, -19.299272704455642]}