{"rotation": [-0.9997340865466587, -0.009857834654863082, 0.002863768734429002, -0.020648925426547705], "translation": [-259.3558902952957, 3057.134129073785, -19.417365735765717]}