{"rotation": [-0.9995937766219918, -0.007922785427912742, 0.003000095931062528, -0.02721232503942418], "translation": [-256.1044609429518, 3057.3079732389588, -19.401495482604112]}