{"rotation": [-0.9999416378167393, -0.008704767308593386, 0.0014595743212852564, 0.006230379545490332], "translation": [-230.23701701543152, 3058.891366447883, -19.294563429349733]}