{"rotation": [-0.998445315829563, -0.006864431022970245, 0.0018879686199223392, -0.055283509830919536], "translation": [-239.82044565476156, 3058.552430590555, -19.289612895872466]}