{"rotation": [-0.8469102102871037, -9.454219713502651e-05, -0.014132560708910155, -0.5315480763778906], "translation": [-273.36439326747745, 3052.261757003724, -19.090824727640644]}