{"rotation": [-0.9999533224012253, -0.008866470912054227, 0.0006431460548220773, -0.0037848481434580128], "translation": [-224.44649392956913, 3058.8468541715442, -19.2779785789456]}