{"rotation": [-0.9999166078207238, -0.00895910007528469, 0.0019403750414291006, -0.009096530923187423], "translation": [-222.25675244052695, 3058.871486452119, -19.27667902288187]}