{"rotation": [-0.9788736321493996, -0.0004996269329453817, -0.008853764434757275, -0.20427377098125857], "translation": [-269.60352199606734, 3055.893975455663, -19.259444210922368]}