{"rotation": [-0.7038521298602385, -0.01148974427988534, -0.010908361763803439, -0.71016981962853], "translation": [-274.4667501964384, 3045.7022959269334, -19.03055132820568]}