{"rotation": [-0.9997264037370934, -0.009556914029848684, 0.003116894981658969, -0.02112032269634257], "translation": [-259.1263386297086, 3057.1440908353657, -19.418047976362296]}