{"rotation": [-0.9994883630241213, -0.01239904397606715, 0.0033220080418136866, -0.02929573604489253], "translation": [-246.08254806684906, 3057.895467323837, -19.31461801731776]}