{"rotation": [-0.9995672013653016, -0.009014615790489126, 0.001517221581297874, -0.027961485932647093], "translation": [-250.29576458324456, 3057.6578552817286, -19.33812896353017]}