{"rotation": [-0.9769806115522909, -0.00015192200994117264, -0.00892352819992738, -0.21314134327971163], "translation": [-269.74348468348717, 3055.830490451874, -19.25457406862749]}