{"rotation": [-0.8426571265381626, 0.0002767468283816302, -0.014244105480863715, -0.5382620142316288], "translation": [-273.4203123801104, 3052.1462151153933, -19.086942698591006]}