{"rotation": [-0.9999429965492226, -0.008624663511842502, 0.0014443363934840217, 0.006126395665594989], "translation": [-230.32605459989108, 3058.8928342704035, -19.293590261409673]}