{"rotation": [-0.6823055157830764, -0.012151668892005769, -0.010011841259384584, -0.7308975872923141], "translation": [-274.3099653139544, 3042.35794954034, -19.021598797196663]}