{"rotation": [-0.9997339411748232, -0.008527372861881913, 0.000754555802899063, -0.02141871659717315], "translation": [-236.02866135069914, 3058.8494534150327, -19.288894888632047]}