{"rotation": [-0.9995456922589113, -0.007667207096309676, 0.0019316770919459614, -0.029084216434495627], "translation": [-251.7819122673681, 3057.569874999366, -19.35495284218359]}