{"rotation": [-0.9998542741946987, -0.009113183289356529, 0.00037289585919338423, -0.014430565255907024], "translation": [-235.15880925093347, 3058.878768956244, -19.287991269057535]}