{"rotation": [-0.9999350151389005, -0.009176564353416595, 0.0017644557728738381, 0.006530150201956092], "translation": [-229.1233165182411, 3058.8745342535913, -19.291572953046014]}