{"rotation": [-0.9996530451757417, -0.006582513709637888, 0.002356365379064444, -0.025395025621750153], "translation": [-212.154000469549, 3059.23866421724, -19.21901783654579]}