{"rotation": [-0.9995467985146173, -0.00815018646565631, 0.0019030098770632027, -0.0289162686590436], "translation": [-254.94244510406705, 3057.3773110467796, -19.38600592456645]}