{"rotation": [-0.674112275386076, -0.008727323046797275, -0.015855585413886972, -0.7384071196957862], "translation": [-273.92424381273065, 3038.6926150439162, -19.030475662387687]}