{"rotation": [-0.9997416294364252, -0.011234548284797653, 0.0026986154088802228, -0.019574901570967345], "translation": [-259.8035371818471, 3057.112540255487, -19.419165014084744]}