{"rotation": [-0.9996085820722163, -0.00891512115024856, 0.00367597744736804, -0.026261958271542866], "translation": [-256.80624410591065, 3057.265151258042, -19.411687749244894]}