{"rotation": [-0.9998639302992272, -0.007783364893356183, 0.002259607364420688, -0.014367821410285635], "translation": [-220.01007928490884, 3058.9216147623792, -19.268494321922812]}