{"rotation": [-0.999899606067483, -0.008497687563570017, 0.0022778032219462102, -0.011107596708852184], "translation": [-221.4444340384246, 3058.886064139637, -19.275784327188628]}