{"rotation": [-0.83422570286962, 9.95280312623364e-05, -0.014547077253299779, -0.5512312122052291], "translation": [-273.52545885565695, 3051.9003322211206, -19.080977099219965]}