{"rotation": [-0.9999212391949347, -0.008968278317539503, 0.0017043310586425668, -0.008612818733016663], "translation": [-222.45719856705188, 3058.8684761067193, -19.27706695007178]}