{"rotation": [-0.9996577122639467, -0.007606241000621503, 0.002087935760448589, -0.024944817764679172], "translation": [-213.01089497801692, 3059.1960397469697, -19.224966636286933]}