{"rotation": [-0.9981365211186458, -0.010566894843689174, 0.0039792628950281765, -0.059966585773594275], "translation": [-242.42088295200068, 3058.2254249587268, -19.300104661284518]}