{"rotation": [-0.9998338407248794, -0.009225469975137662, 0.0003903078490292605, -0.015717165929565863], "translation": [-235.3306873657474, 3058.8736844092073, -19.287888383228083]}