{"rotation": [-0.9882991558434193, -0.002246002971473501, -0.009784541237797352, -0.1521972298782169], "translation": [-268.6894857310591, 3056.241236322495, -19.28179537629645]}