{"rotation": [-0.9991773926029164, -0.007495607497188738, 0.0009214594057762861, -0.03984350501711938], "translation": [-238.0962499179856, 3058.72126750363, -19.28397544428737]}