{"rotation": [-0.6819255656269535, -0.012147958095574635, -0.010072585311113602, -0.7312513200559834], "translation": [-274.2967890999074, 3042.232334041518, -19.022568662849963]}