{"rotation": [-0.999948779517439, -0.008324842746335125, 0.0005121702483022561, -0.00573349949591651], "translation": [-233.75338302722963, 3058.9041587026363, -19.290529868224983]}