{"rotation": [-0.9999061647406113, -0.008985481348254467, 0.0022035455144871824, -0.010102832564542877], "translation": [-221.85124938769815, 3058.8791326504906, -19.276281096230022]}