{"rotation": [-0.9982435928703358, -0.006987843516944366, 0.0025607912257313683, -0.058773647875593873], "translation": [-240.33828691130802, 3058.49067442375, -19.291471195361055]}