{"rotation": [-0.6750028407096034, -0.008899095422098598, -0.014957509730378776, -0.7376098182896564], "translation": [-273.9924631508981, 3039.348241509609, -19.029962091058696]}