{"rotation": [-0.9987525364632007, -0.007635133768493597, 0.001066002533624042, -0.04933497014551119], "translation": [-239.13445124677466, 3058.6268259427693, -19.286503752497865]}