{"rotation": [-0.9999557311866737, -0.00882495119746854, 0.0024548222780992365, 0.0021516855881308127], "translation": [-226.95687087279677, 3058.848926999332, -19.289020637660432]}