{"rotation": [-0.6736906863327894, -0.008829722756069563, -0.016000645672652906, -0.7387874352495205], "translation": [-273.8970969102925, 3038.412549732656, -19.029817303483117]}