{"rotation": [-0.6895163549688091, -0.01207108760465658, -0.01028191100977512, -0.7240965180005736], "translation": [-274.4057928537354, 3043.8316117271465, -19.031033393894855]}