{"rotation": [-0.9997461259646794, -0.014780843637394882, 0.0016816345690867608, -0.016922836203143648], "translation": [-261.7555113530816, 3057.0304463424764, -19.41951884093296]}