{"rotation": [-0.8176743496116261, -0.0022008820828457814, -0.01481064700373629, -0.5754862803235123], "translation": [-273.7286676832672, 3051.3828722983612, -19.069340251082977]}