{"rotation": [-0.7534016300750411, -0.005405707313535432, -0.00914003493797566, -0.6574748830868324], "translation": [-274.28858692083344, 3048.9772904553333, -19.043447524055253]}