{"rotation": [-0.7292647794330965, -0.008613599432077276, -0.010155271428043625, -0.6841020083623813], "translation": [-274.41578046171804, 3047.743055964068, -19.0338999057882]}