{"rotation": [-0.9997510487660703, -0.006288324763378569, 0.0022784895153808047, -0.021286285451934027], "translation": [-216.00373672550757, 3059.060914990528, -19.246597458038373]}