{"rotation": [-0.9999176183843883, -0.008339671170963004, 0.00022758718251364785, -0.009754718516055551], "translation": [-234.45787920198504, 3058.8949154749066, -19.287575866304593]}