{"rotation": [-0.999550473349415, -0.008480520204682596, 0.0019116522306917968, -0.028692814253177556], "translation": [-251.13559010909432, 3057.6076206612047, -19.3481737748676]}