{"rotation": [-0.9998978540563659, -0.008066004139133238, 0.002268695566783834, -0.01157903498255336], "translation": [-221.2434444338463, 3058.8907636147064, -19.272974296236946]}