{"rotation": [-0.9996679976616061, -0.007876171100241086, 0.0025050613418849017, -0.02440461119764776], "translation": [-213.65115319630786, 3059.165517737, -19.231600867338866]}