{"rotation": [-0.9999270746494335, -0.009224879541352331, 0.001391087725357352, -0.007668888799171033], "translation": [-222.86147119611852, 3058.8620573366716, -19.275957648332046]}