{"rotation": [-0.9999426838510939, -0.008966126081801203, 0.0009586554087179095, -0.005772224490093978], "translation": [-223.6570067310698, 3058.853177504264, -19.27656540489239]}