{"rotation": [-0.9985270804425742, -0.012525939878757344, 0.0033724760792462516, -0.05268203543977387], "translation": [-243.47405983480067, 3058.10196445155, -19.30278316169999]}