{"rotation": [-0.9984453205988534, -0.006864428438362384, 0.0018879533591905375, -0.05528342453738667], "translation": [-239.8204350847652, 3058.552431800518, -19.289612843645187]}