{"rotation": [-0.9990946674223962, -0.014109964442046704, 0.002351302190719021, -0.04006526936866649], "translation": [-244.71800294810248, 3057.9865197721188, -19.305215510190557]}