{"rotation": [-0.6738264910544345, -0.008781552933524934, -0.015904816556405032, -0.7386662176461375], "translation": [-273.89701322934275, 3038.409325582303, -19.02952962708719]}