{"rotation": [-0.6789267587379801, -0.012399102084580269, -0.010158535010291259, -0.7340310093609679], "translation": [-274.2164295026482, 3041.251355723963, -19.01725949697237]}