{"rotation": [-0.9288967252259088, 0.0010920540040305258, -0.012386989994389181, -0.3701300362865917], "translation": [-271.798209326967, 3054.434980017043, -19.171136860388952]}