{"rotation": [-0.6975339837877093, -0.011933888064293888, -0.010857343431483403, -0.7163700453470453], "translation": [-274.4620336880781, 3044.964037163757, -19.03051025044638]}