{"rotation": [-0.9980925381504817, -0.010347480302506044, 0.004020698794445323, -0.06072930858261925], "translation": [-242.24487155970974, 3058.2475711491024, -19.299842628066575]}