{"rotation": [-0.6738264970623429, -0.008781549075043553, -0.015904810729085703, -0.738666212336944], "translation": [-273.8970132154886, 3038.409325361666, -19.029529609680004]}