{"rotation": [-0.9994638560042557, -0.006402368580663206, 0.0008770914923138341, -0.03209736637445338], "translation": [-237.23562834371887, 3058.7857268090247, -19.28741871286604]}