{"rotation": [-0.9913107788021953, -0.0035052418566681102, -0.009935009567631256, -0.13111807158055017], "translation": [-268.26177393156615, 3056.368330605739, -19.29238656794979]}