{"rotation": [-0.9995664697032524, -0.011643353264923035, -0.0001841342670584203, -0.027042024042162507], "translation": [-247.9738259030107, 3057.7866502051165, -19.312297090305897]}