{"rotation": [-0.999690472413682, -0.0073646970948957596, 0.0027302849881192547, -0.023606485250739825], "translation": [-214.29133221909626, 3059.136256133998, -19.23655406671219]}