{"rotation": [-0.6739674224645696, -0.00873697589715134, -0.015836573603862477, -0.7385396276741867], "translation": [-273.90929665146325, 3038.537925190693, -19.030108975647373]}