{"rotation": [-0.9992818114157255, -0.014165187686015894, 0.0024425341629117883, -0.03506055986988157], "translation": [-245.25660328681982, 3057.946634615953, -19.306593116874783]}