{"rotation": [-0.9999534671788161, -0.00878023036986314, 0.0026002684043404185, 0.0030347381998939685], "translation": [-227.33943689484022, 3058.852464608595, -19.287998032257637]}