{"rotation": [-0.998443670347929, -0.011325268165730635, -0.006593790517174885, -0.05420790873798856], "translation": [-266.0627735661863, 3056.771605698453, -19.349581120352546]}