{"rotation": [-0.889686073600283, -0.0009705006053638754, -0.012424339659370787, -0.4564026559457291], "translation": [-272.69648161583314, 3053.3989393588354, -19.132344646508507]}