{"rotation": [-0.9998387904001604, -0.006942825811839993, 0.002216885379692734, -0.01640962522740311], "translation": [-218.97204408559284, 3058.951134070143, -19.26178087261839]}