{"rotation": [-0.9983723956035956, -0.00691622618964253, 0.002096207819157664, -0.05657147182821287], "translation": [-239.99032449643923, 3058.532803122, -19.290696915746192]}