{"rotation": [-0.9992236088437061, -0.014191177185515274, 0.0023402432587233167, -0.03667851252354017], "translation": [-245.07402869686874, 3057.959041429648, -19.30727980598051]}