{"rotation": [-0.7401479212289321, -0.007653184608316817, -0.010066137393304793, -0.6723251864565394], "translation": [-274.35998506081495, 3048.339922406023, -19.03817677888905]}