{"rotation": [-0.9999368724325007, -0.008130528671706657, 0.0003345355414823701, -0.007748144255162455], "translation": [-234.1085447945442, 3058.900040029246, -19.289085361455744]}