{"rotation": [-0.9552543967724646, 0.0028139272479731155, -0.009800312284732252, -0.29560966347438583], "translation": [-270.9110141432125, 3055.1628163469327, -19.21065810434403]}