{"rotation": [-0.7262281618698527, -0.00890235701198517, -0.010311184599857463, -0.6873187647801521], "translation": [-274.42374065353994, 3047.5517722401073, -19.03365230939953]}