{"rotation": [-0.9987842785059176, -0.013364173455647279, 0.002743956182219887, -0.04736913110593431], "translation": [-244.00181583476942, 3058.049269980631, -19.305174986182458]}