{"rotation": [-0.9998908869369455, -0.008638805011937539, 0.0002511188589230096, -0.011980075447713788], "translation": [-234.80889610804792, 3058.887648440966, -19.287702331350037]}