{"rotation": [-0.6766986755841622, -0.01130956118007575, -0.011990582794398815, -0.7360755546904175], "translation": [-274.09471346176196, 3040.2281713682205, -19.030410579780636]}