{"rotation": [-0.9995521841543697, -0.017180033634177184, -0.004957388103906016, -0.02399378877428025], "translation": [-263.99974651505664, 3056.930579614395, -19.386731237422197]}