{"rotation": [-0.8553415405091872, -0.0007711274770982035, -0.013859133601937856, -0.5178785367801877], "translation": [-273.24613271261387, 3052.501619193707, -19.10018216786519]}