{"rotation": [-0.9997520651049906, -0.012409281619759082, 0.0026400844019876047, -0.01829885248693593], "translation": [-260.4651531200556, 3057.084000310763, -19.42363990823445]}