{"rotation": [-0.9879956240038507, -0.002129918593477227, -0.009761297078280417, -0.1541584492506863], "translation": [-268.7280187640736, 3056.2288696721207, -19.28078205921122]}