{"rotation": [-0.6999418960382403, -0.01181862340495398, -0.01102089555837175, -0.7140169480987806], "translation": [-274.46191616518337, 3045.2587626813324, -19.0310173413332]}