{"rotation": [-0.999808131912124, -0.006279385438701439, 0.002260974021176554, -0.01841620692152669], "translation": [-217.80326459530505, 3058.9913388341984, -19.25654775610661]}