{"rotation": [-0.872563584894505, -0.0019729976505888855, -0.012888635803343368, -0.4883265103017135], "translation": [-272.9859755174037, 3052.9572981419306, -19.118488783280394]}