{"rotation": [-0.8979790741919508, -0.0007821575022754613, -0.013123177714774396, -0.4398417360252153], "translation": [-272.5375702939866, 3053.616206748901, -19.137922836063957]}