{"rotation": [-0.9998122416496537, -0.006252707284888747, 0.0022227943218311834, -0.01820561134669432], "translation": [-217.91986007959392, 3058.987333531265, -19.257340003866005]}