{"rotation": [-0.9998744948882792, -0.007684622842702497, 0.002246210980063021, -0.013670975821317547], "translation": [-220.31230155737447, 3058.913430594339, -19.269928010273997]}