{"rotation": [-0.9981365293398181, -0.010566951515364322, 0.003979245098489025, -0.059966440127628876], "translation": [-242.42091647526988, 3058.2254208718955, -19.300104745439814]}