{"rotation": [-0.7038513138223754, -0.01148982150923774, -0.010908300259603324, -0.7101706281011968], "translation": [-274.4667467806659, 3045.7022032013, -19.03055144456988]}