{"rotation": [-0.9996511748454476, -0.006622858546030317, 0.002479159485629539, -0.02544641709633146], "translation": [-211.94062283608147, 3059.249325144897, -19.217219788430857]}