{"rotation": [-0.6796509856073639, -0.012383403850157107, -0.010239104354288679, -0.7333596319774117], "translation": [-274.2340739939595, 3041.489075807033, -19.01937227794834]}