{"rotation": [-0.9993672577806991, -0.01494115133149437, -0.006005263229570725, -0.031714080253394276], "translation": [-264.7671133681417, 3056.8879338596143, -19.374631338433687]}