{"rotation": [-0.6912834266748862, -0.012017989366688726, -0.01045173744065267, -0.7224081624128296], "translation": [-274.42727688956813, 3044.1070233345254, -19.02979059763077]}