{"rotation": [-0.9997476357029955, -0.012068459211838875, 0.002640859860916224, -0.018762810496237084], "translation": [-260.16979097711726, 3057.0949127352396, -19.421848737559287]}