{"rotation": [-0.9999517950591654, -0.009680753966377891, 0.0012435028467494271, 0.001069701484291102], "translation": [-232.14215148201802, 3058.9085316765954, -19.29634072478951]}