{"rotation": [-0.9999493815195232, -0.008287030696369423, 0.0012642048570025237, 0.005564288547527385], "translation": [-230.69415395474113, 3058.8976518732857, -19.29426214220573]}