{"rotation": [-0.9998710678484583, -0.007715140614839938, 0.0022443609878771554, -0.013902774134438625], "translation": [-220.21514772291422, 3058.9157038181847, -19.270710563286073]}