{"rotation": [-0.8811550836497293, -0.0017546902431944409, -0.012546729886472804, -0.47265761306631343], "translation": [-272.8453495712411, 3053.1823421348236, -19.1265031312719]}