{"rotation": [-0.999094660263544, -0.014109942151078315, 0.002351312529454617, -0.040065455129770736], "translation": [-244.71798406910057, 3057.986521244175, -19.30521543040901]}