{"rotation": [-0.6903745662534458, -0.01212682985138619, -0.010248022141252167, -0.7232778693630232], "translation": [-274.4163421267628, 3043.962801535339, -19.030003530920926]}