{"rotation": [-0.7314319897366248, -0.008323972826989177, -0.010029253787291916, -0.6817898282717099], "translation": [-274.3977621703017, 3047.8670510737575, -19.035858845521744]}