{"rotation": [-0.9993672575874227, -0.014941149708277129, -0.006005263598320514, -0.03171408703878081], "translation": [-264.7671139223947, 3056.8879338267657, -19.37463132655541]}