{"rotation": [-0.9996806726831582, -0.00908009644896304, 0.00455817582463488, -0.023137146439819244], "translation": [-258.2052013556695, 3057.1895672793084, -19.42088589191221]}