{"rotation": [-0.9749767742210906, 0.00029626643152137137, -0.009041262368820609, -0.2221226182323995], "translation": [-269.88344722596014, 3055.7637226080305, -19.248709386127434]}