{"rotation": [-0.9996396787073877, -0.007546771327285429, 0.003050036603111626, -0.025578433748846195], "translation": [-210.88036250334292, 3059.3023022301677, -19.209058532740872]}