{"rotation": [-0.9997520650462036, -0.012409280644506354, 0.002640084288054386, -0.018298856376540787], "translation": [-260.465150577196, 3057.084000406755, -19.42363989766229]}