{"rotation": [-0.9999390678310953, -0.008970189247848254, 0.001844493851642684, 0.006163941301570463], "translation": [-228.84151297005636, 3058.8701100753633, -19.291497580606602]}