{"rotation": [-0.9996781758728889, -0.00763556096633438, 0.0026571488012450016, -0.024045424771274138], "translation": [-213.95592056137914, 3059.150862706407, -19.234457399950443]}