{"rotation": [-0.9997035435572404, -0.008184136893891617, 0.0008719127638612626, -0.0229147260627501], "translation": [-236.20205306053836, 3058.842061945381, -19.28754131468143]}