{"rotation": [-0.9996361363604966, -0.00725499192638453, 0.0010667447114259087, -0.025958082173522676], "translation": [-236.5476009956209, 3058.826099698058, -19.288798637527865]}