{"rotation": [-0.9993383016944766, -0.013913732590322827, 0.002549534602532182, -0.03350920299134086], "translation": [-245.43362402351067, 3057.934521367567, -19.30877099130789]}