{"rotation": [-0.9985990331821432, -0.0070815082219362595, 0.0014265357064724884, -0.052419349145804935], "translation": [-239.47833333501237, 3058.5903863858002, -19.28609739410991]}