{"rotation": [-0.9998951228324225, -0.007754517938032726, 0.002156911561885152, -0.012039872092243583], "translation": [-221.03807459237456, 3058.8951760835757, -19.272611143468733]}