{"rotation": [-0.9996593054579517, -0.0078051457385776585, 0.002137812585983798, -0.024814964611549372], "translation": [-213.22182551853, 3059.1853941504237, -19.228259578411034]}