{"rotation": [-0.6796509713106696, -0.01238340575884083, -0.010239109231026463, -0.7333596451267486], "translation": [-274.2340733296607, 3041.4890704394747, -19.01937237421806]}