{"rotation": [-0.9999242838418146, -0.009094709772010936, 0.0015337497363548441, -0.00814619232177504], "translation": [-222.65927087630226, 3058.864503403344, -19.277088034093985]}