{"rotation": [-0.9995615086062287, -0.008928012467180464, 0.0016401178188229148, -0.02818494491331226], "translation": [-250.50220892032533, 3057.6449179820365, -19.341163922999062]}