{"rotation": [-0.9997422236098016, -0.015107222840585714, 0.0006396508143264202, -0.016936617035588974], "translation": [-262.17191256539655, 3057.010982654584, -19.415184650766296]}