{"rotation": [-0.9995916554586325, -0.0095806657181091, 0.00039031352162065107, -0.026918039252949874], "translation": [-249.2868178558428, 3057.716100264175, -19.324954662827263]}