{"rotation": [-0.9997538371700296, -0.013222361253867911, 0.002516238178648384, -0.017638105683500976], "translation": [-260.902179295875, 3057.064097609515, -19.42379273869865]}