{"rotation": [-0.9998446903173253, -0.006977338683175176, 0.0021514612510719713, -0.0160400499886184], "translation": [-219.17851799286072, 3058.9447584932914, -19.264102275361125]}