{"rotation": [-0.9999555045957332, -0.009022064313692232, 0.001367974437479116, 0.0023916166395771066], "translation": [-231.78908743816976, 3058.9066499069477, -19.294449107265194]}