{"rotation": [-0.6886141169253263, -0.012174334073254238, -0.010111389063631463, -0.7249552699113442], "translation": [-274.4040423252798, 3043.6862525661336, -19.028774246027986]}