{"rotation": [-0.9999448200170544, -0.008880650311750143, 0.0022309254514575605, 0.00514916913017515], "translation": [-228.28021289640066, 3058.8622228519803, -19.291186507730302]}