{"rotation": [-0.9999426839115966, -0.00896612608263192, 0.0009586542760520527, -0.00577221419580183], "translation": [-223.65701096765355, 3058.853177474679, -19.27656540541649]}