{"rotation": [-0.9996407147179625, -0.007594347116194899, 0.003064550584959716, -0.025522066917714272], "translation": [-210.24290315648688, 3059.3346126031474, -19.206344833754667]}