{"rotation": [-0.9995336012888046, -0.007804565143739293, 0.001937770294934236, -0.02946037514754461], "translation": [-253.79407432296395, 3057.4468760703503, -19.377681597502576]}