{"rotation": [-0.9980891263805755, -0.007815255649010096, 0.003165110434097051, -0.0612127409608504], "translation": [-240.85715655199823, 3058.424998048099, -19.29406907917425]}