{"rotation": [-0.9997879535891169, -0.006603030586020589, 0.0023916082061174494, -0.01935789387703173], "translation": [-217.28422237295126, 3059.0099083352397, -19.254448297611173]}