{"rotation": [-0.9994781330005177, -0.0160465848627289, -0.005625010707984947, -0.02746503272486283], "translation": [-264.3883862101846, 3056.9122126770994, -19.380211493408556]}