{"rotation": [-0.6803121224303204, -0.012209575225828327, -0.010227736927238398, -0.7327494358541021], "translation": [-274.2609211498806, 3041.734561622571, -19.01718417106309]}