{"rotation": [-0.9998237728262509, -0.006308022615817484, 0.0022051421375366724, -0.017543360291375362], "translation": [-218.341333295452, 3058.9718356272438, -19.25942936143441]}