{"rotation": [-0.9998183065571739, -0.006250286658419299, 0.002218762299362035, -0.017870782962467986], "translation": [-218.13235414147866, 3058.980016953132, -19.257470002589567]}