{"rotation": [-0.8811551623611747, -0.001754682347251147, -0.01254672743410731, -0.472657466422362], "translation": [-272.845348256788, 3053.1823441621, -19.126503191480225]}