{"rotation": [-0.9990946756825665, -0.014109990162394214, 0.0023512902614086137, -0.04006505502892884], "translation": [-244.7180247315668, 3057.9865180736, -19.305215602245646]}