{"rotation": [-0.9994638648690712, -0.006402371602489399, 0.0008771120131173892, -0.03209708917267933], "translation": [-237.23559727820444, 3058.7857288753808, -19.287418828959037]}