{"rotation": [-0.999924283925615, -0.009094717870000187, 0.0015337439258402037, -0.00814617408855775], "translation": [-222.65927835970857, 3058.864503316451, -19.277088022550753]}