{"rotation": [-0.6786720526566733, -0.012344938252692937, -0.01023605872829905, -0.7342663485030659], "translation": [-274.2031968056914, 3041.135444293441, -19.018580634838866]}