{"rotation": [-0.9997363654537414, -0.015270027154456758, 1.3706081697230783e-05, -0.017147176799365033], "translation": [-262.38054622474647, 3057.0043984742974, -19.412096406178748]}