{"rotation": [-0.8135842310366279, -0.002633022766516778, -0.014661629578545493, -0.5812562281969558], "translation": [-273.77416753800065, 3051.2466992534655, -19.067773311189278]}