{"rotation": [-0.9998996062705715, -0.008497800906735714, 0.0022778120478514695, -0.011107489904572733], "translation": [-221.44447916850848, 3058.886063239959, -19.275784548635496]}