{"rotation": [-0.9996434703007409, -0.007311284632265745, 0.003106463702993187, -0.025491710130547143], "translation": [-210.03456711329378, 3059.344806743951, -19.202378703755215]}