{"rotation": [-0.9997437054384887, -0.01506340506175337, 0.0008440193367197321, -0.01687912602669944], "translation": [-262.1069790959417, 3057.0130293185057, -19.4155987233178]}