{"rotation": [-0.6942816605056358, -0.01203592809236646, -0.010758825258043, -0.7195223137607059], "translation": [-274.4465989476656, 3044.5360227156148, -19.03061344109459]}