{"rotation": [-0.9634692279369158, 0.0022972198530321845, -0.009459081810142527, -0.26764210313569764], "translation": [-270.5439444315573, 3055.4025618176597, -19.22327866857811]}