{"rotation": [-0.9995314442606044, -0.011691099449252193, 0.003448675117666208, -0.02807697932312038], "translation": [-246.6936942594959, 3057.8594007773127, -19.317630309566862]}