{"rotation": [-0.9995344573476093, -0.011688279772181108, 0.003147423394897129, -0.028006185330402486], "translation": [-246.8761919829398, 3057.8487995548494, -19.317249037005034]}