{"rotation": [-0.674839755222369, -0.008818612129806022, -0.015155819468310818, -0.7377559474431643], "translation": [-273.9806267557832, 3039.2397299934255, -19.030213910239986]}