{"rotation": [-0.9999608919409276, -0.008628308503150123, 0.0013094468153149938, -0.0014325606852485769], "translation": [-225.42075817639676, 3058.8442561415527, -19.281993908674345]}