{"rotation": [-0.6764653042573606, -0.010964266120007076, -0.01242931047286138, -0.7362879798323584], "translation": [-274.08131636716655, 3040.1175986389358, -19.030871649048926]}