{"rotation": [-0.7342029415281736, -0.008103116823669692, -0.01007533260836563, -0.6788069444414591], "translation": [-274.3885586371295, 3048.027344466236, -19.036276324092007]}