{"rotation": [-0.9999562107915625, -0.008961551675784767, 0.002363609543591227, 0.0012963181969946373], "translation": [-226.5779779240008, 3058.8469983002433, -19.286227465909572]}