{"rotation": [-0.7607521130932255, -0.004114576833133485, -0.009030728267846832, -0.6489666698903949], "translation": [-274.2444985248759, 3049.294076547904, -19.046361378783626]}