{"rotation": [-0.6912832370528136, -0.012017990286147522, -0.010451716565354124, -0.7224083441517707], "translation": [-274.4272744692692, 3044.10699448714, -19.02979067823419]}