{"rotation": [-0.9999363270579755, -0.009113073419392862, 0.0017653283889827902, 0.006416957093310433], "translation": [-229.0269406400764, 3058.872874965304, -19.292910743019902]}