{"rotation": [-0.9996746783957462, -0.007703506226256861, 0.0026424844105244756, -0.02417044977495498], "translation": [-213.86494150654872, 3059.154945053728, -19.23305903961436]}