{"rotation": [-0.9998288545535714, -0.006512006139403897, 0.002197519565147466, -0.017176329232249554], "translation": [-218.5525649174802, 3058.964923184104, -19.25968903686577]}