{"rotation": [-0.8948712298919397, -0.0008128528867572518, -0.012860288992016364, -0.4461383576301344], "translation": [-272.5969676870502, 3053.536857217253, -19.136590488845496]}