{"rotation": [-0.9060186458861489, -0.00017222443809127832, -0.01334751688343133, -0.4230272183186547], "translation": [-272.3654909997286, 3053.828050544408, -19.145251654214434]}