{"rotation": [-0.9460512153599545, 0.002734357816170991, -0.01032322512619961, -0.3238410910095877], "translation": [-271.26286113319657, 3054.901955465782, -19.195811684649623]}