{"rotation": [-0.9980049046493533, -0.009497563081577858, 0.003992801275847534, -0.06229016077454247], "translation": [-241.54832363550327, 3058.335908533571, -19.297847204845038]}