{"rotation": [-0.9995409192775658, -0.007364393830835044, 0.002021183140673562, -0.0293194681393577], "translation": [-252.22126976647104, 3057.543033499084, -19.36073063567873]}