{"rotation": [-0.9138669816298791, 0.00019794781473281175, -0.01321050934622998, -0.4057986978123146], "translation": [-272.19030701200705, 3054.029945566898, -19.15133601838838]}