{"rotation": [-0.6789268843994577, -0.012399103404963072, -0.010158552083149868, -0.7340308928743887], "translation": [-274.2164364471666, 3041.2514106749504, -19.017258226240198]}