{"rotation": [-0.6810703411935816, -0.012066506662470649, -0.010034241017953006, -0.7320497959637832], "translation": [-274.27965496332513, 3041.981960312345, -19.020348858491772]}