{"rotation": [-0.9988269452536802, -0.012313850445158326, -0.006101821705517047, -0.04643135033886254], "translation": [-265.7002278318628, 3056.811464070553, -19.357706388173398]}