{"rotation": [-0.9993025577634576, -0.006773552182741008, 0.0008347569307945867, -0.036712671097399834], "translation": [-237.75311561744144, 3058.748879011073, -19.286154477123514]}