{"rotation": [-0.9987842916796482, -0.013364193673101267, 0.0027439199443074643, -0.04736884973049759], "translation": [-244.00184272684305, 3058.0492674851725, -19.305175010309032]}