{"rotation": [-0.9998856049127, -0.007497261737349117, 0.0021554907560252575, -0.01295847268803102], "translation": [-220.62766525941706, 3058.9058792873557, -19.271119690004408]}