{"rotation": [-0.9998631982664712, -0.009003150703019965, 0.00031815483592669203, -0.013871798991566363], "translation": [-235.07833626393577, 3058.881041703131, -19.289760869622974]}