{"rotation": [-0.9999341735334856, -0.0091388693179008, 0.001660252052688151, 0.006735965455451553], "translation": [-229.399649973966, 3058.8793105625823, -19.291729889482905]}