{"rotation": [-0.9996511751478413, -0.00662283331428539, 0.002479142856657609, -0.025446413404005223], "translation": [-211.9406562914666, 3059.2493233737523, -19.21722009205136]}