{"rotation": [-0.6942816373492247, -0.012035930012118962, -0.01075882332626227, -0.7195223361015678], "translation": [-274.4465987115937, 3044.5360194186032, -19.030613447199606]}