{"rotation": [-0.9996679976006051, -0.007876171154702575, 0.002505060651819301, -0.02440461374963983], "translation": [-213.65115040832325, 3059.165517861875, -19.231600850656463]}