{"rotation": [-0.9995730717878488, -0.009148670589597736, 0.0013380251855745122, -0.027716162642939756], "translation": [-250.08624548198554, 3057.669723588622, -19.337197904455447]}