{"rotation": [-0.9994781383395077, -0.0160466573045168, -0.005624990076393467, -0.027464800333951354], "translation": [-264.38836255569, 3056.9122138976195, -19.38021191790381]}