{"rotation": [-0.999177395429122, -0.007495589869098185, 0.0009214602866971878, -0.03984343743868333], "translation": [-238.09624250199417, 3058.7212681207757, -19.283975475030058]}