{"rotation": [-0.9997994120174284, -0.009052974972069966, 0.0005274891474566799, -0.01785780302721596], "translation": [-235.6048784385683, 3058.8651787689005, -19.287681428730814]}