{"rotation": [-0.7645862450067967, -0.003777887253026783, -0.009272346310558292, -0.6444436554953481], "translation": [-274.2222794557581, 3049.4478017782412, -19.045679968276385]}