{"rotation": [-0.9999509518637718, -0.009592686691190948, 0.0009232644950415026, -0.002285128323213053], "translation": [-233.04653141287372, 3058.908368311436, -19.29311280722402]}