{"rotation": [-0.6886141323530028, -0.012174332531634307, -0.010111389855447166, -0.7249552552718833], "translation": [-274.4040425755882, 3043.6862553079463, -19.02877423316769]}