{"rotation": [-0.9997481222187654, -0.014573911647132167, 0.002003104870975077, -0.016949359581705604], "translation": [-261.54162330597643, 3057.0373169456093, -19.42222674264221]}