{"rotation": [-0.9999442462507118, -0.008116652109660514, 0.000435647507287642, -0.006740516291500465], "translation": [-233.9325591577884, 3058.9021539765495, -19.290428223684266]}