{"rotation": [-0.9999582200123168, -0.00888908755703947, 0.0020916943649311828, 0.00040886047250488617], "translation": [-226.19231079884466, 3058.844876746314, -19.286784261313834]}