{"rotation": [-0.9996453960104226, -0.007076982383425283, 0.002794314043599855, -0.025518431858871673], "translation": [-211.51885641686397, 3059.2708605988896, -19.212097131651475]}