{"rotation": [-0.999930805706838, -0.009212017278965817, 0.001267465524131914, -0.007205280512998688], "translation": [-223.06056333913256, 3058.859836374196, -19.276193257614015]}