{"rotation": [-0.9995409194130944, -0.0073643920653657146, 0.0020211803373770447, -0.029319464155697764], "translation": [-252.22126351931826, 3057.543033861295, -19.360730549795946]}