{"rotation": [-0.9996746781818692, -0.007703514363387531, 0.002642481789115426, -0.024170456313934222], "translation": [-213.86493682657627, 3059.15494527989, -19.233059008700863]}