{"rotation": [-0.9995182118825757, -0.016656806048060774, -0.005383777437997651, -0.02563025298029574], "translation": [-264.19202644583595, 3056.9218572553814, -19.384213665472412]}