{"rotation": [-0.9999558945916428, -0.008906288180948732, 0.002432462220483988, 0.0017233774430460628], "translation": [-226.76993391717974, 3058.8475155941996, -19.28696323899325]}