{"rotation": [-0.9995255512485197, -0.011710661679538789, 0.0036211109935236417, -0.028256333087341757], "translation": [-246.51380445609212, 3057.8706990796363, -19.316505604338715]}