{"rotation": [-0.6815239674219086, -0.011926339482180746, -0.010112077550046167, -0.7316287242472639], "translation": [-274.295372251494, 3042.130645507062, -19.01936330020365]}