{"rotation": [-0.9995456258681428, -0.011868920190870439, 0.001424753676789478, -0.027670211750651548], "translation": [-247.42092921876807, 3057.817282843056, -19.315968927794128]}