{"rotation": [-0.999470539691396, -0.01267630104799981, 0.003190063467143402, -0.029795556309722318], "translation": [-245.9719019300071, 3057.901855313593, -19.313353038907618]}