{"rotation": [-0.9995791384074623, -0.009237407984986993, 0.0012025536142035928, -0.027473081718644394], "translation": [-249.88497240121296, 3057.6810573160774, -19.333556947149386]}