{"rotation": [-0.9998489451530141, -0.0072651952711415176, 0.0021691668523997278, -0.015639646071554866], "translation": [-219.38874527127547, 3058.9385746539488, -19.264320878068794]}