{"rotation": [-0.7238507232066292, -0.009090330125625348, -0.010394446870805905, -0.689818419503058], "translation": [-274.4291502979466, 3047.393122362612, -19.033326158291565]}