{"rotation": [-0.9997488437832295, -0.012181431451024844, 0.002602743171737505, -0.01863029280183008], "translation": [-260.24273426362237, 3057.0921717451843, -19.42319962895977]}