{"rotation": [-0.9998710672633668, -0.007715144906647361, 0.0022443656104684123, -0.013902813085557995], "translation": [-220.21513216356124, 3058.915704166659, -19.270710555514032]}