{"rotation": [-0.8217976554126849, -0.0014914989799438684, -0.014756836632476407, -0.5695863628648505], "translation": [-273.67810827251895, 3051.5144767129536, -19.072938306323024]}