{"rotation": [-0.9995916836180232, -0.01023433587878165, -0.0004082603322126671, -0.026675039537128405], "translation": [-248.82434241529666, 3057.740920996369, -19.319536769568234]}