{"rotation": [-0.9995553325389585, -0.008879088532662087, 0.0017907461036394687, -0.02840936831669641], "translation": [-250.71246972736407, 3057.632860695358, -19.343190661775317]}