{"rotation": [-0.9891788901249713, -0.002541378165493761, -0.00987275408738317, -0.14635980819501007], "translation": [-268.57281488874105, 3056.2784452764645, -19.284821471128076]}