{"rotation": [-0.9394285112300784, 0.0023257614362154266, -0.010940647664754149, -0.34256235250017786], "translation": [-271.4834442907597, 3054.72008984515, -19.186142148838137]}