{"rotation": [-0.9995492727707374, -0.008200271433124833, 0.001929959801176232, -0.028814616205654696], "translation": [-251.35015812910143, 3057.5952173864057, -19.350191087083772]}