{"rotation": [-0.999540063416808, -0.007311307734887021, 0.002054287161596303, -0.029359603338379496], "translation": [-252.44056242165755, 3057.529285920275, -19.365048165768908]}