{"rotation": [-0.9986763699261695, -0.0072946024051992004, 0.001263623056394705, -0.05089892124210579], "translation": [-239.30697691248758, 3058.608850392017, -19.286131251595233]}