{"rotation": [-0.9999505211309881, -0.009866802196530819, 0.0011982062302413688, 0.0004071929637266303], "translation": [-232.32473778061348, 3058.909239219341, -19.293890196451212]}