{"rotation": [-0.9999061652494248, -0.008985483089037042, 0.0022035348640531264, -0.01010278298042656], "translation": [-221.85126746158588, 3058.8791323674523, -19.276281107738086]}