{"rotation": [-0.9666037011112525, 0.0017770898233332882, -0.009461994290623974, -0.25609489962479226], "translation": [-270.3817975047809, 3055.498740915624, -19.229810412063326]}