{"rotation": [-0.9983026980545573, -0.011525264107353383, 0.003740023491563908, -0.056964055056937864], "translation": [-242.94804302430106, 3058.1614970648866, -19.3006613763119]}