{"rotation": [-0.9995359516952065, -0.007526156424520342, 0.0018862203222557617, -0.029456415449397918], "translation": [-253.56354831370558, 3057.460769177139, -19.376992153872894]}