{"rotation": [-0.998004904763556, -0.009497526134809663, 0.003992791479571734, -0.06229016520611284], "translation": [-241.54831039432628, 3058.335910209785, -19.297847137797053]}