{"rotation": [-0.9991616111981784, -0.014183811086994135, 0.002378199577163686, -0.03833064541173217], "translation": [-244.8982524280601, 3057.9718938345204, -19.305218681703685]}