{"rotation": [-0.9995672025155025, -0.00901466226854323, 0.00151719329359127, -0.027961431365840478], "translation": [-250.2957177695685, 3057.6578579743746, -19.33812841584646]}