{"rotation": [-0.9999550125338778, -0.008773894814061435, 0.0025156807264199547, 0.0025812843018614955], "translation": [-227.14738461618964, 3058.850545426606, -19.28893750371756]}