{"rotation": [-0.9997891406792062, -0.008934782471214773, 0.0005177914306999756, -0.018481767614619022], "translation": [-235.67795902843605, 3058.8625234494707, -19.288573560123677]}