{"rotation": [-0.9997963364193357, -0.006503311715896591, 0.0023463808597698702, -0.01896014546519013], "translation": [-217.49780539132982, 3059.00260042301, -19.25466082323466]}