{"rotation": [-0.9996361271140859, -0.007254891212768604, 0.0010667384050582057, -0.025958466653814707], "translation": [-236.54764428198166, 3058.826097578426, -19.288798608623065]}