{"rotation": [-0.9996384934799457, -0.007816657259765181, 0.0030648053679098834, -0.025541910470535154], "translation": [-210.45620366429566, 3059.3243543016238, -19.207458209948623]}