{"rotation": [-0.9995359524387117, -0.007526085811178129, 0.0018862232578667761, -0.02945640807399358], "translation": [-253.5634944827855, 3057.460772426097, -19.376991731625594]}