{"rotation": [-0.9552541635196773, 0.002813938235123686, -0.009800316634093888, -0.2956104169744397], "translation": [-270.91102376238564, 3055.1628096252416, -19.2106577637215]}