{"rotation": [-0.9999516275817203, -0.008644640156848047, 0.002581634038843222, 0.003917634352093115], "translation": [-227.71553089470436, 3058.855856618771, -19.29034400548219]}