{"rotation": [-0.9492167690357752, 0.002784183272935378, -0.010171617589878239, -0.31444603972763263], "translation": [-271.1461166311611, 3054.9920051512254, -19.20132741048679]}