{"rotation": [-0.6856740527253813, -0.012124333031813065, -0.01013540762728203, -0.7277371554894758], "translation": [-274.367091205495, 3043.1457405964416, -19.027367645775783]}