{"rotation": [-0.7214908626259201, -0.0092606285872191, -0.0105213049024014, -0.6922820798262989], "translation": [-274.44635091738905, 3047.239100721391, -19.031945071738196]}