{"rotation": [-0.9989512104233115, -0.013667111825277002, 0.002543896148298789, -0.04362588498292031], "translation": [-244.36107577525283, 3058.015909929147, -19.30445617414038]}