{"rotation": [-0.9998288562759134, -0.006512095535571644, 0.0021975091357693205, -0.017176196416339558], "translation": [-218.55264612904276, 3058.964920576587, -19.259689321588493]}