{"rotation": [-0.9980519615554131, -0.008265188438945682, 0.003358460081912075, -0.0617469792082101], "translation": [-241.0294643821699, 3058.402900611428, -19.294742387828325]}