{"rotation": [-0.8596188565343793, -0.0010083646735030575, -0.013547794396209074, -0.5107551878916254], "translation": [-273.18152506426617, 3052.617638189308, -19.10535776390108]}