{"rotation": [-0.9683874459691493, 0.0015709755219926473, -0.009325198316134745, -0.2492715932504588], "translation": [-270.2884248678697, 3055.5526618630643, -19.23242634565711]}