{"rotation": [-0.9998908853099258, -0.008638821946607672, 0.00025111878508732413, -0.01198019903271917], "translation": [-234.80891541220328, 3058.8876479868964, -19.287702254699774]}