{"rotation": [-0.9995569807076388, -0.011786266354414075, 0.00045677366653745945, -0.027326134045444223], "translation": [-247.71264132268, 3057.800622601139, -19.315628281005832]}