{"rotation": [-0.9394284020391135, 0.002325752328105302, -0.010940658898737809, -0.3425626516437651], "translation": [-271.4834477820781, 3054.720086838664, -19.18614199030096]}