{"rotation": [-0.9989010711448916, -0.00796821309373403, 0.000827264421255419, -0.046178710238143184], "translation": [-238.78607885826452, 3058.6608230184024, -19.28627528974292]}