{"rotation": [-0.9988279687586972, -0.007916971626923766, 0.0008937898587923237, -0.047741088438806596], "translation": [-238.96108721731395, 3058.643972213828, -19.28385445362056]}