{"rotation": [-0.9999532088005686, -0.008333391456711806, 0.001203487541856464, 0.004763025720297565], "translation": [-231.05695995571298, 3058.902360900656, -19.29438442752728]}