{"rotation": [-0.7193651907655919, -0.009367015551703555, -0.010566593840660844, -0.6944885372913251], "translation": [-274.4491786089975, 3047.082413282917, -19.031949598196146]}