{"rotation": [-0.9999342922030696, -0.009201812953836073, 0.001694705540597877, 0.006623132781369171], "translation": [-229.2130928810111, 3058.8760981738965, -19.292492994042686]}