{"rotation": [-0.6954057322016587, -0.012173738467713167, -0.010661666767262752, -0.7184351025489627], "translation": [-274.4454795218618, 3044.669711400646, -19.031150185497975]}