{"rotation": [-0.6954058187787563, -0.012173728883557269, -0.010661672263989931, -0.7184350188279052], "translation": [-274.4454803262981, 3044.6697239003392, -19.031150173203127]}