{"rotation": [-0.9995400630323584, -0.007311314915789162, 0.0020542891662759088, -0.029359614498362798], "translation": [-252.44060134177573, 3057.529283623495, -19.365048722576283]}