{"rotation": [-0.9996434702815522, -0.0073112861208778, 0.0031064640013063398, -0.02549171041971656], "translation": [-210.03456869245994, 3059.3448066653536, -19.2023787205555]}