{"rotation": [-0.9999533224617339, -0.00886647708427432, 0.0006431435114211081, -0.0037848181300398414], "translation": [-224.44650612150767, 3058.8468540979543, -19.27797858485108]}