{"rotation": [-0.9996517230312206, -0.007027631132244765, 0.002938364153727687, -0.025266797531168377], "translation": [-209.609433436321, 3059.3679282894245, -19.199914301956774]}