{"rotation": [-0.9806631052536338, -0.0007771719272322998, -0.008814543562085712, -0.19550338569929712], "translation": [-269.4669713870296, 3055.953714383292, -19.262465361224965]}