{"rotation": [-0.9982003886475863, -0.011054673225170545, -0.006877968546440521, -0.05853607308631656], "translation": [-266.2466655219907, 3056.750627903654, -19.34360008102797]}