{"rotation": [-0.9995400633610602, -0.007311308776166953, 0.002054287452288563, -0.029359604956653424], "translation": [-252.44056806534087, 3057.5292855872262, -19.365048246509772]}