{"rotation": [-0.9995115044160985, -0.006410851246133243, 0.0009993405609905561, -0.030572125287760276], "translation": [-237.06632116896216, 3058.796598808221, -19.28755144551002]}