{"rotation": [-0.7153208266966535, -0.009881298010163842, -0.010734301501089604, -0.6986438646513217], "translation": [-274.4619559515713, 3046.7657188182675, -19.030530301025273]}