{"rotation": [-0.9995842208075415, -0.00929682022125538, 0.0010308016605925585, -0.027274385314619096], "translation": [-249.6873984901615, 3057.6929478327415, -19.3288178245045]}