{"rotation": [-0.9982435935565623, -0.006987842905209816, 0.0025607893362604513, -0.05877363637540452], "translation": [-240.33828498147705, 3058.4906746609786, -19.291471187465614]}