{"rotation": [-0.9995345406304113, -0.00826518428738611, 0.001943987123448506, -0.029302043094504692], "translation": [-254.47863285602858, 3057.4053007514635, -19.383678002015472]}