{"rotation": [-0.9986502693014185, -0.011778111803637345, -0.006241608233879758, -0.05019918359097101], "translation": [-265.884806375811, 3056.793701696916, -19.35281397367077]}