{"rotation": [-0.6923177653601196, -0.0120431055719821, -0.010530523652182702, -0.7214154028342917], "translation": [-274.4274777447553, 3044.249939235418, -19.031145415890347]}