{"rotation": [-0.9995937754840584, -0.007922762366733985, 0.0030000286198049596, -0.027212380974231135], "translation": [-256.1044240139492, 3057.307975286307, -19.40149488518284]}