{"rotation": [-0.7534015269743606, -0.00540572691412694, -0.009140042114302553, -0.6574750009691475], "translation": [-274.2885874533745, 3048.9772858654255, -19.043447520949247]}