{"rotation": [-0.9999533224432062, -0.00886647519433096, 0.0006431442902144292, -0.003784827320194942], "translation": [-224.44650238831724, 3058.846854120488, -19.277978583042813]}