{"rotation": [-0.9999371384876198, -0.008879871287997597, 0.0016035115628804594, 0.0066555022174925715], "translation": [-229.771249765445, 3058.884539513661, -19.293007720795075]}