{"rotation": [-0.6986763332706577, -0.011883045702482664, -0.010985494303259747, -0.715254845119706], "translation": [-274.46695388437234, 3045.111547903899, -19.0303959204031]}