{"rotation": [-0.9999279504173528, -0.008231002039282172, 0.00024757454258719465, -0.008734030365598165], "translation": [-234.2823120658532, 3058.897771169172, -19.288742813778143]}