{"rotation": [-0.9995664698231925, -0.01164335068853779, -0.00018414071513919264, -0.027042020674157098], "translation": [-247.9738289744409, 3057.7866500441505, -19.31229709057309]}