{"rotation": [-0.9987525361056991, -0.007635132250471135, 0.0010660032233345872, -0.04933497760291259], "translation": [-239.13445207672734, 3058.6268258589107, -19.286503756285747]}