{"rotation": [-0.9984453165135314, -0.006864430652309429, 0.0018879664313677775, -0.05528349759890129], "translation": [-239.8204441389092, 3058.552430764076, -19.289612888382493]}