{"rotation": [-0.9993025697053172, -0.006773496129242268, 0.0008347581681690468, -0.03671235635774006], "translation": [-237.75308219743232, 3058.748881630976, -19.286154511314592]}