{"rotation": [-0.999042399206787, -0.007883168605977183, 0.0008763372517390449, -0.0430275757264791], "translation": [-238.4405642947235, 3058.691968929408, -19.285523413417895]}