{"rotation": [-0.9998183067882237, -0.006250286343735907, 0.0022187627997662302, -0.01787077008383233], "translation": [-218.13236236341194, 3058.980016672185, -19.257470030087493]}