{"rotation": [-0.968385248092123, 0.001571316121709137, -0.009325233468340717, -0.24928012809681388], "translation": [-270.2885472515517, 3055.552593431159, -19.232421644314183]}