{"rotation": [-0.9995762622178506, -0.00767223721487221, 0.0022727740973897837, -0.02798691273813558], "translation": [-255.6384860591066, 3057.335817295793, -19.393292823583494]}