{"rotation": [-0.9998338392594016, -0.009225479591220383, 0.00039030906641029136, -0.015717253479845473], "translation": [-235.3306988798429, 3058.8736840614524, -19.28788833272655]}