{"rotation": [-0.6833262470900557, -0.012058557563624043, -0.010056342636750861, -0.7299443137665208], "translation": [-274.326271052291, 3042.6172422646714, -19.025744404828572]}