{"rotation": [-0.9788738065208531, -0.0004996522075179989, -0.008853763300447836, -0.20427293538417343], "translation": [-269.6035085547363, 3055.89398141759, -19.259444682187315]}