{"rotation": [-0.9979138510015444, -0.011035403835454725, -0.007325794794544882, -0.0631862213784324], "translation": [-266.42300025348754, 3056.7291042726856, -19.339061175370524]}