{"rotation": [-0.9995664694822198, -0.01164335801283299, -0.00018412238416671658, -0.02704203024891535], "translation": [-247.97382024280347, 3057.786650501751, -19.312297089813427]}