{"rotation": [-0.9996918743410524, -0.00913493391224989, 0.004413877545559101, -0.022654514868013297], "translation": [-258.438363851815, 3057.178774293168, -19.420125912650963]}