{"rotation": [-0.772513380474721, -0.0030682385711057517, -0.010074128687761773, -0.6349111550687799], "translation": [-274.1621889893162, 3049.762327360437, -19.050800567962003]}