{"rotation": [-0.9998446887374184, -0.006977337939786053, 0.0021514679960965115, -0.016040147889303732], "translation": [-219.17845792115784, 3058.9447603758554, -19.264101987203784]}