{"rotation": [-0.9995521764803798, -0.017179958820732928, -0.004957489877305171, -0.023994141000878186], "translation": [-263.9997947327867, 3056.9305775796006, -19.386730301213287]}