{"rotation": [-0.9980115795946074, -0.00988379763419766, 0.004128273838877415, -0.06211404748133969], "translation": [-241.7226348004341, 3058.3132791456246, -19.298800406637763]}