{"rotation": [-0.8342293950760914, 9.977534570953252e-05, -0.014546937617497743, -0.5512256280705856], "translation": [-273.52541411270124, 3051.9004421213504, -19.08097947246772]}