{"rotation": [-0.7725099035680079, -0.003068279593154198, -0.010073571329707317, -0.6349153941355892], "translation": [-274.1622137518644, 3049.762190726935, -19.05080001791274]}