{"rotation": [-0.7370735272353474, -0.007998837037855876, -0.010125766497909255, -0.6756893538510986], "translation": [-274.378742320347, 3048.1816922032003, -19.035750464091297]}