{"rotation": [-0.9998573564906833, -0.007787544994680899, 0.0022162264916890076, -0.014822589333720054], "translation": [-219.80437321024493, 3058.926687336543, -19.266934960069257]}