{"rotation": [-0.9993595917880743, -0.006570427777086211, 0.0008876328699181316, -0.03516316094846835], "translation": [-237.5840960451953, 3058.7616576891596, -19.28605808185169]}