{"rotation": [-0.6738264570206223, -0.008781574791185935, -0.01590484956720843, -0.7386662477218429], "translation": [-273.897013307831, 3038.4093268321767, -19.02952972569593]}