{"rotation": [-0.9990946602149544, -0.01410994199978216, 0.0023513125996270337, -0.04006545639059277], "translation": [-244.71798394096257, 3057.9865212541667, -19.30521542986747]}