{"rotation": [-0.9999404737448413, -0.008752152423865922, 0.0014780840249331677, 0.006345396954258248], "translation": [-230.14007235345596, 3058.8898727527285, -19.29504296559476]}