{"rotation": [-0.9998288549916571, -0.0065120288776082755, 0.002197516912401413, -0.017176295450093502], "translation": [-218.55258557390368, 3058.964922520872, -19.259689109286054]}