{"rotation": [-0.9999552058715165, -0.008850499256326394, 0.0006670803913639402, -0.003287843840311329], "translation": [-224.64345345245204, 3058.846329594411, -19.27768738480911]}