{"rotation": [-0.7172680765812527, -0.009668144227170643, -0.010670586670643365, -0.6966485282297935], "translation": [-274.45926336396025, 3046.924156398558, -19.030941668404004]}