{"rotation": [-0.9999115703135352, -0.008972320213892387, 0.0020913183855204827, -0.00959038114518396], "translation": [-222.05541998607075, 3058.87471470724, -19.27627919134985]}