{"rotation": [-0.9999516274172439, -0.008644614456516753, 0.0025816343249657164, 0.003917732854080952], "translation": [-227.71557267480998, 3058.8558571025424, -19.29034403685456]}