{"rotation": [-0.6776314200022666, -0.012053593098747343, -0.010812556905510752, -0.735223406953483], "translation": [-274.1492091722663, 3040.67282972659, -19.0244578942593]}