{"rotation": [-0.952277525119249, 0.002770460430296325, -0.010008293233079786, -0.3050568369473515], "translation": [-271.02917649920613, 3055.0788027086983, -19.206111881977417]}