{"rotation": [-0.9996981755997707, -0.007040027510786593, 0.002854177760268911, -0.023363419793562906], "translation": [-214.50878231615744, 3059.1257379861167, -19.23619589657925]}