{"rotation": [-0.8854498126421452, -0.0013028848728467717, -0.012395628781180066, -0.46456784237624255], "translation": [-272.7694450293532, 3053.2921043962447, -19.1304454775902]}