{"rotation": [-0.9997488437144337, -0.012181420435648863, 0.002602740050370177, -0.01863030413206144], "translation": [-260.2427273812862, 3057.092171998318, -19.423199578308857]}