{"rotation": [-0.9769802176779403, -0.00015185162887316133, -0.008923544784921298, -0.2131431480379294], "translation": [-269.7435129270384, 3055.8304772939136, -19.254573084157318]}