{"rotation": [-0.9996407154735427, -0.007594264744404218, 0.0030645538744623613, -0.025522061438805775], "translation": [-210.242857206271, 3059.3346147996963, -19.20634442238957]}