{"rotation": [-0.9997276977179973, -0.006324657302779935, 0.0025720622150606216, -0.022313978162507454], "translation": [-215.3622549797251, 3059.088123392364, -19.242885274428282]}