{"rotation": [-0.9995331780185188, -0.008021105918123564, 0.0019870582242185043, -0.029413253809531026], "translation": [-254.02022939593925, 3057.4325919948456, -19.380685793026306]}