{"rotation": [-0.9998122417106223, -0.006252708229648816, 0.0022227936693647995, -0.01820560775361517], "translation": [-217.91986231653235, 3058.9873334580648, -19.25734001183934]}