{"rotation": [-0.9999532087760332, -0.008333388917693663, 0.001203487521928293, 0.004763035318586585], "translation": [-231.0569559125199, 3058.9023608505217, -19.294384423168104]}