{"rotation": [-0.9995115055683241, -0.006410854340835305, 0.0009993438642990622, -0.03057208686046064], "translation": [-237.066316805013, 3058.7965990760886, -19.287551462205602]}