{"rotation": [-0.9999533225091081, -0.008866481916787716, 0.0006431415200761628, -0.003784794631161997], "translation": [-224.446515667134, 3058.8468540403383, -19.27797858947471]}