{"rotation": [-0.9998639310427616, -0.007783363569763299, 0.002259609439815135, -0.014367770057879968], "translation": [-220.01010249989585, 3058.9216142088576, -19.26849439218817]}