{"rotation": [-0.9987494872423074, -0.013310169121331455, 0.00283141543218115, -0.04810700799093662], "translation": [-243.9318655155918, 3058.055787408756, -19.304964079375083]}