{"rotation": [-0.939428649755792, 0.002325772991280173, -0.010940633412683727, -0.34256197298960644], "translation": [-271.483439861471, 3054.720093659345, -19.18614234996729]}