{"rotation": [-0.9998237746580056, -0.006308025656908089, 0.0022051452214183445, -0.017543254415357708], "translation": [-218.34138979277054, 3058.9718337524123, -19.25942952529849]}