{"rotation": [-0.746504826005754, -0.006755267511959816, -0.009714810999564186, -0.665274780491643], "translation": [-274.3309793993031, 3048.6617171361363, -19.03926470410215]}