{"rotation": [-0.9984478272936752, -0.012149529063391692, 0.0035265246321411754, -0.054239180857531905], "translation": [-243.29840829700873, 3058.1208771070615, -19.30212069744419]}