{"rotation": [-0.7193652528126016, -0.009367010778363659, -0.01056659283609791, -0.6944884731014446], "translation": [-274.44917855788884, 3047.082417824822, -19.03194958883261]}