{"rotation": [-0.9998338371061405, -0.009225493720265989, 0.0003903108551253783, -0.015717382118703604], "translation": [-235.33071579766533, 3058.873683550488, -19.287888258524017]}