{"rotation": [-0.9999166073501058, -0.00895910630492887, 0.0019403918834821465, -0.009096572926654804], "translation": [-222.2567358292448, 3058.871486716149, -19.276679017963747]}