{"rotation": [-0.6954050530357696, -0.012173813651890407, -0.010661623647451188, -0.7184357593095487], "translation": [-274.44547321124736, 3044.6696133451533, -19.031150281957625]}