{"rotation": [-0.9769801159574889, -0.0001518334526302767, -0.008923549068069254, -0.21314361412513377], "translation": [-269.7435202210605, 3055.8304738957913, -19.254572829912973]}