{"rotation": [-0.6776315248573946, -0.012053652903826359, -0.010812494666634594, -0.7352233102467579], "translation": [-274.1492149866121, 3040.672876235171, -19.024457050029056]}