{"rotation": [-0.9997067348191293, -0.006637644532386832, 0.002835267921345589, -0.023115953109291994], "translation": [-214.7223344670313, 3059.1162650777374, -19.237910859041058]}