{"rotation": [-0.6954056294830553, -0.012173749838745357, -0.010661660245721825, -0.7184352018790172], "translation": [-274.44547856744225, 3044.6696965705023, -19.031150200085495]}