{"rotation": [-0.9988692196480334, -0.013503800463794732, 0.0026562789851905725, -0.045506852173222985], "translation": [-244.1828921561832, 3058.032567017608, -19.30396817814372]}