{"rotation": [-0.9985210273382426, -0.006897356518712478, 0.0016572254253261886, -0.05390211536038427], "translation": [-239.6498972686222, 3058.5717004313938, -19.2887460133193]}