{"rotation": [-0.6975346296498937, -0.011933881381507213, -0.010857437019518721, -0.7163694151593332], "translation": [-274.46203915602587, 3044.9641252772553, -19.03050991983543]}