{"rotation": [-0.9999389062580586, -0.009026344497943095, 0.0010918087496474694, -0.0062862397421716105], "translation": [-223.4596439848866, 3058.854750558742, -19.276155234017942]}