{"rotation": [-0.9997792661509405, -0.006759733911861207, 0.0024597313563288286, -0.019740179679589964], "translation": [-217.07329399117975, 3059.0174340868894, -19.252687466420646]}