{"rotation": [-0.999942750134515, -0.008934258846466722, 0.0020762455293406178, 0.0055104153009680416], "translation": [-228.4684429719838, 3058.864476470049, -19.291550620113068]}