{"rotation": [-0.9988692092779751, -0.013503782748541374, 0.0026562964727998976, -0.045507084030091696], "translation": [-244.18287025539746, 3058.032568967624, -19.303968092533335]}