{"rotation": [-0.9996715715186908, -0.0077237549452261215, 0.0009493516871862987, -0.024417031725236668], "translation": [-236.37253227179883, 3058.834233918679, -19.28734919777431]}