{"rotation": [-0.9998710670334422, -0.007715146593204273, 0.002244367427013861, -0.013902828392228025], "translation": [-220.21512604918286, 3058.9157043035993, -19.270710552459832]}