{"rotation": [-0.9993025559161692, -0.006773560853623215, 0.0008347567393858627, -0.036712719784289666], "translation": [-237.75312078716254, 3058.7488786057997, -19.286154471834518]}