{"rotation": [-0.9997665446833757, -0.0067677038395204375, 0.0023028805654412396, -0.020389974441025648], "translation": [-216.64457863956298, 3059.0339438079895, -19.25119166826643]}