{"rotation": [-0.723852355829503, -0.009090213255667652, -0.010394390504045658, -0.6898167087198558], "translation": [-274.4291471781139, 3047.393232190264, -19.033326438055855]}