{"rotation": [-0.7929397885629615, -0.004275982773204332, -0.0134077947576248, -0.6091374547052466], "translation": [-273.9914743444621, 3050.5301172950135, -19.059023360019356]}