{"rotation": [-0.8342289716969001, 9.974698644501504e-05, -0.014546953629408575, -0.5512262683981735], "translation": [-273.52541924340005, 3051.9004295192467, -19.080979200329143]}