{"rotation": [-0.8896858872333399, -0.0009705087795667407, -0.012424330971196138, -0.45640301945807926], "translation": [-272.69648497841735, 3053.398934534231, -19.132344532111823]}