{"rotation": [-0.999804566358785, -0.006338876151753547, 0.002288996525788667, -0.018585161612414726], "translation": [-217.7095788255713, 3058.994504849367, -19.255796516513485]}