{"rotation": [-0.9999115709011273, -0.008972310573151576, 0.002091303713434808, -0.009590332100458867], "translation": [-222.05543899133235, 3058.874714336656, -19.276279222076862]}