{"rotation": [-0.9998523151532328, -0.007647290753893785, 0.002126920309265972, -0.015242802788330189], "translation": [-219.59338443714847, 3058.9322579222376, -19.267655573142076]}