{"rotation": [-0.9288967069046853, 0.0010920516873768346, -0.01238699251412906, -0.37013008218894927], "translation": [-271.79820983953846, 3054.434979521798, -19.171136833803565]}