{"rotation": [-0.6753652144812908, -0.009188567389451665, -0.014487949567035181, -0.73728386433945], "translation": [-274.0166499993111, 3039.565105859889, -19.029771752952104]}