{"rotation": [-0.9996361293435424, -0.00725491549626304, 0.0010667399256137386, -0.025958373950113512], "translation": [-236.54763384502067, 3058.8260980895025, -19.288798615592473]}