{"rotation": [-0.9999405286943307, -0.008099573062446226, 0.000332009758828665, -0.0072955986888393965], "translation": [-234.02811809747715, 3058.901034049677, -19.290689750462715]}