{"rotation": [-0.9995400638428052, -0.007311299777936636, 0.0020542849402687005, -0.029359590972324184], "translation": [-252.44051929539805, 3057.5292884652713, -19.365047548786926]}