{"rotation": [-0.9995400629702995, -0.007311316074949832, 0.0020542894898767173, -0.029359616299837438], "translation": [-252.4406076243666, 3057.5292832527416, -19.365048812457655]}