{"rotation": [-0.7465021353396781, -0.006755730150191566, -0.00971502098401171, -0.6652777919115584], "translation": [-274.33099177812335, 3048.6615879665196, -19.039264337724664]}