{"rotation": [-0.9999519456487462, -0.008783982784322977, 0.0007125704558986975, -0.004294215071103696], "translation": [-224.2502150462558, 3058.8486682026723, -19.276991043014295]}