{"rotation": [-0.9995903561941173, -0.01040096461762383, -0.0005653395862175016, -0.026657459179244624], "translation": [-248.71093109685853, 3057.746923417442, -19.31799666025795]}