{"rotation": [-0.9997132399223536, -0.015966674517151436, -0.0014417644724120029, -0.01778832606008662], "translation": [-262.79045225975494, 3056.985196514189, -19.40619142264979]}