{"rotation": [-0.9999242838201886, -0.00909470768220726, 0.0015337512358424925, -0.008146197027121438], "translation": [-222.65926894510065, 3058.8645034257675, -19.27708803707287]}