{"rotation": [-0.9994336785105353, -0.013137791366401693, 0.002951951269018384, -0.030838396206973703], "translation": [-245.79135430738347, 3057.913167731649, -19.312097229824325]}