{"rotation": [-0.7607516710076729, -0.004114618052420555, -0.009030694360061, -0.6489671883359676], "translation": [-274.2445010211112, 3049.294058265358, -19.046361374437538]}