{"rotation": [-0.999944820397894, -0.008880631491491292, 0.0022309491460118804, 0.005149117365514228], "translation": [-228.28018799916066, 3058.8622224784094, -19.291186515193232]}