{"rotation": [-0.9996428274497607, -0.007271299018232318, 0.002903882687794355, -0.025552166330291948], "translation": [-211.30415773857212, 3059.2811856130606, -19.211697365471732]}