{"rotation": [-0.9659827231098194, 0.0018992265681694466, -0.009473789961584676, -0.25842604144231396], "translation": [-270.4148586520457, 3055.4794840344334, -19.22845311764397]}