{"rotation": [-0.9996771671771368, -0.009041695804925441, 0.004570660490646851, -0.02330060566477405], "translation": [-258.1238131013854, 3057.193404511106, -19.42074721069821]}