{"rotation": [-0.9922538624102929, -0.004069860183479371, -0.00991552882577295, -0.12376344798868416], "translation": [-268.1005148851046, 3056.410937233338, -19.296983848195232]}