{"rotation": [-0.9999615055123071, -0.0085037266080923, 0.0010776945838948519, -0.0018742202962837352], "translation": [-225.22682468235274, 3058.8442045045754, -19.281025479782944]}