{"rotation": [-0.9060185690034608, -0.0001722321540603312, -0.013347517732370447, -0.42302738295220377], "translation": [-272.3654926904359, 3053.8280485048363, -19.14525158697422]}