{"rotation": [-0.9997618224469336, -0.006559180053001659, 0.002262582015531054, -0.020691937010380673], "translation": [-216.43121937338435, 3059.04226592512, -19.249694617355072]}