{"rotation": [-0.9984478311277817, -0.01214954671063675, 0.0035265175325649924, -0.054239106786960804], "translation": [-243.29841718938394, 3058.120876112085, -19.302120712099917]}