{"rotation": [-0.9996381564052411, -0.007751065934775055, 0.0030293529261793163, -0.02557929350967346], "translation": [-210.66630274353506, 3059.3128505260242, -19.208624396870285]}