{"rotation": [-0.9999501814093975, -0.00991462398662463, 0.0011277873234028341, -0.0002510503338352514], "translation": [-232.50763794818917, 3058.9084579856485, -19.295227744035916]}