{"rotation": [-0.9999342920629262, -0.009201818089828137, 0.0016946947198088014, 0.006623149572763123], "translation": [-229.21310839584513, 3058.8760984607175, -19.292492992051205]}