{"rotation": [-0.9980569749864612, -0.010246850142788502, 0.004083471988259529, -0.06132374743561266], "translation": [-242.07052388594022, 3058.269358631782, -19.299661602172595]}