{"rotation": [-0.8896860442272418, -0.0009705018936893386, -0.01242433829003905, -0.4564027132384415], "translation": [-272.69648214580553, 3053.3989385984355, -19.13234462847857]}