{"rotation": [-0.9999487798431852, -0.008324887231331821, 0.0005121867172097227, -0.005733376620942315], "translation": [-233.7533603925642, 3058.9041589227404, -19.290530047443387]}