{"rotation": [-0.8511228829218143, -0.0004557226778377455, -0.014051769752170738, -0.5247782181555675], "translation": [-273.3053055069035, 3052.3840235415882, -19.095806868982688]}