{"rotation": [-0.6986764237858489, -0.01188304577780544, -0.010985500351830718, -0.7152547566083567], "translation": [-274.46695370658375, 3045.1115585948683, -19.030395945378068]}