{"rotation": [-0.6778859209429524, -0.012176636053130917, -0.010606975075109337, -0.7349897276843472], "translation": [-274.16322969367366, 3040.786053000533, -19.0224492816777]}