{"rotation": [-0.9806630673855252, -0.0007771663347590071, -0.00881454219924625, -0.19550357573282034], "translation": [-269.4669745503526, 3055.9537130429503, -19.26246524263559]}