{"rotation": [-0.9995314441278706, -0.011691101234645349, 0.003448682144208776, -0.028076982441905127], "translation": [-246.69368880014812, 3057.859401097154, -19.317630288048946]}