{"rotation": [-0.9998856059705298, -0.00749723903894213, 0.002155484064067866, -0.01295840531041715], "translation": [-220.62769633240933, 3058.905878546993, -19.271119712574727]}