{"rotation": [-0.7214924146178009, -0.009260594156008582, -0.010521334499936901, -0.6922804623598686], "translation": [-274.44634918411145, 3047.2392117624336, -19.031945188346704]}