{"rotation": [-0.6759859658439589, -0.010178193650998596, -0.013413758443220706, -0.7367220978363821], "translation": [-274.05507539153524, 3039.8978087046294, -19.030669637998038]}