{"rotation": [-0.9634668124965194, 0.0022975386625808036, -0.009459088666261337, -0.26765079520803653], "translation": [-270.54406339135835, 3055.4024889715856, -19.223274119924948]}