{"rotation": [-0.9980049048265638, -0.009497505750385823, 0.0039927860747299105, -0.06229016765111709], "translation": [-241.54830308884928, 3058.3359111345935, -19.297847100805203]}