{"rotation": [-0.9020374063274046, -0.0005305919321522064, -0.013273376862239603, -0.431453419878674], "translation": [-272.4534623862287, 3053.720247552615, -19.14112296297058]}