{"rotation": [-0.6789268804061155, -0.012399103363003193, -0.010158551540598755, -0.7340308965761665], "translation": [-274.2164362264791, 3041.2514089286865, -19.01725826662226]}