{"rotation": [-0.9706824537319413, 0.0012208844786356686, -0.009289823556815204, -0.24018281086770313], "translation": [-270.153723700373, 3055.6257316661813, -19.23826839598968]}