{"rotation": [-0.9999604622248793, -0.008533567648321031, 0.0008578805165215701, -0.002348670095329279], "translation": [-225.03121757809572, 3058.8443699360178, -19.280811308136418]}