{"rotation": [-0.9996735525217653, -0.01659071520372336, -0.00269319475231504, -0.019242745634877472], "translation": [-263.2028325275639, 3056.9705894049557, -19.399193193313902]}