{"rotation": [-0.9359962208543551, 0.001976318358686967, -0.011358261685553017, -0.35182120260665506], "translation": [-271.58949490860397, 3054.627020677276, -19.181673352544603]}