{"rotation": [-0.9996396787312524, -0.007546767496356059, 0.003050036660705715, -0.025578433939609638], "translation": [-210.8803665778055, 3059.3023020342375, -19.209058534678917]}