{"rotation": [-0.9997665443042297, -0.006767687061600129, 0.0023028675143822084, -0.020390000074204273], "translation": [-216.6445584890626, 3059.033944584869, -19.25119152223462]}