{"rotation": [-0.7025137074433062, -0.011557584604843142, -0.010943584554361306, -0.711492200273105], "translation": [-274.4616093670736, 3045.556196557539, -19.03133572581272]}