{"rotation": [-0.9997067348010256, -0.006637645458240115, 0.002835268021817265, -0.02311595361405272], "translation": [-214.72233394944593, 3059.1162651005943, -19.23791085742139]}