{"rotation": [-0.9997547826769058, -0.012769071760346402, 0.0025320249662621037, -0.017914077442121725], "translation": [-260.6795742905154, 3057.0723032133155, -19.425211465701548]}