{"rotation": [-0.6799690284729372, -0.012372680420513668, -0.010185812726128451, -0.7330656766728956], "translation": [-274.2470579270712, 3041.6072417221844, -19.01829459057788]}