{"rotation": [-0.9980519590646859, -0.008265220159694848, 0.003358474612266995, -0.06174701443092637], "translation": [-241.02947630747445, 3058.402899073354, -19.294742457295797]}