{"rotation": [-0.8011955846356654, -0.003735676445819685, -0.013910683850907168, -0.5982291975126312], "translation": [-273.907520761519, 3050.8236172813654, -19.06290843640153]}