{"rotation": [-0.9998523151601807, -0.007647291970419125, 0.0021269204464747977, -0.015242801703108383], "translation": [-219.59338503559798, 3058.932257904982, -19.267655577518937]}