{"rotation": [-0.9996434700345758, -0.0073113052807556225, 0.0031064678408853678, -0.025491714141607703], "translation": [-210.03458901785635, 3059.3448056537304, -19.202378936791376]}