{"rotation": [-0.9984947016819783, -0.012369329762547905, 0.003435044363111849, -0.05332476783321182], "translation": [-243.40290326092378, 3058.1095274847353, -19.302528932432246]}