{"rotation": [-0.8259058572721185, -0.0008451177710292417, -0.01466979190731787, -0.5636165344495815], "translation": [-273.63076454555204, 3051.6434854016297, -19.074523635461894]}