{"rotation": [-0.9988269640794352, -0.012313908309637545, -0.006101817212139206, -0.04643093060353473], "translation": [-265.7002063416043, 3056.8114660506467, -19.357706896882966]}