{"rotation": [-0.9999459575822396, -0.008906832054638499, 0.0008433418605636649, -0.005295189533401193], "translation": [-223.85402165843882, 3058.8508610997123, -19.277787457443807]}