{"rotation": [-0.8896860675231023, -0.0009705008719139707, -0.012424339376060778, -0.4564026677993939], "translation": [-272.69648172548347, 3053.398939201511, -19.132344642778158]}