{"rotation": [-0.9020375553376867, -0.000530577918669834, -0.01327337710015421, -0.431453108353433], "translation": [-272.45345926378565, 3053.7202514756996, -19.14112307951938]}