{"rotation": [-0.9998910123199519, -0.007562710403131342, 0.0021577640449036047, -0.012494516695998692], "translation": [-220.83468424428077, 3058.899852180609, -19.27117573771677]}