{"rotation": [-0.9984478166129191, -0.012149479903208665, 0.0035265444095318693, -0.054239387196978205], "translation": [-243.29838352539304, 3058.120879878789, -19.30212065661681]}