{"rotation": [-0.6796508421136881, -0.012383423007314029, -0.010239153301335598, -0.7333597639552147], "translation": [-274.2340673264765, 3041.4890219337, -19.019373244191836]}