{"rotation": [-0.9995746160142872, -0.011392581963361447, -0.0005849168676181689, -0.026841273597884057], "translation": [-248.15386274740717, 3057.7771976264944, -19.314234043424825]}