{"rotation": [-0.9983723931163768, -0.006916228008668241, 0.002096215649403791, -0.05657151521006006], "translation": [-239.99033045656802, 3058.532802421385, -19.290696932384137]}