{"rotation": [-0.9980099941209759, -0.009060734278951418, 0.003850068978180366, -0.06228267574405587], "translation": [-241.37514014581367, 3058.3580363142955, -19.297170761736652]}