{"rotation": [-0.885449800336405, -0.0013028860944174873, -0.012395628680830714, -0.4645678658297973], "translation": [-272.76944524345544, 3053.292104078124, -19.130445469003426]}