{"rotation": [-0.9996542987841635, -0.007083650138071181, 0.002183789120496916, -0.025225698962388337], "translation": [-212.582683458041, 3059.216570816637, -19.221566863014285]}