{"rotation": [-0.9997618223292218, -0.00655917492533394, 0.0022625802782356994, -0.020691944513190483], "translation": [-216.43121419955864, 3059.0422661475964, -19.24969457221964]}