{"rotation": [-0.6912831916503386, -0.012017990506299502, -0.010451711567043095, -0.7224083876667209], "translation": [-274.4272738897576, 3044.106987580021, -19.029790697533787]}