{"rotation": [-0.9996423729031129, -0.009039876198557619, 0.004236144357757752, -0.02480850692663305], "translation": [-257.51053783890717, 3057.226219180734, -19.417147920758314]}