{"rotation": [-0.9997363643098199, -0.015270063869325227, 1.361495414251743e-05, -0.017147210870654434], "translation": [-262.38057672272663, 3057.004397540981, -19.41209588147651]}