{"rotation": [-0.9999356418476798, -0.008993489013738577, 0.0016097263500028723, 0.0067259273789318265], "translation": [-229.58393226656986, 3058.881392155385, -19.294569822313388]}