{"rotation": [-0.8854496362598101, -0.0013029023820269319, -0.012395627342838549, -0.46456817854382854], "translation": [-272.7694480981449, 3053.2920998365166, -19.130445354513242]}