{"rotation": [-0.9968079307391309, -0.009625432933938735, -0.008511070966885387, -0.07879633194129743], "translation": [-266.94391650848456, 3056.6523142722194, -19.325417009735272]}