{"rotation": [-0.9999517951133495, -0.009680746873669514, 0.0012435038119093303, 0.0010697138999109814], "translation": [-232.14214811256892, 3058.9085316591427, -19.29634074298116]}