{"rotation": [-0.9993897275747899, -0.013550422649168187, 0.0027393391765444548, -0.03207887910903068], "translation": [-245.61216121369688, 3057.9236268306704, -19.310548434036896]}