{"rotation": [-0.9998910130805959, -0.007562736161714432, 0.002157764666670376, -0.012494440125556517], "translation": [-220.8347197973499, 3058.8998512446256, -19.271175875836757]}