{"rotation": [-0.9995401530420724, -0.008252592345771867, 0.0019279162738176222, -0.029114606558325238], "translation": [-254.70908358751385, 3057.390849963734, -19.38538252757423]}