{"rotation": [-0.9252378159373386, 0.0006190692425623693, -0.012760281537006658, -0.37917248835836304], "translation": [-271.9003305290795, 3054.335083853995, -19.16582116110453]}