{"rotation": [-0.6746763018445915, -0.008781115643867105, -0.015355359052434061, -0.7379017500221324], "translation": [-273.9686864472729, 3039.1280833196997, -19.03045351530869]}