{"rotation": [-0.9985990299395807, -0.00708150229247253, 0.0014265417743685577, -0.05241941155312815], "translation": [-239.47834017348075, 3058.5903856359373, -19.286097411324068]}