{"rotation": [-0.7570016348737565, -0.004718917539079357, -0.009012637074845904, -0.6533337806884598], "translation": [-274.2683030061343, 3049.1392781107193, -19.044189087953182]}