{"rotation": [-0.9996264116743817, -0.009223838129532624, 0.004053437434870509, -0.025407233972262713], "translation": [-257.278897814138, 3057.2404617816255, -19.415233997458724]}