{"rotation": [-0.9999552058300173, -0.008850500627149448, 0.0006670790211528118, -0.0032878530496808223], "translation": [-224.64344925098652, 3058.846329604365, -19.27768738726537]}