{"rotation": [-0.9999562108350016, -0.008961560383382692, 0.0023636029509836276, 0.0012962365103743798], "translation": [-226.57794413150282, 3058.8469980716136, -19.286227448232975]}