{"rotation": [-0.8176743240972129, -0.0022008856526517196, -0.014810646630695543, -0.5754863165713767], "translation": [-273.7286679737395, 3051.3828714494452, -19.06934023903584]}