{"rotation": [-0.9980263201278767, -0.008669808110240679, 0.003609653117647133, -0.06209081384319819], "translation": [-241.20254711396763, 3058.3806216081184, -19.295271991572502]}