{"rotation": [-0.9989010760675965, -0.007968212728000381, 0.0008272716847778942, -0.04617860368697641], "translation": [-238.7860672781509, 3058.6608241182516, -19.286275306970914]}