{"rotation": [-0.9998446881508953, -0.006977337663812145, 0.0021514705001022725, -0.016040184233705113], "translation": [-219.17843562029174, 3058.9447610747366, -19.264101880228765]}