{"rotation": [-0.676698771045979, -0.011309685400112424, -0.01199038705534926, -0.7360754682091198], "translation": [-274.0947193603938, 3040.228220321216, -19.03041026083984]}