{"rotation": [-0.9359929718153709, 0.0019759616278772485, -0.011358660323471898, -0.3518298354652879], "translation": [-271.58959430984015, 3054.6269317249744, -19.181668413919187]}