{"rotation": [-0.9997515903031233, -0.013722578783182053, 0.0024252810374383524, -0.017394439623182895], "translation": [-261.11864212013984, 3057.0566922993016, -19.423371519538712]}