{"rotation": [-0.9991774013625766, -0.007495552859847205, 0.0009214621361443806, -0.039843295561303144], "translation": [-238.0962269325092, 3058.7212694164364, -19.283975539572737]}