{"rotation": [-0.9994638553062354, -0.006402368342724111, 0.0008770898765025263, -0.03209738820136464], "translation": [-237.23563078982232, 3058.7857266463184, -19.28741870372482]}