{"rotation": [-0.7117000428238672, -0.010207025052093878, -0.010866579985213983, -0.7023252687491149], "translation": [-274.4610697020449, 3046.461641512442, -19.031700835208756]}