{"rotation": [-0.999906165822694, -0.008985485050349995, 0.002203522864372699, -0.010102727114764412], "translation": [-221.85128782515753, 3058.8791320485616, -19.276281120703555]}