{"rotation": [-0.9999532087261704, -0.008333383757753575, 0.001203487481429114, 0.004763054824787083], "translation": [-231.05694769570817, 3058.9023607486356, -19.29438441430913]}