{"rotation": [-0.9252412817308793, 0.0006195409097468731, -0.012759965490309774, -0.37916404105709567], "translation": [-271.90023796766417, 3054.3351766334076, -19.16582537017199]}