{"rotation": [-0.9998387908750713, -0.006942831238735238, 0.002216882771271214, -0.0164095943473405], "translation": [-218.9720623234035, 3058.9511334506656, -19.2617809700419]}