{"rotation": [-0.9996735568459122, -0.016590679982209276, -0.0026930780215585885, -0.01924256769614156], "translation": [-263.2027918654526, 3056.9705910142115, -19.39919377786504]}