{"rotation": [-0.9995916557280844, -0.009580697017181575, 0.0003902642143835805, -0.026918018821873647], "translation": [-249.28678936379595, 3057.7161018114352, -19.324954263783578]}