{"rotation": [-0.9981345325723674, -0.007419486597817913, 0.003000474436154839, -0.06052605437598437], "translation": [-240.6857360480881, 3058.4468184728207, -19.292869388049283]}