{"rotation": [-0.7083145657503186, -0.010863025337163958, -0.010946645019025947, -0.7057284474847881], "translation": [-274.46574183099966, 3046.152385472315, -19.03056487050761]}