{"rotation": [-0.8426572308662371, 0.0002767356669980907, -0.014244107701475025, -0.5382618508514275], "translation": [-273.42031106076564, 3052.146218106394, -19.08694279269972]}