{"rotation": [-0.67555251908421, -0.009433656059557396, -0.014180819052382797, -0.7371151229376125], "translation": [-274.0293320075606, 3039.677590964424, -19.029990358650046]}