{"rotation": [-0.998302709065705, -0.01152530932031714, 0.0037400074253742793, -0.05696385399184085], "translation": [-242.94807301026842, 3058.1614935429798, -19.300661316834592]}