{"rotation": [-0.9986763722821527, -0.007294613897035273, 0.0012636184345509234, -0.05089887348364714], "translation": [-239.30697161868875, 3058.6088509556953, -19.286131250127223]}