{"rotation": [-0.9996049526711777, -0.00848350870276784, 0.003582929863815394, -0.026554308293264075], "translation": [-256.57103528724707, 3057.278214045386, -19.40918640990437]}