{"rotation": [-0.902037494378948, -0.0005305836514580846, -0.0132733770028257, -0.4314532357955832], "translation": [-272.4534605411478, 3053.7202498708016, -19.141123031840344]}