{"rotation": [-0.9806634136068598, -0.0007772174659422913, -0.008814554659480441, -0.19550183828319068], "translation": [-269.4669456285223, 3055.95372529746, -19.262466326881547]}