{"rotation": [-0.9996543691232173, -0.006975418876284363, 0.0028401954874574917, -0.025187677819836742], "translation": [-209.39966405738798, 3059.3783810113046, -19.19648338258716]}