{"rotation": [-0.9998387904237098, -0.00694282608094224, 0.002216885250349519, -0.016409623696160325], "translation": [-218.9720449899471, 3058.9511340394247, -19.261780877449304]}