{"rotation": [-0.9995565490012953, -0.006583025759708606, 0.0010004205988164597, -0.029023581431202445], "translation": [-236.8891381281413, 3058.807114493488, -19.287612790699118]}