{"rotation": [-0.9999019382638173, -0.008849681752735325, 0.0023083506422832364, -0.010605116993638747], "translation": [-221.65065259334742, 3058.88241821448, -19.274907423216277]}