{"rotation": [-0.999899606181462, -0.008497751173277335, 0.0022778081751628197, -0.011107536768855703], "translation": [-221.44445936603393, 3058.8860636347245, -19.275784451467462]}