{"rotation": [-0.999579138498324, -0.009237408168635976, 0.0012025516441339105, -0.02747307843721809], "translation": [-249.88496977607596, 3057.6810574665415, -19.333556908805516]}