{"rotation": [-0.7806000987968303, -0.003242250838989078, -0.01135069526468273, -0.624919303018305], "translation": [-274.10147334115413, 3050.0720011508556, -19.052038456549287]}