{"rotation": [-0.6753652137573269, -0.009188566948601129, -0.014487950367118365, -0.7372838649923861], "translation": [-274.0166499612015, 3039.565105526008, -19.029771753320382]}