{"rotation": [-0.8938647108542453, -0.0008201875021349132, -0.012760638334122637, -0.4481544065288473], "translation": [-272.6162000772746, 3053.510606176872, -19.135992315702048]}