{"rotation": [-0.9998337160150357, -0.006777452475534083, 0.0021944912338333154, -0.016786621629487252], "translation": [-218.76229322467753, 3058.9583566032256, -19.260491927377]}