{"rotation": [-0.9995480938169509, -0.007913314651923783, 0.001901851191367167, -0.028937355790836228], "translation": [-251.56275286703706, 3057.5828192188405, -19.35355606955358]}