{"rotation": [-0.9996157689630086, -0.009180764086206845, 0.0038564649312313563, -0.02586804378998734], "translation": [-257.0438621220949, 3057.252619100835, -19.413163293949456]}