{"rotation": [-0.681070331824824, -0.012066508343718594, -0.01003424211393708, -0.7320498046373717], "translation": [-274.2796545353298, 3041.981956746787, -19.020348902155632]}