{"rotation": [-0.6736699547510843, -0.008829859092705067, -0.016016176880349644, -0.7388060014186487], "translation": [-273.897115731947, 3038.4129896611435, -19.029854844788467]}