{"rotation": [-0.99634529361462, -0.00868793261144271, -0.008797195621333785, -0.08451736548269717], "translation": [-267.1172194261525, 3056.6234497483, -19.319875724756816]}