{"rotation": [-0.9982408674564744, -0.01120378534056936, 0.0038438943274584324, -0.058093633129520025], "translation": [-242.77315597087934, 3058.182112612029, -19.30007969968692]}