{"rotation": [-0.9982003861245741, -0.011054671119628615, -0.006877971539823618, -0.058536116156484456], "translation": [-266.2466672891951, 3056.750627695813, -19.343600031415534]}