{"rotation": [-0.9999571135937747, -0.008944075463770601, 0.002246412640959235, 0.0008532980438286221], "translation": [-226.38432466372194, 3058.845857944848, -19.287099706043033]}