{"rotation": [-0.86822971817834, -0.0017417987946470117, -0.0131291294767985, -0.49598563342913526], "translation": [-273.0536473221826, 3052.8486574654053, -19.11464425855681]}