{"rotation": [-0.999643469907064, -0.007311315172822865, 0.003106469823224412, -0.025491716063185572], "translation": [-210.03459951167014, 3059.3448051314404, -19.202379048432018]}