{"rotation": [-0.9999279506723313, -0.008230998590443628, 0.00024757588750459167, -0.008734004386069038], "translation": [-234.2823073158401, 3058.897771232115, -19.28874283881804]}