{"rotation": [-0.9997665437398503, -0.00676766208683323, 0.0023028480872332563, -0.02039003823046227], "translation": [-216.64452849404313, 3059.033945741295, -19.251191304859965]}