{"rotation": [-0.6912831400161477, -0.012017990756668364, -0.010451705882689328, -0.7224084371543079], "translation": [-274.42727323070585, 3044.1069797248642, -19.029790719482385]}