{"rotation": [-0.6903748492013059, -0.012126784412007601, -0.010248081829891929, -0.7232775992030355], "translation": [-274.4163460227414, 3043.9628481928507, -19.03000343024837]}