{"rotation": [-0.9981345299131388, -0.007419504108628169, 0.0030004827766530674, -0.060526095669277885], "translation": [-240.6857455655304, 3058.446817258168, -19.292869447732123]}