{"rotation": [-0.678392079522562, -0.0123249547593194, -0.010320622212825335, -0.7345241770618411], "translation": [-274.18974785442487, 3041.0177551676147, -19.0199102923637]}