{"rotation": [-0.9952507318574626, -0.007573320580743985, -0.009404909679074975, -0.09659282181660649], "translation": [-267.4523760300564, 3056.5597102359666, -19.311844633734697]}