{"rotation": [-0.9995387668700856, -0.0072599698324116784, 0.0020729623149832186, -0.029415118376474318], "translation": [-252.66423066694728, 3057.516066445741, -19.367240480383625]}