{"rotation": [-0.6792162612742098, -0.012323145141756761, -0.010226243457479117, -0.7337634731023669], "translation": [-274.2294929701682, 3041.373923479963, -19.016612477663536]}