{"rotation": [-0.9060185784951522, -0.00017223120147156058, -0.013347517627563171, -0.423027362627075], "translation": [-272.3654924817061, 3053.8280487566353, -19.14525159527547]}