{"rotation": [-0.999740493202706, -0.010481142085039148, 0.002697532412143936, -0.02004532938838667], "translation": [-259.5773516615066, 3057.1210802096634, -19.418718442073324]}