{"rotation": [-0.9995791371539045, -0.009237405451311192, 0.001202580793868623, -0.02747312699017498], "translation": [-249.8850086183803, 3057.681055240224, -19.333557476153924]}