{"rotation": [-0.9999539872548453, -0.009339267508131318, 0.001344599418720884, 0.0017301756995822598], "translation": [-231.96623387662342, 3058.907639801295, -19.29529112016897]}