{"rotation": [-0.9998183068566828, -0.006250286250496381, 0.0022187629480341403, -0.017870766267940208], "translation": [-218.1323647995403, 3058.9800165889415, -19.25747003823504]}