{"rotation": [-0.6827334732661471, -0.012023302435490324, -0.01004949179875864, -0.7304994540689779], "translation": [-274.32278836182195, 3042.488700324586, -19.02084792377236]}