{"rotation": [-0.999752065505476, -0.012409288263668272, 0.00264008517815766, -0.01829882598900184], "translation": [-260.46517044328675, 3057.083999656813, -19.42363998025732]}