{"rotation": [-0.9099680762015375, 0.00017992161519639964, -0.013234523144854127, -0.4144670256117049], "translation": [-272.2772421938931, 3053.9294475336574, -19.148769329475794]}