{"rotation": [-0.9997209544085149, -0.006256444464514498, 0.0026721209312976545, -0.022621449752814157], "translation": [-215.1482685608705, 3059.096862732831, -19.241620648632036]}