{"rotation": [-0.998443688800266, -0.01132530808128916, -0.006593763066177295, -0.05420756386712636], "translation": [-266.0627587405681, 3056.771607517075, -19.349581439102984]}