{"rotation": [-0.9999385036557151, -0.008827028187292474, 0.001515925811700377, 0.006540217816228767], "translation": [-229.95254516089105, 3058.8876774727114, -19.294177475726322]}