{"rotation": [-0.9999590103659998, -0.008860641448604847, 0.0017990816631042648, -0.00047950614090668583], "translation": [-225.80896003078377, 3058.844211417719, -19.283856140222397]}