{"rotation": [-0.9891788198001946, -0.0025413459056775074, -0.00987274874618991, -0.1463602844076099], "translation": [-268.5728243587709, 3056.278442361625, -19.284821256515006]}