{"rotation": [-0.9999552060654896, -0.008850492848883776, 0.000667086795946293, -0.003287800794268971], "translation": [-224.64347309076305, 3058.8463295478814, -19.277687373328316]}