{"rotation": [-0.8553379600169008, -0.0007708868180747348, -0.013859296575236994, -0.5178844463643217], "translation": [-273.24618357277143, 3052.5015201909955, -19.10017819514956]}