{"rotation": [-0.7645832285620975, -0.003778152647681586, -0.009272062839293807, -0.6444472367966477], "translation": [-274.2222982838516, 3049.4476778716726, -19.04567951782578]}