{"rotation": [-0.9999115714000524, -0.008972302387151687, 0.0020912912552955676, -0.009590290456344408], "translation": [-222.05545512879235, 3058.874714021993, -19.276279248166894]}