{"rotation": [-0.9997422231394121, -0.015107235162138898, 0.0006395740057592477, -0.016936636711966817], "translation": [-262.17194027891753, 3057.010981790191, -19.41518421391434]}