{"rotation": [-0.9996746781583661, -0.007703515257577713, 0.0026424815010484934, -0.024170457032503298], "translation": [-213.8649363122936, 3059.154945304743, -19.233059005303797]}