{"rotation": [-0.9979138438299778, -0.01103540405187315, -0.00732580512524208, -0.06318633340491793], "translation": [-266.4230044800411, 3056.7291037384607, -19.33906104803966]}