{"rotation": [-0.9996981754021177, -0.00704003616198373, 0.00285417551640268, -0.02336342591822279], "translation": [-214.50877691753027, 3059.12573823641, -19.23619586024668]}