{"rotation": [-0.9996137971096546, -0.017342938161899454, -0.003893303634535499, -0.021361678556239102], "translation": [-263.60093649453836, 3056.950352235673, -19.39472105683642]}