{"rotation": [-0.9997276974616214, -0.006324652238141415, 0.0025720667071413494, -0.022313990566583185], "translation": [-215.3622467911054, 3059.088123715556, -19.24288523555455]}