{"rotation": [-0.9958286432257889, -0.008148801332460383, -0.009132984135536957, -0.09041846586128598], "translation": [-267.2854482711343, 3056.590966248316, -19.3163334011007]}