{"rotation": [-0.7287309170313003, -0.008656279204151456, -0.010176711667127358, -0.6846698138027586], "translation": [-274.4173231813016, 3047.709830139943, -19.033812171926872]}