{"rotation": [-0.9986502594731419, -0.011778081751748996, -0.006241618427929329, -0.05019938489539207], "translation": [-265.88481607233354, 3056.7937007113037, -19.352813725327092]}