{"rotation": [-0.9999558945504876, -0.008906274357626424, 0.0024324749603314246, 0.0017234547769357865], "translation": [-226.76996967373157, 3058.847515757682, -19.28696334601477]}