{"rotation": [-0.9952506942662804, -0.00757328620457647, -0.00940492797344727, -0.09659321005311214], "translation": [-267.45238650890644, 3056.5597082232825, -19.311844317681206]}