{"rotation": [-0.9995746158437585, -0.01139258877388705, -0.0005849086151304707, -0.026841277237561884], "translation": [-248.153858200415, 3057.7771978630935, -19.31423400846886]}