{"rotation": [-0.9999558945704585, -0.008906281065220565, 0.0024324687784799096, 0.0017234172516339022], "translation": [-226.76995232331234, 3058.8475156783534, -19.286963294083794]}