{"rotation": [-0.6912827187077251, -0.012017992799546478, -0.010451659501300756, -0.7224088409472819], "translation": [-274.4272678531376, 3044.106915630859, -19.02979089857466]}