{"rotation": [-0.986724287385405, -0.0017716882022107132, -0.009574825479114835, -0.16211219732556675], "translation": [-268.87745939214244, 3056.179063897842, -19.277788684362122]}