{"rotation": [-0.9997132339446023, -0.01596683084772508, -0.0014420108745681502, -0.017788501717193837], "translation": [-262.7905232849199, 3056.985194249565, -19.40619024728022]}