{"rotation": [-0.9999427503077603, -0.008934268517412917, 0.002076272269830996, 0.005510358107466408], "translation": [-228.4684162615581, 3058.8644761257387, -19.291550637134844]}