{"rotation": [-0.9980891271707703, -0.007815247687503928, 0.0031651074278715584, -0.06121272924844104], "translation": [-240.857153547576, 3058.4249984331104, -19.294069060770084]}