{"rotation": [-0.9958286313136134, -0.008148793105968406, -0.009132991250986485, -0.09041859707925663], "translation": [-267.285451970022, 3056.590965586144, -19.316333290023003]}