{"rotation": [-0.9999498390435433, -0.008670154986682886, 0.0025113369776851423, 0.004340621601030684], "translation": [-227.90538604030482, 3058.857332640404, -19.290785752802517]}