{"rotation": [-0.9992065333975568, -0.013872571587506835, -0.0060338933995624875, -0.036843554438049785], "translation": [-265.147992626236, 3056.8599203578347, -19.366986194828737]}