{"rotation": [-0.999583536966715, -0.017414830601448696, -0.004543674172626902, -0.02255728984713978], "translation": [-263.7955962977103, 3056.93910198142, -19.39230402524759]}