{"rotation": [-0.7314300528864873, -0.00832412901955293, -0.010029258171275302, -0.6817919041694982], "translation": [-274.39776783713023, 3047.866938663452, -19.035858548172186]}