{"rotation": [-0.9996264115947056, -0.00922383777744787, 0.004053435916151523, -0.025407237477170212], "translation": [-257.2788960559251, 3057.2404618716037, -19.415233985607774]}