{"rotation": [-0.9999604620673983, -0.00853357842227346, 0.0008578685711928934, -0.0023487023610662882], "translation": [-225.03120489172372, 3058.8443699605887, -19.280811268561344]}