{"rotation": [-0.9983050732896536, -0.006971395902200916, 0.0023219376071424345, -0.057732043867013756], "translation": [-240.16279664574284, 3058.51234624003, -19.290540424088395]}