{"rotation": [-0.9997963382739374, -0.0065033093349027215, 0.0023463703012493228, -0.01896004979240701], "translation": [-217.49786151433455, 3059.002598549077, -19.254661021687266]}