{"rotation": [-0.6745126883471956, -0.0087672720207607, -0.015575902558388019, -0.7380468545149723], "translation": [-273.9569347999977, 3039.0159425940965, -19.030587547809425]}