{"rotation": [-0.9996824559058269, -0.007541358769215883, 0.0027343435507142274, -0.023888043606688916], "translation": [-214.08045445600894, 3059.1453003209886, -19.233669899417364]}