{"rotation": [-0.9995387667263951, -0.007259954270497321, 0.0020729618015622097, -0.02941512713616494], "translation": [-252.6642637385509, 3057.516064481499, -19.367240837806516]}