{"rotation": [-0.9996543687757202, -0.006975411243841119, 0.002840208798176979, -0.025187692224145828], "translation": [-209.3997119868072, 3059.378378527189, -19.19648388800661]}