{"rotation": [-0.9995401537452382, -0.00825259514063348, 0.0019279134536939768, -0.02911458181230951], "translation": [-254.7091221667028, 3057.390847732768, -19.38538274743456]}