{"rotation": [-0.9996511750088788, -0.006622844909331529, 0.002479150498368369, -0.025446415100784124], "translation": [-211.9406409173125, 3059.249324187668, -19.217219952525127]}