{"rotation": [-0.6814633118161854, -0.011921648540222459, -0.010116943892093024, -0.7316852304036785], "translation": [-274.29362085442585, 3042.111682506969, -19.019450363421775]}