{"rotation": [-0.6796509873380164, -0.012383403619105917, -0.010239103763946737, -0.7333596303856499], "translation": [-274.23407407437463, 3041.4890764567895, -19.01937226629464]}