{"rotation": [-0.7083145081573864, -0.010863035317629409, -0.010946646004283321, -0.7057285051198547], "translation": [-274.4657417082651, 3046.152380061434, -19.03056488972882]}