{"rotation": [-0.9999608918971069, -0.008628314448436852, 0.0013094578304661802, -0.0014325453960009858], "translation": [-225.42076530434844, 3058.8442561505103, -19.281993949149506]}