{"rotation": [-0.7025136704489088, -0.011557587704004073, -0.010943583547368328, -0.7114922367658049], "translation": [-274.461609193413, 3045.5561923575638, -19.031335734669156]}