{"rotation": [-0.9999448202098851, -0.008880640782505162, 0.0022309374487002594, 0.0051491429202202895], "translation": [-228.28020029020325, 3058.8622226628304, -19.291186511509135]}