{"rotation": [-0.6753652240598913, -0.009188573222243354, -0.014487938981319202, -0.7372838557006018], "translation": [-274.01665050350994, 3039.565110277399, -19.02977174807973]}