{"rotation": [-0.9993596028970848, -0.006570413340663958, 0.0008876395525769461, -0.03516284775069535], "translation": [-237.58406032794036, 3058.7616602952694, -19.286058164776588]}