{"rotation": [-0.9995330081465857, -0.008161926127770927, 0.001992038350822882, -0.02937993142488772], "translation": [-254.24982077170705, 3057.41887635183, -19.381934966567606]}