{"rotation": [-0.743262307960452, -0.007232281212586979, -0.00998404012936065, -0.6688865035388737], "translation": [-274.34565042030135, 3048.5043604653447, -19.039352779711265]}