{"rotation": [-0.9394252322000893, 0.0023254879209247546, -0.010940985019122105, -0.3425713357222832], "translation": [-271.4835491337187, 3054.7199995598676, -19.186137387963463]}