{"rotation": [-0.6977478655371687, -0.011917391918233343, -0.010879116422957075, -0.7161616694113475], "translation": [-274.4634509528084, 3044.992727299397, -19.030431832249597]}