{"rotation": [-0.9995330076327714, -0.008161955118854635, 0.001992026799228267, -0.029379941634644736], "translation": [-254.2498850816867, 3057.418872428481, -19.38193529867125]}