{"rotation": [-0.9996918748182239, -0.009134939966113125, 0.0044138696293676205, -0.022654492912780638], "translation": [-258.4383752994347, 3057.178773768921, -19.420125898255936]}