{"rotation": [-0.9997276972100825, -0.006324647269062111, 0.0025720711144658426, -0.022314002736619657], "translation": [-215.36223875698798, 3059.0881240326494, -19.24288519741422]}