{"rotation": [-0.9186310218094415, 0.00018984746138855598, -0.013202817218957214, -0.39489580314909123], "translation": [-272.07082405839407, 3054.1605557279295, -19.15806805721874]}