{"rotation": [-0.7970862627628292, -0.004118929056757069, -0.013620216574195659, -0.603697783529709], "translation": [-273.9494895680774, 3050.6730189356617, -19.060989191697175]}