{"rotation": [-0.9997515899634247, -0.013722690856453322, 0.0024252687969054843, -0.017394372438383383], "translation": [-261.11869485339207, 3057.0566905330866, -19.423371270260485]}