{"rotation": [-0.9769802687703205, -0.00015186075849286354, -0.008923542633567679, -0.21314291393018286], "translation": [-269.74350926337263, 3055.830479000731, -19.254573211859924]}