{"rotation": [-0.868229932314263, -0.0017418149011369179, -0.013129126296230961, -0.4959852586086789], "translation": [-273.05364409062446, 3052.8486631269543, -19.114644485062026]}