{"rotation": [-0.9995456259267814, -0.011868921711854219, 0.001424744849446102, -0.027670209434526215], "translation": [-247.42093175888297, 3057.817282704409, -19.31596891405955]}