{"rotation": [-0.9992818103442294, -0.0141651882044572, 0.0024425332384454346, -0.03506059026415772], "translation": [-245.25659994188052, 3057.946634833584, -19.306593094069612]}