{"rotation": [-0.7067770662162768, -0.011099538376257378, -0.010934245298265264, -0.7072647461865352], "translation": [-274.46257298415316, 3046.0010432635413, -19.031170743768893]}