{"rotation": [-0.9958286081437278, -0.00814877710498909, -0.009133005090926323, -0.09041885230541448], "translation": [-267.2854591645617, 3056.59096429818, -19.316333073970654]}