{"rotation": [-0.9988279691039299, -0.007916971847627947, 0.0008937899736249611, -0.04774108117717561], "translation": [-238.96108643936836, 3058.6439722899277, -19.28385445462094]}