{"rotation": [-0.9999597570231613, -0.008780097862028937, 0.0015751477113629603, -0.0009555759523980403], "translation": [-225.61606478936827, 3058.843607643801, -19.28294314826004]}