{"rotation": [-0.999359589813989, -0.006570430342443409, 0.0008876316824073221, -0.03516321660382153], "translation": [-237.5841023921638, 3058.761657226051, -19.286058067115878]}