{"rotation": [-0.9995596926314335, -0.011768255599605272, 0.0002404744270028098, -0.027237312619757592], "translation": [-247.78454030798852, 3057.7968002410576, -19.31539170086785]}