{"rotation": [-0.9999539872787518, -0.009339263560872281, 0.0013445996782669915, 0.0017301829879197575], "translation": [-231.9662318810511, 3058.907639790365, -19.295291132778903]}