{"rotation": [-0.999654368897197, -0.006975413911962168, 0.0028402041450652947, -0.025187687188741155], "translation": [-209.39969523181958, 3059.378379395577, -19.196483711323815]}