{"rotation": [-0.9999427501088054, -0.008934257411317871, 0.002076241561105956, 0.005510423788367912], "translation": [-228.46844693575696, 3058.864476521144, -19.29155061758693]}