{"rotation": [-0.9999543875923252, -0.008453238085686892, 0.0012559023404312404, 0.004264763772557726], "translation": [-231.24195001325546, 3058.9036699506955, -19.295548965387702]}