{"rotation": [-0.6863088765922972, -0.012113451872950183, -0.010046795456400245, -0.72713991232458], "translation": [-274.3793640912719, 3043.2794131485657, -19.026643271851427]}