{"rotation": [-0.6743743086062189, -0.008730623572139499, -0.015746751573323066, -0.7381701077115043], "translation": [-273.9454910521736, 3038.905241593648, -19.030596728756354]}