{"rotation": [-0.9995730711798891, -0.009148661928274406, 0.0013380434026357927, -0.027716186548283287], "translation": [-250.08626381634295, 3057.669722553182, -19.337198124338986]}