{"rotation": [-0.9996806742120641, -0.00908009618395724, 0.004558179852575179, -0.02313707969115313], "translation": [-258.2052316258117, 3057.1895658505073, -19.420885870919452]}