{"rotation": [-0.9979138457134208, -0.011035403995036004, -0.00732580241212969, -0.06318630398382077], "translation": [-266.42300337003724, 3056.729103878762, -19.33906108148008]}