{"rotation": [-0.7214923896371384, -0.009260594710209938, -0.010521334023538631, -0.6922804883944585], "translation": [-274.4463492120137, 3047.2392099751296, -19.031945186469652]}