{"rotation": [-0.9996746782641296, -0.007703511233721887, 0.002642482797349675, -0.024170453798942223], "translation": [-213.8649386265657, 3059.1549451929045, -19.23305902059067]}