{"rotation": [-0.9987525437204705, -0.00763516458434953, 0.001065988532500002, -0.049334818760264396], "translation": [-239.13443439873532, 3058.626827645104, -19.286503675603807]}