{"rotation": [-0.9999554351471125, -0.008597632995262405, 0.0012564181837114129, 0.0036918613158257677], "translation": [-231.42209862186027, 3058.9053063614706, -19.29569363557286]}