{"rotation": [-0.9996904720544841, -0.007364706923484044, 0.0027302835701028846, -0.02360649755979863], "translation": [-214.29132199994524, 3059.136256572113, -19.236553991722264]}