{"rotation": [-0.9995814706185829, -0.01105496711485131, -0.0007659411994046376, -0.026722362024335373], "translation": [-248.34050749964496, 3057.7672930528715, -19.31383995526937]}