{"rotation": [-0.7929399815300106, -0.004275975402221507, -0.01340780899850863, -0.6091372032501429], "translation": [-273.99147254498934, 3050.5301243305908, -19.059023414238297]}