{"rotation": [-0.9989726489580647, -0.007906385822984557, 0.0009067133878960818, -0.04461293049954878], "translation": [-238.6169416313964, 3058.676353684804, -19.285779968123187]}