{"rotation": [-0.7287309064715954, -0.008656280442191985, -0.01017671210826518, -0.6846698250198108], "translation": [-274.41732320794, 3047.709829488834, -19.033812171115393]}