{"rotation": [-0.9999511835381751, -0.009365580951914481, 0.0007938238912125817, -0.003047339440499512], "translation": [-233.2202342492454, 3058.9081515413973, -19.293680525413503]}