{"rotation": [-0.9991616086625111, -0.014183809341264219, 0.0023782013234744524, -0.038330712046330664], "translation": [-244.89824522765747, 3057.9718943918265, -19.3052186487114]}