{"rotation": [-0.9522773568028067, 0.0027704636641554497, -0.010008298037916799, -0.3050573621831306], "translation": [-271.0291829835785, 3055.078797953971, -19.2061116469279]}