{"rotation": [-0.9995383934885962, -0.007172840941143409, 0.0020274415757268066, -0.0294523305652747], "translation": [-252.88879005718942, 3057.5026603342008, -19.369295689457463]}