{"rotation": [-0.9706825872913164, 0.0012208649641432749, -0.009289818917996793, -0.24018227137456682], "translation": [-270.15371576101813, 3055.6257359008723, -19.238268709362472]}