{"rotation": [-0.9981861708961327, -0.00714168887075193, 0.0027635514154176377, -0.05971371111699851], "translation": [-240.5102727406801, 3058.469389111239, -19.29184472580715]}