{"rotation": [-0.9993897206247079, -0.01355047455940958, 0.002739314751081906, -0.0320790757905804], "translation": [-245.61213648153304, 3057.9236282718125, -19.31054823537175]}