{"rotation": [-0.909971759227593, 0.0001799238170887422, -0.01323456268834577, -0.4144589381182505], "translation": [-272.27715883766626, 3053.9295453147874, -19.148772858152057]}