{"rotation": [-0.9987842738575724, -0.013364166321956767, 0.002743968968698421, -0.047369230388722074], "translation": [-244.0018063459527, 3058.0492708611528, -19.3051749776689]}