{"rotation": [-0.9998237737790933, -0.0063080241977300985, 0.002205143741708311, -0.01754330521685508], "translation": [-218.34136268419164, 3058.9718346519935, -19.25942944667309]}