{"rotation": [-0.9997498740698698, -0.01426174194911033, 0.0021946413477314424, -0.01708729244822838], "translation": [-261.32709321658564, 3057.0445512603105, -19.424183003029725]}