{"rotation": [-0.9995981115277347, -0.00686670631692904, 0.0010558530999770195, -0.0274836123676453], "translation": [-236.7188950254956, 3058.8169687788604, -19.288295972963283]}