{"rotation": [-0.9997963369357226, -0.006503311052944706, 0.002346377919908825, -0.01896011882654448], "translation": [-217.49782101793525, 3059.00259990124, -19.25466087849093]}