{"rotation": [-0.9999242837991033, -0.009094705644648675, 0.0015337526978429518, -0.008146201614834165], "translation": [-222.65926706217905, 3058.8645034476303, -19.277088039977283]}