{"rotation": [-0.9999426838558525, -0.008966126081866544, 0.0009586553196318269, -0.0057722236804305434], "translation": [-223.65700706428422, 3058.8531775019364, -19.276565404933606]}