{"rotation": [-0.9931213209195109, -0.0047724794905261705, -0.009790274721666142, -0.11658222804301134], "translation": [-267.94295182507426, 3056.451309480527, -19.299643675479864]}