{"rotation": [-0.9999459575468437, -0.008906832643587555, 0.0008433425482793536, -0.00529519511739248], "translation": [-223.8540193758386, 3058.850861120986, -19.277787455449804]}