{"rotation": [-0.9999348376796742, -0.009128853181310443, 0.0011774575887670848, -0.006752631171956063], "translation": [-223.26030992183007, 3058.8567704593183, -19.276530630102997]}