{"rotation": [-0.999533007846236, -0.008161943074490243, 0.001992031598345685, -0.029379937392994628], "translation": [-254.24985836406424, 3057.418874058439, -19.38193516069872]}