{"rotation": [-0.999927950288735, -0.008231003778961792, 0.00024757386417754084, -0.008734043470316326], "translation": [-234.28231446187755, 3058.897771137422, -19.288742801147425]}