{"rotation": [-0.9995407071188014, -0.011828603937006776, 0.0021458493797373874, -0.027818236316982586], "translation": [-247.24509746918034, 3057.827022183538, -19.31399724381111]}