{"rotation": [-0.7262263709895337, -0.008902588439858496, -0.010311317760895647, -0.687320652042754], "translation": [-274.4237445588218, 3047.5516596448533, -19.03365227695378]}