{"rotation": [-0.9994132235818706, -0.006492431719130538, 0.0008821442303905005, -0.03361961751155311], "translation": [-237.41068307112684, 3058.7737845800943, -19.284306999224682]}