{"rotation": [-0.6850124279647205, -0.012019206903337246, -0.010274458340153394, -0.7283597652981044], "translation": [-274.3553304894018, 3043.0183836125216, -19.028282380648488]}