{"rotation": [-0.9998288555904072, -0.006512059955007388, 0.002197513286765604, -0.01717624927839338], "translation": [-218.5526138060327, 3058.9649216144026, -19.2596892082662]}