{"rotation": [-0.9999412338916085, -0.008920977804539968, 0.0019210315429304009, 0.00585273920053341], "translation": [-228.6550096359555, 3058.867200984091, -19.291575300932074]}