{"rotation": [-0.9995375864730474, -0.011747364320886139, 0.0026601664499071144, -0.027920175028224536], "translation": [-247.0567370890736, 3057.8377207420235, -19.317418209614505]}