{"rotation": [-0.8469099175468212, -9.450462050109181e-05, -0.014132563573178814, -0.5315485427282849], "translation": [-273.36439723378214, 3052.261748532219, -19.090824369920767]}