{"rotation": [-0.9994336759765836, -0.013137819451160248, 0.002951940464905163, -0.03083846739858906], "translation": [-245.79134347637049, 3057.913168350363, -19.312097147992628]}