{"rotation": [-0.9997630852285113, -0.008733970001899734, 0.0006273238450842334, -0.019927309079947202], "translation": [-235.85260703993492, 3058.8560136578512, -19.28682340435963]}