{"rotation": [-0.9968079144924639, -0.009625394399584548, -0.008511083514788496, -0.07879654082027719], "translation": [-266.94392293914456, 3056.6523132186267, -19.325416811103963]}