{"rotation": [-0.6759859383375382, -0.010178151732615813, -0.013413809135954788, -0.7367221227312848], "translation": [-274.0550739030539, 3039.897796108603, -19.030669611823193]}