{"rotation": [-0.7052278239740127, -0.011348821024961658, -0.010967648705724463, -0.7088050728064029], "translation": [-274.471462590014, 3045.85174189805, -19.029853241726435]}