{"rotation": [-0.9988279776257128, -0.007916977295536434, 0.0008937928081780701, -0.04774090192954737], "translation": [-238.9610672363969, 3058.643974168383, -19.283854479314705]}