{"rotation": [-0.99852102784939, -0.006897357294135413, 0.001657223549881345, -0.05390210584996306], "translation": [-239.64989616231034, 3058.571700553442, -19.288746000353523]}