{"rotation": [-0.9995383548044333, -0.007119845820980445, 0.0019637282533869933, -0.029470813386790695], "translation": [-253.1117105147584, 3057.4891017427667, -19.372169975480343]}