{"rotation": [-0.9997260927268391, -0.015560592377750954, -0.0006369635260039226, -0.017470024712274913], "translation": [-262.5905796268003, 3056.9977730268356, -19.408145868936273]}