{"rotation": [-0.8896859186321288, -0.000970507402391269, -0.01242433243496484, -0.456402958214156], "translation": [-272.69648441189565, 3053.398935347072, -19.132344551385163]}