{"rotation": [-0.6738264968312695, -0.008781549223446681, -0.01590481095321337, -0.7386662125411436], "translation": [-273.8970132160199, 3038.409325370151, -19.029529610349528]}