{"rotation": [-0.9996470308940402, -0.016956883383230613, -0.0033394408560678663, -0.02017736021947308], "translation": [-263.39975157221465, 3056.9582749458946, -19.39786835936342]}