{"rotation": [-0.9995115020787222, -0.006410844968309026, 0.0009993338599933008, -0.03057220324028188], "translation": [-237.06633002154467, 3058.796598264831, -19.287551411641694]}