{"rotation": [-0.9997515901869747, -0.013722617103577112, 0.0024252768521223615, -0.017394416651175262], "translation": [-261.1186601508355, 3057.0566916953917, -19.423371434304958]}