{"rotation": [-0.6807422282435708, -0.012196697704486604, -0.010116376104892005, -0.7323516356133766], "translation": [-274.2664054337823, 3041.856303056308, -19.021242342332908]}