{"rotation": [-0.8384418632919233, 0.00033145645158938795, -0.014281492888627866, -0.5448037912653149], "translation": [-273.4757024273802, 3052.0202131819296, -19.082636057918823]}