{"rotation": [-0.7645859083885328, -0.0037779168696554354, -0.009272314676690926, -0.6444440551501307], "translation": [-274.22228155693136, 3049.4477879509395, -19.04567991800316]}