{"rotation": [-0.9288967592510323, 0.0010920583063873757, -0.012386985314872192, -0.37012995103935387], "translation": [-271.7982083750507, 3054.434980936784, -19.17113690976181]}