{"rotation": [-0.9995553328631877, -0.008879095316073858, 0.0017907379607599683, -0.028409355302191276], "translation": [-250.71245778872645, 3057.6328613843766, -19.34319052310874]}