{"rotation": [-0.998599028289173, -0.007081499274481992, 0.0014265448628186473, -0.05241944331733444], "translation": [-239.47834365413834, 3058.5903852542706, -19.286097420085813]}