{"rotation": [-0.9995521843811851, -0.01718003584541195, -0.004957385095825244, -0.02399377836364177], "translation": [-263.99974508990204, 3056.9305796745366, -19.386731265093232]}