{"rotation": [-0.9324890651879306, 0.0016114036498246936, -0.01182587361500883, -0.36100096315170455], "translation": [-271.6936774197287, 3054.5320628541, -19.17678281477103]}