{"rotation": [-0.6783920846519883, -0.012324954545665042, -0.010320620194622232, -0.7345241723563462], "translation": [-274.18974811627584, 3041.0177572778302, -19.019910246768543]}