{"rotation": [-0.9992065179797536, -0.013872488370604168, -0.0060338836122356835, -0.03684400550616067], "translation": [-265.1480230204047, 3056.859918255386, -19.366985639202568]}