{"rotation": [-0.9983050719196314, -0.006971396339503053, 0.002321941803047902, -0.057732067335931336], "translation": [-240.1628002961509, 3058.512345804181, -19.290540438246026]}