{"rotation": [-0.6886137507502622, -0.012174370663508861, -0.010111370269932118, -0.7249556173779659], "translation": [-274.4040363841728, 3043.686187489384, -19.0287745512699]}