{"rotation": [-0.9999429963538544, -0.008624673939703259, 0.0014443444515386578, 0.006126410973384333], "translation": [-230.32604248725352, 3058.8928340639086, -19.293590325461977]}