{"rotation": [-0.9992818008106206, -0.014165192817254884, 0.0024425250130652144, -0.03506086069527994], "translation": [-245.25657018049833, 3057.9466367699565, -19.306592891162392]}