{"rotation": [-0.9996735566746082, -0.01659068137753937, -0.0026930826459463037, -0.01924257474533523], "translation": [-263.2027934763165, 3056.970590950459, -19.39919375470778]}