{"rotation": [-0.846906468459362, -9.406189233786683e-05, -0.014132597319687848, -0.5315540372596671], "translation": [-273.3644439641156, 3052.2616487205573, -19.090820155236564]}