{"rotation": [-0.9996824559255476, -0.007541358872116356, 0.002734343602946599, -0.02388804274294222], "translation": [-214.08045517739438, 3059.145300290797, -19.233669902537383]}