{"rotation": [-0.9996396786983252, -0.007546772782068736, 0.003050036581240453, -0.0255784336764045], "translation": [-210.88036095607865, 3059.302302304572, -19.209058532004885]}