{"rotation": [-0.9996593056572722, -0.00780514984904917, 0.0021378233730080195, -0.024814954359822054], "translation": [-213.2218386390265, 3059.1853935222343, -19.228259706863273]}