{"rotation": [-0.685674083547465, -0.012124333679163542, -0.010135405239094779, -0.7277371264713789], "translation": [-274.3670918912899, 3043.1457473008795, -19.027367617634916]}