{"rotation": [-0.9999508937099807, -0.009673623411907846, 0.0008901397190572361, -0.001959293233805099], "translation": [-232.9619339172941, 3058.908350303168, -19.295644061352018]}