{"rotation": [-0.7153207893752654, -0.009881301163635189, -0.01073430178646837, -0.6986439028146011], "translation": [-274.4619559440025, 3046.7657157834246, -19.0305303077166]}