{"rotation": [-0.9989765602334492, -0.012862411657601817, -0.006004742581389079, -0.042945704523589825], "translation": [-265.5198978320333, 3056.8281514927794, -19.360669476350058]}