{"rotation": [-0.6870432327812426, -0.012196036890824245, -0.00995580734407445, -0.7264459614271284], "translation": [-274.38887347585444, 3043.410948833196, -19.02686927229647]}