{"rotation": [-0.9999356418191772, -0.008993492191250436, 0.0016097275598181261, 0.0067259270780535415], "translation": [-229.58392880889667, 3058.881392107703, -19.294569804259503]}