{"rotation": [-0.9999561103101531, -0.008766642168126245, 0.0012334845931178482, 0.0030662606287831873], "translation": [-231.60091352715673, 3058.906613912029, -19.29611195714774]}