{"rotation": [-0.7287308723078435, -0.008656284447617216, -0.010176713535475775, -0.6846698613102729], "translation": [-274.4173232941253, 3047.709827382312, -19.033812168490055]}