{"rotation": [-0.7153208400586314, -0.009881296881143227, -0.010734301398916951, -0.6986438509879249], "translation": [-274.4619559542814, 3046.7657199048167, -19.03053029862963]}