{"rotation": [-0.9998045655580355, -0.006338892849874011, 0.00228900056836533, -0.018585198496216187], "translation": [-217.7095585989044, 3058.9945055285934, -19.255796444067826]}