{"rotation": [-0.6739674789491447, -0.008736962572503386, -0.01583655465185702, -0.7385395766922038], "translation": [-273.9092992723917, 3038.537951721208, -19.03010898670099]}