{"rotation": [-0.6776315323996047, -0.012053657205595186, -0.010812490189803136, -0.7352233032906594], "translation": [-274.1492154048377, 3040.6728795805243, -19.024456989303403]}