{"rotation": [-0.679969045203123, -0.012372676056485525, -0.010185810154599897, -0.7330656612638796], "translation": [-274.24705869811265, 3041.60724804899, -19.018294493279583]}