{"rotation": [-0.9902869280771452, -0.0029972708913637213, -0.009909003891960618, -0.1386529050853384], "translation": [-268.42033069125944, 3056.3240126136625, -19.288008409577458]}