{"rotation": [-0.9996577123979336, -0.0076062579369659804, 0.002087934023843507, -0.024944807376262153], "translation": [-213.01090866180908, 3059.196039103845, -19.224966749535444]}