{"rotation": [-0.7099365066582083, -0.010584299554990071, -0.010949511891466654, -0.7041010135670938], "translation": [-274.4679495917842, 3046.3065249876618, -19.03028095785696]}