{"rotation": [-0.6751767327682551, -0.00902239258204944, -0.014744496429781666, -0.7374534397407825], "translation": [-274.00458813796797, 3039.4580300634816, -19.0298205934825]}