{"rotation": [-0.9995553321326455, -0.008879080031930879, 0.0017907563080074465, -0.028409384626012925], "translation": [-250.71248468844155, 3057.6328598319055, -19.34319083554762]}