{"rotation": [-0.999538334010277, -0.007257027345449865, 0.001966686730104641, -0.02943784199585468], "translation": [-253.33880435387357, 3057.4743834592996, -19.374430826162712]}