{"rotation": [-0.9995615073990516, -0.008928022240075302, 0.0016401287343653613, -0.02818498399416429], "translation": [-250.50223865811176, 3057.644916223944, -19.34116424582205]}