{"rotation": [-0.9996490919158563, -0.006764420263377677, 0.0026567285936622445, -0.02547307291011364], "translation": [-211.7304114070683, 3059.260512053111, -19.21427859569899]}