{"rotation": [-0.9995615069389802, -0.008928025964652416, 0.0016401328944203248, -0.028184998888384435], "translation": [-250.5022499915682, 3057.6449155539117, -19.341164368854276]}