{"rotation": [-0.999538334034942, -0.007257024955552494, 0.0019666866426118535, -0.02943784175338196], "translation": [-253.33880218304424, 3057.4743835897634, -19.374430806752244]}