{"rotation": [-0.6878679290958627, -0.012253535972893394, -0.009989069731225708, -0.7256636834398116], "translation": [-274.3924038982916, 3043.546427301336, -19.029209988658717]}