{"rotation": [-0.9996453956676382, -0.007077008987006408, 0.002794329965907142, -0.025518436165456102], "translation": [-211.51883918877684, 3059.270861429411, -19.2120970554308]}