{"rotation": [-0.9990424048219849, -0.007883166331220114, 0.0008763408951030864, -0.04302744569150045], "translation": [-238.4405505744136, 3058.6919701738357, -19.285523477659368]}