{"rotation": [-0.9683882480005306, 0.0015708512301807202, -0.009325185488197357, -0.249268478706166], "translation": [-270.28838020726783, 3055.5526868347247, -19.2324280612651]}