{"rotation": [-0.9913107825667589, -0.0035052437111552106, -0.009935009361833546, -0.1311180430847941], "translation": [-268.26177332179077, 3056.36833077193, -19.292386583832826]}