{"rotation": [-0.6863089025516135, -0.012113450683993927, -0.01004679207348616, -0.7271398878895028], "translation": [-274.37936459743275, 3043.279418165546, -19.026643244340715]}