{"rotation": [-0.6819253785885153, -0.01214794840913468, -0.010072610902532971, -0.7312514942863129], "translation": [-274.2967824911459, 3042.2322770976366, -19.022569162473626]}