{"rotation": [-0.9998910126149394, -0.007562720392609555, 0.002157764286031994, -0.012494487001090394], "translation": [-220.8346980321746, 3058.899851817623, -19.271175791281287]}