{"rotation": [-0.711701161725949, -0.010206873486355324, -0.01086653200518349, -0.7023241378549854], "translation": [-274.46107080636125, 3046.4617394856423, -19.031700704381965]}