{"rotation": [-0.9324896041988869, 0.0016114555680166206, -0.01182579248255635, -0.36099957327414534], "translation": [-271.6936616971317, 3054.5320774868323, -19.176783644628852]}