{"rotation": [-0.9984478207209077, -0.012149498810971432, 0.0035265368028431637, -0.05423930783565299], "translation": [-243.29839305293729, 3058.1208788127383, -19.302120672319766]}