{"rotation": [-0.9997891362849058, -0.008934729019266114, 0.0005178004236782589, -0.018482030915338607], "translation": [-235.6779905455957, 3058.862522287325, -19.288573520587043]}