{"rotation": [-0.9608439638037726, 0.0026173052572656514, -0.009581062436114245, -0.2769119538366668], "translation": [-270.6645033385394, 3055.326587995311, -19.22011644838961]}