{"rotation": [-0.9999582175436784, -0.008662947145835884, 0.000746984754199223, -0.002821086208364771], "translation": [-224.8388631385225, 3058.8458328796655, -19.27797652081754]}