{"rotation": [-0.9990259134580405, -0.013905441299925539, 0.002459476135346678, -0.04180686449283048], "translation": [-244.54036525068832, 3058.000825357794, -19.304420119676912]}