{"rotation": [-0.9998045654612193, -0.00633889486879034, 0.0022890010571403442, -0.018585202955718583], "translation": [-217.70955615336283, 3058.994505610717, -19.25579643530864]}