{"rotation": [-0.694281682199536, -0.012035926293861469, -0.010758827067816515, -0.7195222928308449], "translation": [-274.4465991688265, 3044.536025804393, -19.030613435375184]}