{"rotation": [-0.9991106769805215, -0.0077607425077926406, 0.0009420606604492342, -0.04143354366891572], "translation": [-238.27087233248966, 3058.706851077686, -19.285911579178475]}