{"rotation": [-0.9867242489846023, -0.0017716762450708068, -0.00957481806576788, -0.1621124316271356], "translation": [-268.8774638612355, 3056.1790623721995, -19.27778857673689]}