{"rotation": [-0.9999368727316449, -0.008130526421944414, 0.0003345377963143147, -0.007748107912465261], "translation": [-234.10853789940265, 3058.9000401040707, -19.289085421441236]}