{"rotation": [-0.7025128824040068, -0.011557653721467815, -0.010943562096674608, -0.7114930141227706], "translation": [-274.4616054940197, 3045.5561028908537, -19.03133592333393]}