{"rotation": [-0.9981345295647681, -0.007419506402620776, 0.0030004838692947564, -0.06052610107887951], "translation": [-240.685746812357, 3058.446817099043, -19.292869455550843]}