{"rotation": [-0.8511189858278954, -0.0004554641096814102, -0.014051983837390397, -0.5247845331809745], "translation": [-273.3053589608473, 3052.383915106298, -19.095802685523548]}