{"rotation": [-0.9997132375812552, -0.015966735742087124, -0.001441860972768645, -0.017788394854020142], "translation": [-262.7904800758825, 3056.98519562728, -19.40619096233491]}