{"rotation": [-0.9999412337948055, -0.008920978118263515, 0.0019210223886295022, 0.005852758265806352], "translation": [-228.6550202611081, 3058.867201147283, -19.291575295652162]}