{"rotation": [-0.9995596925274053, -0.011768256668866507, 0.00024048097273294232, -0.027237315917623902], "translation": [-247.78453780808934, 3057.7968003743063, -19.315391708817614]}