{"rotation": [-0.9995861629305963, -0.010741392389548054, -0.000739562089952725, -0.02667542717814121], "translation": [-248.52736487118227, 3057.757469319026, -19.314548656386286]}