{"rotation": [-0.9853674342268349, -0.0014885288680392124, -0.009318054630400406, -0.17018218974069585], "translation": [-269.02768774662366, 3056.1264261496176, -19.274168667165164]}