{"rotation": [-0.9998978538889035, -0.00806597480077362, 0.002268690053806414, -0.01157907096091918], "translation": [-221.24342889949335, 3058.890763917111, -19.272974245779917]}