{"rotation": [-0.8053255951587854, -0.0033270674485451376, -0.01420373047092808, -0.5926532463802507], "translation": [-273.8645320696951, 3050.9710867081353, -19.064785187903208]}