{"rotation": [-0.9995896479268587, -0.00935622197707793, 0.0006811602340433058, -0.027065344788309045], "translation": [-249.48177057315752, 3057.704221212596, -19.328709158296494]}