{"rotation": [-0.9995842212308402, -0.00929682042048248, 0.001030783081356865, -0.02727437043532406], "translation": [-249.68738433913478, 3057.692948600456, -19.328817616360453]}