{"rotation": [-0.8176741513842184, -0.0022009098174918043, -0.014810644105495844, -0.575486561941505], "translation": [-273.7286699400042, 3051.3828657029403, -19.069340157486106]}