{"rotation": [-0.9998908856163137, -0.008638818757611355, 0.0002511187989914455, -0.011980175760218198], "translation": [-234.80891177700516, 3058.8876480724034, -19.287702269133923]}