{"rotation": [-0.9982408798791387, -0.011203859056113786, 0.0038438614186058965, -0.05809340762744481], "translation": [-242.77319351510644, 3058.182108098021, -19.300079813153175]}