{"rotation": [-0.9995565587436499, -0.0065830790546906265, 0.0010004380033183627, -0.029023233219501333], "translation": [-236.8891000448129, 3058.807116759565, -19.287613078277847]}