{"rotation": [-0.980663141041043, -0.0007771772124268125, -0.008814544850043583, -0.19550320610716942], "translation": [-269.46696839751536, 3055.9537156499887, -19.262465473298448]}