{"rotation": [-0.9070172604278877, -8.732828959652813e-05, -0.013343678499112702, -0.42088196433652475], "translation": [-272.3435743809821, 3053.8543715226197, -19.14609258735027]}