{"rotation": [-0.9999516276370792, -0.008644648807339565, 0.0025816339425370613, 0.003917601197243875], "translation": [-227.71551683191095, 3058.8558564559385, -19.290343994922548]}