{"rotation": [-0.696465529137384, -0.011993129650403922, -0.010816169293936275, -0.7174084903640165], "translation": [-274.45394233636983, 3044.821171958544, -19.031282461242416]}