{"rotation": [-0.9999582200509072, -0.008889087222286639, 0.002091682200203409, 0.00040883560211559607], "translation": [-226.19230028238673, 3058.8448767178465, -19.286784205078316]}