{"rotation": [-0.6878676066845095, -0.012253569493455912, -0.009989030077433394, -0.7256639890382505], "translation": [-274.3923983434566, 3043.546367032981, -19.029210169614764]}