{"rotation": [-0.9734444572186883, 0.0006935484065591882, -0.00913862358160179, -0.2287397937829245], "translation": [-269.98323236698394, 3055.714075074366, -19.24498664123369]}