{"rotation": [-0.9999515914662617, -0.009015027831364446, 0.0006920111623019992, -0.00388138091941599], "translation": [-233.397872251004, 3058.9067230756573, -19.294402043899193]}