{"rotation": [-0.9999532086805285, -0.008333379034633801, 0.001203487444358427, 0.004763072679668903], "translation": [-231.0569401744997, 3058.9023606553747, -19.294384406200166]}