{"rotation": [-0.9975889263910843, -0.010902531446122838, -0.007728970758019496, -0.06810089398070876], "translation": [-266.6003629375448, 3056.7057520606636, -19.333683352358314]}