{"rotation": [-0.9983050735513431, -0.006971395818671296, 0.002321936805677345, -0.057732039384186855], "translation": [-240.16279594847396, 3058.5123463232826, -19.29054042138413]}