{"rotation": [-0.9999507512557154, -0.009757242041910646, 0.0009203788262872522, -0.0015633917238253709], "translation": [-232.86471102306243, 3058.908402019702, -19.29600109948346]}