{"rotation": [-0.9995480937141474, -0.007913291406564852, 0.0019018546006836848, -0.028937365474534356], "translation": [-251.56277144020882, 3057.582818133367, -19.353556242514486]}