{"rotation": [-0.9999514896380558, -0.008809527117047869, 0.0006944741375630289, -0.004350667567105335], "translation": [-233.49799937851984, 3058.9061598920016, -19.291954785563473]}