{"rotation": [-0.9997468833544008, -0.006262048292159857, 0.002392970634107756, -0.021476258191153397], "translation": [-215.88611538735728, 3059.0656877434885, -19.244801774527254]}