{"rotation": [-0.9995914243010453, -0.007864943023566804, 0.0028491545670309413, -0.027331473675910965], "translation": [-256.0202001649894, 3057.312672226078, -19.400226574407437]}