{"rotation": [-0.813584047368607, -0.0026330390469639425, -0.014661619220872541, -0.581256485464477], "translation": [-273.774169546852, 3051.2466930557794, -19.06777323360041]}