{"rotation": [-0.9995553322735554, -0.00887908297999591, 0.0017907527691188867, -0.028409378969919928], "translation": [-250.7124794999197, 3057.632860131352, -19.343190775283112]}