{"rotation": [-0.9839058693554615, -0.0012944441454386367, -0.009098548388877, -0.17845106074059425], "translation": [-269.1762310274539, 3056.0705024672748, -19.270457773416197]}