{"rotation": [-0.9999597571541576, -0.008780081697786412, 0.0015751215899109199, -0.0009556304491714015], "translation": [-225.61604300713012, 3058.843607554597, -19.28294304248058]}