{"rotation": [-0.6954056480702322, -0.012173747781130026, -0.010661661425810202, -0.7184351839050085], "translation": [-274.44547874014773, 3044.669699254052, -19.03115019744583]}