{"rotation": [-0.6766987499813961, -0.011309657989742043, -0.011990430247092019, -0.7360754872920716], "translation": [-274.0947180588039, 3040.2282095192572, -19.030410331219127]}