{"rotation": [-0.9839058101366669, -0.0012944350493855393, -0.009098537781473508, -0.17845138785521214], "translation": [-269.1762368140343, 3056.0705002618374, -19.270457636224688]}