{"rotation": [-0.9998489457560766, -0.007265241550879952, 0.0021691721980088533, -0.0156395852772629], "translation": [-219.38877442552845, 3058.938573857877, -19.264321092636937]}