{"rotation": [-0.9984436898607415, -0.01132531037528673, -0.006593761488533736, -0.05420754404696159], "translation": [-266.0627578885211, 3056.771607621593, -19.34958145742194]}