{"rotation": [-0.6766987480194986, -0.011309655436815388, -0.011990434269852367, -0.7360754890694053], "translation": [-274.09471793757905, 3040.2282085131924, -19.03041033777398]}