{"rotation": [-0.8511225219684642, -0.0004556987288258922, -0.014051789581132615, -0.5247788030649462], "translation": [-273.3053104579654, 3052.384013498165, -19.0958064815064]}