{"rotation": [-0.9215155446818873, 0.0003362904244967067, -0.013042925518767913, -0.38812223578700933], "translation": [-271.995751936331, 3054.237324218411, -19.16219401611521]}