{"rotation": [-0.7238523892639451, -0.009090210862287215, -0.010394389349710148, -0.6898166736846856], "translation": [-274.42914711421747, 3047.393234439425, -19.033326443785324]}