{"rotation": [-0.9997048108080748, -0.009271086662069513, 0.004005576114254234, -0.02209736543773621], "translation": [-258.6651362998791, 3057.1649121583696, -19.42040039793536]}