{"rotation": [-0.9979138285450818, -0.011035404513128127, -0.007325827143192357, -0.06318657216843501], "translation": [-266.4230134881506, 3056.7291025998575, -19.339060776657362]}