{"rotation": [-0.999955012451414, -0.00877388331824474, 0.002515692148484949, 0.002581344189421155], "translation": [-227.14741009359557, 3058.850545659243, -19.28893751675321]}