{"rotation": [-0.8300277999740189, -0.00034887512343044675, -0.014678094883579918, -0.5575287284858307], "translation": [-273.580394423079, 3051.774027657898, -19.07738800664661]}