{"rotation": [-0.999654298975836, -0.00708365908734119, 0.002183780717429311, -0.02522568958110923], "translation": [-212.5826959545372, 3059.216570200582, -19.221566957664603]}