{"rotation": [-0.9980519592715285, -0.008265217525445784, 0.0033584734055939237, -0.06174701150585644], "translation": [-241.02947531713784, 3058.4028992010835, -19.294742451526844]}