{"rotation": [-0.9996483837403164, -0.0071045848640122755, 0.0030441723022856452, -0.025364675717961537], "translation": [-209.82226812596846, 3059.3570993046255, -19.201838141129336]}