{"rotation": [-0.999592664829288, -0.009834318628678531, 2.2723358551418034e-05, -0.026791604659692776], "translation": [-249.09069859005035, 3057.7267277441747, -19.323109097196358]}