{"rotation": [-0.9999019383351851, -0.008849697382025307, 0.00230834977686607, -0.010605097410859216], "translation": [-221.65066093810145, 3058.8824180840083, -19.274907417975882]}