{"rotation": [-0.6838156190512021, -0.011924134730166572, -0.010160012932507193, -0.729486660803177], "translation": [-274.3393897656947, 3042.7516526828235, -19.02514207817704]}