{"rotation": [-0.9998710665156437, -0.007715150391385269, 0.0022443715179332815, -0.013902862863346358], "translation": [-220.21511227940397, 3058.9157046119954, -19.270710545581522]}