{"rotation": [-0.8553416374717788, -0.0007711339943745522, -0.013859129188455598, -0.5178783767426446], "translation": [-273.24613133525247, 3052.5016218747855, -19.100182275449477]}