{"rotation": [-0.9975889086775235, -0.010902522136678213, -0.00772898989424645, -0.06810115277924277], "translation": [-266.60037211740627, 3056.705750805168, -19.333683075958092]}