{"rotation": [-0.9996381563311753, -0.007751053820525233, 0.003029359026765658, -0.025579299352549267], "translation": [-210.66633429764983, 3059.3128488531, -19.208624594773777]}