{"rotation": [-0.8938606889826032, -0.0008202111757244198, -0.012760187103272905, -0.4481624410526419], "translation": [-272.61627632459596, 3053.5105011555847, -19.135990206845747]}