{"rotation": [-0.9995439451928274, -0.0074444492929303194, 0.0019817719981905825, -0.0291985339157675], "translation": [-252.0013931625547, 3057.555905883276, -19.3579125730003]}