{"rotation": [-0.9999608918661744, -0.008628318645109835, 0.0013094656058670168, -0.0014325346035910821], "translation": [-225.4207703358437, 3058.844256156834, -19.28199397772029]}