{"rotation": [-0.8596149947890164, -0.0010079730526875018, -0.01354805295480564, -0.5107616812030227], "translation": [-273.1815807028682, 3052.617533395067, -19.105353108272105]}