{"rotation": [-0.9995981093817844, -0.00818364190698286, 0.003423996010810615, -0.02692441228362321], "translation": [-256.3418692003834, 3057.294546135685, -19.40423152621323]}