{"rotation": [-0.7888412364543537, -0.00411760978287112, -0.012839651043940995, -0.6144490966059861], "translation": [-274.0302154205867, 3050.3754336165543, -19.056810157426725]}