{"rotation": [-0.9999532087077027, -0.008333381846664649, 0.0012034874664294142, 0.004763062049305789], "translation": [-231.05694465244457, 3058.9023607109, -19.29438441102806]}