{"rotation": [-0.9968079226682116, -0.009625413791066066, -0.00851107720035988, -0.07879643570698464], "translation": [-266.94391970307043, 3056.6523137488225, -19.32541691106038]}