{"rotation": [-0.6942816275991566, -0.012035930820435803, -0.010758822512880906, -0.7195223455082462], "translation": [-274.44659861219424, 3044.536018030388, -19.030613449770158]}