{"rotation": [-0.9997488437504192, -0.01218142619753784, 0.0026027416830853955, -0.018630298205479043], "translation": [-260.2427309812774, 3057.092171865909, -19.423199604803205]}