{"rotation": [-0.7645865431810166, -0.003777861018797749, -0.009272374331642016, -0.6444433014834432], "translation": [-274.2222775945431, 3049.4478140263786, -19.04568001280921]}