{"rotation": [-0.7011570898086004, -0.011755275464739324, -0.010961968528684344, -0.7128256337673742], "translation": [-274.46833735604963, 3045.4042568026975, -19.030391581233136]}