{"rotation": [-0.6796509926052194, -0.01238340291590665, -0.010239101967253866, -0.7333596255411573], "translation": [-274.2340743191169, 3041.48907843431, -19.019372230826832]}