{"rotation": [-0.9999212395074427, -0.008968280695956763, 0.0017043124637921088, -0.008612783654761041], "translation": [-222.45721287076137, 3058.868475903987, -19.277066914011407]}