{"rotation": [-0.9997048113919458, -0.009271093470942321, 0.004005552291879956, -0.022097340484414134], "translation": [-258.6651482954724, 3057.164911526061, -19.42040037654703]}