{"rotation": [-0.8639129644471328, -0.0013835568990580175, -0.013255479342880409, -0.5034647633130491], "translation": [-273.11897018497257, 3052.7328723121727, -19.10990151870899]}