{"rotation": [-0.9968079278042524, -0.009625425972894142, -0.008511073233603393, -0.07879636967427464], "translation": [-266.94391767015225, 3056.6523140818936, -19.32541697385348]}