{"rotation": [-0.702513713183816, -0.011557584123938855, -0.010943584710618834, -0.7114921946104446], "translation": [-274.46160939402114, 3045.556197209259, -19.031335724438456]}