{"rotation": [-0.999746125622093, -0.014780872998202606, 0.0016815969739508803, -0.01692283453333322], "translation": [-261.75553665000933, 3057.0304455449245, -19.419518513615195]}