{"rotation": [-0.9997963376714882, -0.006503310108346592, 0.002346373731087206, -0.01896008087082702], "translation": [-217.49784328329477, 3059.0025991578054, -19.254660957221923]}