{"rotation": [-0.9986103275857351, -0.012904282068133878, 0.0032189780950241187, -0.05099540492476521], "translation": [-243.65239526849012, 3058.0835445236157, -19.302244270482085]}