{"rotation": [-0.9999412335668878, -0.008920978856903749, 0.0019210008354653568, 0.005852803153664191], "translation": [-228.65504527729001, 3058.867201531509, -19.29157528322016]}