{"rotation": [-0.6750028085883817, -0.00889908042272218, -0.014957551645569882, -0.7376098470154779], "translation": [-273.9924608868322, 3039.3482207843526, -19.029962135424363]}