{"rotation": [-0.9999515914178112, -0.009015058750570987, 0.0006920191681575017, -0.003881320159629602], "translation": [-233.39785903234343, 3058.9067231719027, -19.294402033250904]}