{"rotation": [-0.9992342690288106, -0.014024317298444994, -0.0060450819526235945, -0.03602292474185347], "translation": [-265.09333396274343, 3056.8637339553675, -19.367818430092562]}