{"rotation": [-0.9995331778655171, -0.008021150775507814, 0.001987066677041191, -0.029413246205039115], "translation": [-254.0202879649399, 3057.4325884922673, -19.380686078656517]}