{"rotation": [-0.9995345407586237, -0.008265189547195876, 0.0019439831926860544, -0.02930203749814655], "translation": [-254.47864391609878, 3057.4053001011953, -19.383678033236844]}