{"rotation": [-0.7214924417244761, -0.009260593554641134, -0.01052133501687969, -0.6922804341095679], "translation": [-274.4463491538338, 3047.2392137018496, -19.03194519038351]}