{"rotation": [-0.8725637191961092, -0.001972999329598423, -0.012888631494136148, -0.48832627043249194], "translation": [-272.98597340571274, 3052.957301679363, -19.118488925710697]}