{"rotation": [-0.6742413917155582, -0.008724162519321252, -0.015855671568150768, -0.7382892606322583], "translation": [-273.9339803158419, 3038.7905631548924, -19.030501431871976]}