{"rotation": [-0.999766544583042, -0.006767699399561884, 0.0023028771117258717, -0.020389981224360462], "translation": [-216.64457330711502, 3059.0339440135754, -19.251191629621832]}