{"rotation": [-0.9985210324686437, -0.00689736430166116, 0.0016572066014168146, -0.053902019903935595], "translation": [-239.64988616452837, 3058.5717016563917, -19.288745883181463]}