{"rotation": [-0.9995660178874396, -0.007868923358338541, 0.0019732325371739964, -0.02831893859560609], "translation": [-255.4030189455383, 3057.3490984724017, -19.391563945312335]}