{"rotation": [-0.9985270690657212, -0.012525890730111088, 0.003372495526404169, -0.0526822615152594], "translation": [-243.47403508953224, 3058.1019670623937, -19.302783080754992]}