{"rotation": [-0.6769447231457119, -0.01156860883987062, -0.011569035526635284, -0.7358520004129017], "translation": [-274.1080623237283, 3040.337365849252, -19.029516197457593]}