{"rotation": [-0.9998978541083, -0.008066013237738432, 0.002268697276504678, -0.011579023824705773], "translation": [-221.2434492514621, 3058.8907635209234, -19.272974311884994]}