{"rotation": [-0.9994781385821876, -0.01604666059732531, -0.00562498913859385, -0.027464789770728044], "translation": [-264.3883614804856, 3056.9122139530973, -19.380211937199046]}