{"rotation": [-0.9980263176042685, -0.008669854455043391, 0.0036096766512892777, -0.06209084656747121], "translation": [-241.20256414594382, 3058.380619419479, -19.295272097237905]}