{"rotation": [-0.6964655466065923, -0.011993126512526977, -0.010816170741859648, -0.717408473435405], "translation": [-274.4539424854918, 3044.821174331741, -19.031282453050384]}