{"rotation": [-0.6895158940827293, -0.012071139346124233, -0.01028185330128072, -0.7240969568330419], "translation": [-274.40578631666295, 3043.8315365573208, -19.031033652984267]}