{"rotation": [-0.9999404734912412, -0.008752157917233782, 0.0014780950874532213, 0.0063454267639688425], "translation": [-230.14004760123774, 3058.8898724116057, -19.29504291783174]}