{"rotation": [-0.9996418203158725, -0.007348638714951122, 0.0030115197147748125, -0.025556982091272485], "translation": [-211.09251884582463, 3059.2921260161793, -19.2105283520651]}