{"rotation": [-0.9939045993586744, -0.005734985245022452, -0.009721078903670488, -0.10966429657304635], "translation": [-267.77767950074394, 3056.48973232124, -19.304793334425526]}