{"rotation": [-0.9492165192268255, 0.002784179332566755, -0.010171633513990898, -0.31444679334350195], "translation": [-271.1461258966069, 3054.9919981159082, -19.201327024257193]}