{"rotation": [-0.7287290429915552, -0.008656498919900262, -0.010176789956078625, -0.6846718044970539], "translation": [-274.417327908607, 3047.709714587602, -19.0338120279305]}