{"rotation": [-0.9492172731394378, 0.0027841912244523375, -0.010171585455571485, -0.3144445189572806], "translation": [-271.14609793378924, 3054.992019348198, -19.201328189883323]}