{"rotation": [-0.9999429964515385, -0.00862466872577288, 0.00144434042251134, 0.006126403319489535], "translation": [-230.32604854357228, 3058.8928341671567, -19.29359029343587]}