{"rotation": [-0.9993672510643186, -0.014941094924694961, -0.006005276043625694, -0.03171431604557262], "translation": [-264.7671326284309, 3056.8879327181194, -19.374630925662025]}