{"rotation": [-0.999604952784824, -0.008483515361501501, 0.0035829314031526186, -0.026554301680167664], "translation": [-256.57104107475516, 3057.278213681044, -19.409186485526455]}