{"rotation": [-0.9999371385821367, -0.008879866428716675, 0.001603509006118544, 0.006655495116383447], "translation": [-229.7712606690245, 3058.884539695759, -19.29300771085684]}