{"rotation": [-0.8854498269988412, -0.0013028834476809376, -0.012395628898254296, -0.46456781501376176], "translation": [-272.76944477956806, 3053.2921047673854, -19.130445487608103]}