{"rotation": [-0.6932864353274003, -0.012091158524643224, -0.010573065359879657, -0.7204831245528615], "translation": [-274.43731729828704, 3044.389154571318, -19.030628929841477]}