{"rotation": [-0.9997363653745907, -0.01527002969485952, 1.3699776331006894e-05, -0.017147179156851305], "translation": [-262.3805483349857, 3057.004398409719, -19.412096369873325]}