{"rotation": [-0.9995255511637359, -0.011710662181731623, 0.003621111111800341, -0.028256335863155537], "translation": [-246.51380276205194, 3057.8706991749796, -19.31650559689877]}