{"rotation": [-0.9995115131400545, -0.006410874677448621, 0.0009993655717549072, -0.0305718343382058], "translation": [-237.06628812763228, 3058.796600836353, -19.28755157191892]}