{"rotation": [-0.9997035446118326, -0.008184152145826552, 0.0008719107599773756, -0.022914674682790688], "translation": [-236.20204706900432, 3058.842062210578, -19.287541347354427]}