{"rotation": [-0.6759859664218248, -0.010178194531636892, -0.013413757378247302, -0.7367220973133799], "translation": [-274.05507542280577, 3039.8978089692514, -19.030669638547902]}