{"rotation": [-0.9946134171944857, -0.006711403233483228, -0.009568844140562732, -0.10299293483127452], "translation": [-267.61894271042036, 3056.5248750625015, -19.307704582813226]}