{"rotation": [-0.9995400635577553, -0.00731130510221702, 0.0020542864266385316, -0.02935959924689455], "translation": [-252.44054815272233, 3057.5292867623234, -19.36504796163163]}