{"rotation": [-0.9984478306530831, -0.012149544525739742, 0.003526518411560142, -0.05423911595760298], "translation": [-243.2984160884231, 3058.120876235272, -19.302120710285436]}