{"rotation": [-0.9996561514087807, -0.01684243028132961, -0.003174578253587125, -0.019845239875481962], "translation": [-263.33924429951963, 3056.9606325793275, -19.39867561933119]}