{"rotation": [-0.9995331779327344, -0.008021131068641923, 0.001987062963524548, -0.029413249545864797], "translation": [-254.02026223425003, 3057.432590031029, -19.38068595317255]}