{"rotation": [-0.9996384934709854, -0.007816658418528195, 0.00306480523558742, -0.0255419104824743], "translation": [-210.45620555406967, 3059.3243542099967, -19.207458222308773]}