{"rotation": [-0.9999582177691587, -0.008662930193592586, 0.0007469949082979198, -0.002821055652715612], "translation": [-224.83887528666628, 3058.845832853219, -19.277976547138895]}