{"rotation": [-0.9998387895497666, -0.006942816094258974, 0.002216890050419976, -0.016409680522281155], "translation": [-218.97201142835624, 3058.9511351794017, -19.261780698168362]}