{"rotation": [-0.9995182085107764, -0.016656741096742284, -0.005383812309536338, -0.025630419357859393], "translation": [-264.1920458378457, 3056.921856345396, -19.384213281012364]}