{"rotation": [-0.999958219968648, -0.008889087935838728, 0.0020917081302810345, 0.0004088886153137838], "translation": [-226.19232269904703, 3058.844876778528, -19.286784324949043]}