{"rotation": [-0.9995334987162636, -0.007970000775591806, 0.0019543717125198217, -0.0294184374648201], "translation": [-253.93815696548504, 3057.4375412442437, -19.38050482324267]}