{"rotation": [-0.9992411152241681, -0.007097912534892449, 0.0009036836914806663, -0.0382883355474433], "translation": [-237.92595125579416, 3058.7351568387753, -19.28442370155516]}