{"rotation": [-0.9996517227085849, -0.007027625963862575, 0.0029383922113122027, -0.025266808470461463], "translation": [-209.6094793346551, 3059.3679259548053, -19.19991480121059]}