{"rotation": [-0.9997510474191935, -0.00628831284740733, 0.0022785250212432016, -0.02128634843006927], "translation": [-216.00369681959205, 3059.060916618879, -19.24659723874407]}