{"rotation": [-0.9843012064257018, -0.0013593744750864814, -0.00915296567407163, -0.17625410732608063], "translation": [-269.1381393122798, 3056.084942208341, -19.27128252923026]}