{"rotation": [-0.999741629383377, -0.01123447966020995, 0.002698623399403468, -0.019574942563979687], "translation": [-259.80351495507125, 3057.11254110993, -19.41916493807909]}