{"rotation": [-0.9177145201945971, 0.0001608695805566203, -0.013194943003597212, -0.3970213180977948], "translation": [-272.0957146051656, 3054.1341295357433, -19.156264586670652]}