{"rotation": [-0.9998337170853027, -0.006777540650737284, 0.0021945012504382155, -0.016786520972981805], "translation": [-218.7623469430932, 3058.9583549889185, -19.260492090483]}