{"rotation": [-0.9997515903273629, -0.013722570785882215, 0.0024252819108956055, -0.017394444417341063], "translation": [-261.1186383572121, 3057.0566924253344, -19.423371537326595]}