{"rotation": [-0.9988692094189277, -0.013503782989331225, 0.002656296235104236, -0.04550708087863903], "translation": [-244.182870553078, 3058.032568941119, -19.303968093696977]}