{"rotation": [-0.9749766463727092, 0.000296296495296237, -0.009041268421479107, -0.22212317911812565], "translation": [-269.8834557180356, 3055.763718430096, -19.24870906474208]}