{"rotation": [-0.9995526229303272, -0.011817660370430671, 0.0009080961656284916, -0.027460376141382203], "translation": [-247.60954933666238, 3057.8061624979873, -19.312644387255844]}