{"rotation": [-0.9608438621964678, 0.002617319228441882, -0.009581065169305977, -0.27691230617228507], "translation": [-270.6645080523055, 3055.3265849699037, -19.22011628251962]}