{"rotation": [-0.6778858309291772, -0.012176572130380063, -0.010607041732260063, -0.7349898108016891], "translation": [-274.16322451041964, 3040.7860114978494, -19.022450011211976]}