{"rotation": [-0.9991773912444621, -0.007495615970359317, 0.0009214589823502159, -0.039843537499572035], "translation": [-238.09625348257813, 3058.7212672069913, -19.283975429510512]}