{"rotation": [-0.9999549432304531, -0.008536365143126494, 0.0012238854403321853, 0.003967881494403077], "translation": [-231.33375805533882, 3058.904535459361, -19.29665615502618]}