{"rotation": [-0.9999493816282724, -0.008287026129358836, 0.0012642016587548787, 0.005564276532759112], "translation": [-230.69416012610927, 3058.8976519428174, -19.29426214288957]}