{"rotation": [-0.9020376772551102, -0.0005305664530933007, -0.013273377294810441, -0.4314528534691065], "translation": [-272.45345670905687, 3053.7202546854946, -19.14112317487759]}