{"rotation": [-0.9324891258374449, 0.0016114094916499545, -0.011825864486002025, -0.3610008067629863], "translation": [-271.693675650628, 3054.532064500575, -19.17678290814659]}