{"rotation": [-0.9659828116747745, 0.0018992092282890001, -0.009473788290788659, -0.2584257105797054], "translation": [-270.4148539647168, 3055.4794867797764, -19.22845331057686]}