{"rotation": [-0.9997547826220067, -0.012769054177482773, 0.0025320257866705376, -0.017914092922957255], "translation": [-260.6795640046067, 3057.07230367641, -19.42521144212904]}