{"rotation": [-0.998028485770844, -0.01016905509709804, 0.0041463611378356234, -0.06179433305492648], "translation": [-241.89600270388806, 3058.291393310661, -19.299580191671605]}