{"rotation": [-0.881155106434624, -0.0017546879575266485, -0.012546729176577568, -0.4726575706167499], "translation": [-272.845349190742, 3053.1823427216673, -19.126503148700635]}