{"rotation": [-0.999662487139034, -0.007900384991447438, 0.002331850695671707, -0.024638551019096133], "translation": [-213.43717112581956, 3059.1752695043715, -19.2296731780638]}