{"rotation": [-0.9995387668910451, -0.007259972102382977, 0.002072962389874454, -0.029415117098723534], "translation": [-252.66422584288833, 3057.51606673226, -19.36724042824738]}