{"rotation": [-0.687043261629153, -0.0121960379464257, -0.009955809099044869, -0.7264459341021656], "translation": [-274.38887364571553, 3043.410953765148, -19.026869402755143]}