{"rotation": [-0.9999308058558807, -0.009212016933971867, 0.0012674616869870865, -0.0072052609452608034], "translation": [-223.06057227784513, 3058.859836277895, -19.27619324806156]}