{"rotation": [-0.9994132106124385, -0.00649245436743818, 0.0008821380124804614, -0.033619998842230776], "translation": [-237.41072673928574, 3058.773781530944, -19.28430682071821]}