{"rotation": [-0.8639128259953813, -0.0013835476244795654, -0.013255484962579613, -0.503465000764752], "translation": [-273.1189722283372, 3052.7328686147744, -19.109901364624793]}