{"rotation": [-0.9931212548695476, -0.004772403531828722, -0.009790281631182141, -0.11658279322630202], "translation": [-267.9429649923435, 3056.4513062917204, -19.299643312778343]}