{"rotation": [-0.6753651942102984, -0.009188555045636683, -0.014487971969364334, -0.737283882621663], "translation": [-274.0166489322853, 3039.5650965112077, -19.02977176326309]}