{"rotation": [-0.9993672521917727, -0.014941104393462315, -0.006005273892585317, -0.03171427646415202], "translation": [-264.7671293952889, 3056.8879329097376, -19.37463099495223]}