{"rotation": [-0.9997547829218548, -0.012769150213834284, 0.0025320213056579583, -0.01791400836773348], "translation": [-260.67962018550963, 3057.0723011470286, -19.4252115708801]}