{"rotation": [-0.9997209541955838, -0.006256445008769492, 0.00267212343264205, -0.022621458716990384], "translation": [-215.14826283973028, 3059.0968629665867, -19.24162062287545]}