{"rotation": [-0.9963453070908885, -0.008687959939591958, -0.008797186913932645, -0.08451720471272312], "translation": [-267.1172145845378, 3056.623450583083, -19.3198758856404]}