{"rotation": [-0.9996806746331482, -0.009080096110970418, 0.004558180961933963, -0.02313706130750938], "translation": [-258.20523996269003, 3057.1895654569926, -19.420885865137738]}