{"rotation": [-0.9997067352155998, -0.006637624256199985, 0.0028352657210158677, -0.0231159420550303], "translation": [-214.7223458021511, 3059.116264577188, -19.23791089451141]}