{"rotation": [-0.9999554351526094, -0.00859763527763531, 0.0012564180838670028, 0.003691854545740098], "translation": [-231.42210062938372, 3058.905306377992, -19.295693625464548]}