{"rotation": [-0.9460505903439884, 0.0027343522408410843, -0.010323256331898187, -0.3238429159427764], "translation": [-271.26288300530194, 3054.901938066739, -19.19581079911048]}