{"rotation": [-0.7970829043848766, -0.004119215792674938, -0.013620020616383443, -0.6037022201690435], "translation": [-273.94952228985386, 3050.6728977748926, -19.060988271270492]}