{"rotation": [-0.9999368725389448, -0.008130527871177762, 0.00033453634381520875, -0.0077481313234053035], "translation": [-234.10854234105824, 3058.9000400558707, -19.289085382800273]}