{"rotation": [-0.999942683694058, -0.008966126079645082, 0.0009586583485585077, -0.00577225120898718], "translation": [-223.65699573499282, 3058.8531775810525, -19.27656540353207]}