{"rotation": [-0.9996679978559053, -0.007876170926771134, 0.002505063539871621, -0.024404603069079815], "translation": [-213.65116207655512, 3059.1655173392473, -19.231600920475554]}