{"rotation": [-0.6764653218864096, -0.010964289948654801, -0.012429277598286137, -0.7362879638357691], "translation": [-274.0813172932698, 3040.117606341046, -19.03087163162136]}