{"rotation": [-0.9986968043157584, -0.013189422038928946, 0.0030201716557466804, -0.04920986444749451], "translation": [-243.82933039215257, 3058.0654456505918, -19.302722321707858]}