{"rotation": [-0.909972109224537, 0.0001799240263354577, -0.01323456644613857, -0.4144581695560783], "translation": [-272.2771509161724, 3053.929554606924, -19.14877319348591]}