{"rotation": [-0.9995255512311282, -0.011710661782552704, 0.00362111101778553, -0.028256333656739525], "translation": [-246.51380410859673, 3057.8706990991946, -19.316505602812576]}