{"rotation": [-0.9996715772543556, -0.007723835506760917, 0.000949333891392056, -0.024416772104769342], "translation": [-236.37250329042456, 3058.8342353056405, -19.2873493022227]}