{"rotation": [-0.9997879560714701, -0.006602983195432829, 0.0023915929391796114, -0.019357783720415647], "translation": [-217.28427540107467, 3059.0099065457193, -19.25444838284106]}