{"rotation": [-0.7847422286927423, -0.00365249447892038, -0.012158830793129731, -0.6196922273388403], "translation": [-274.0648147288128, 3050.2255853367105, -19.056056573071768]}