{"rotation": [-0.9999519457261631, -0.008783982651727324, 0.0007125695261974199, -0.004294197469265591], "translation": [-224.25022133250835, 3058.8486681837862, -19.276991044509188]}