{"rotation": [-0.6799688770331708, -0.012372719923202075, -0.01018583600331355, -0.7330658161535459], "translation": [-274.2470509476875, 3041.6071844526555, -19.018295471312033]}