{"rotation": [-0.9995115155103221, -0.006410881043692708, 0.0009993723671323802, -0.030571755287760363], "translation": [-237.06627915036518, 3058.79660138739, -19.287551606263705]}