{"rotation": [-0.7607519792677826, -0.004114589310788437, -0.00903071800348622, -0.6489668268311535], "translation": [-274.2444992805244, 3049.2940710135217, -19.046361377467775]}