{"rotation": [-0.999559692644209, -0.011768255468292485, 0.00024047362314121246, -0.027237312214756382], "translation": [-247.7845406149937, 3057.796800224693, -19.315391699891546]}