{"rotation": [-0.6739674845470404, -0.008736961251966022, -0.015836552773621185, -0.7385395716396415], "translation": [-273.90929953213964, 3038.537954350512, -19.030108987796478]}