{"rotation": [-0.9995842218880282, -0.00929682072979099, 0.0010307542363061938, -0.02727434733458831], "translation": [-249.687362369066, 3057.6929497923657, -19.32881729320908]}