{"rotation": [-0.9996593055126672, -0.007805146866942389, 0.0021378155471277033, -0.02481496179734967], "translation": [-213.22182912023496, 3059.1853939779794, -19.228259613672403]}