{"rotation": [-0.9999487795868518, -0.008324852225381166, 0.0005121737575647831, -0.005733473313211703], "translation": [-233.753378204142, 3058.9041587495376, -19.290529906413628]}