{"rotation": [-0.9995255515659156, -0.011710659799534846, 0.003621110550744191, -0.02825632269583433], "translation": [-246.51381079788356, 3057.8706987227115, -19.31650563219067]}