{"rotation": [-0.9996085819793702, -0.008915102061212928, 0.003675971944073306, -0.0262619690559804], "translation": [-256.8062352710696, 3057.2651517318614, -19.411687689825907]}