{"rotation": [-0.9999524595328705, -0.008739430787842766, 0.0025680119263607835, 0.0034794163898096667], "translation": [-227.52613720559773, 3058.8537843819067, -19.290456457016393]}