{"rotation": [-0.998184665035814, -0.010883343048384696, 0.0038989547293171896, -0.059107744699400916], "translation": [-242.5954066915739, 3058.204322283252, -19.30063150760214]}