{"rotation": [-0.9394290848885047, 0.0023258092877751903, -0.010940588644403827, -0.34256078087956515], "translation": [-271.4834259482743, 3054.7201056403806, -19.186142981748805]}