{"rotation": [-0.9998856062231953, -0.0074972336173481, 0.0021554824656703957, -0.012958389217038058], "translation": [-220.6277037543023, 3058.905878370155, -19.271119717965668]}