{"rotation": [-0.7083135051776643, -0.01086320912708406, -0.010946663162495185, -0.7057295088318178], "translation": [-274.4657395707172, 3046.1522858311255, -19.030565224478938]}