{"rotation": [-0.8300279405867259, -0.0003488615272383325, -0.014678093815450457, -0.5575285191834928], "translation": [-273.5803927537777, 3051.774031936087, -19.077388086928487]}