{"rotation": [-0.9608412331423488, 0.0026176807215207063, -0.0095811358880447, -0.27692142256644836], "translation": [-270.66463001650794, 3055.326506688689, -19.2201119907388]}