{"rotation": [-0.999735462251608, -0.0063829516224076, 0.0024607067016712797, -0.02195924333118049], "translation": [-215.57555190529627, 3059.0795398194578, -19.24446580367388]}