{"rotation": [-0.8384417233592637, 0.0003314517489037051, -0.014281498266279488, -0.5448040064806393], "translation": [-273.47570417042147, 3052.0202090957623, -19.082635955446456]}