{"rotation": [-0.676218857831108, -0.010571427003554842, -0.01292383305616848, -0.7365115584862444], "translation": [-274.0681387165085, 3040.008203002214, -19.03090405915402]}