{"rotation": [-0.9989726539317447, -0.007906381108086055, 0.0009067175668169755, -0.04461281987942895], "translation": [-238.61692952879386, 3058.6763547673963, -19.285779971404406]}