{"rotation": [-0.9997438013191686, -0.006275621690886012, 0.0023715037051024565, -0.02161768411436123], "translation": [-215.78787205299608, 3059.069987789676, -19.246512143043564]}