{"rotation": [-0.9996570258076928, -0.00694084855845606, 0.0027128886668676706, -0.025105688791342267], "translation": [-209.18814558565467, 3059.389492721903, -19.19453888400882]}