{"rotation": [-0.6986765901221772, -0.011883045916222766, -0.010985511467061325, -0.7152545939543536], "translation": [-274.466953379864, 3045.111578241259, -19.03039599127398]}