{"rotation": [-0.676698760462059, -0.011309671627744957, -0.011990408757082762, -0.736075477797368], "translation": [-274.09471870640954, 3040.228214893761, -19.03041029620213]}