{"rotation": [-0.9999427503805045, -0.0089342725782318, 0.002076283498131343, 0.0055103340919826155], "translation": [-228.4684050458819, 3058.864475981165, -19.291550644281834]}