{"rotation": [-0.9998183052835445, -0.006250288393062925, 0.002218759540961129, -0.017870853953959723], "translation": [-218.1323088193406, 3058.9800185018134, -19.257469851011507]}