{"rotation": [-0.7219386306794511, -0.00922291485621174, -0.010502739430859016, -0.6918159031409165], "translation": [-274.4455669754549, 3047.270962747186, -19.032024341523414]}