{"rotation": [-0.9992003472356699, -0.014198061148389849, 0.00230956245570255, -0.03730612637364686], "translation": [-245.00447944526118, 3057.964064784132, -19.307900745281998]}