{"rotation": [-0.9996517230244094, -0.007027631023134471, 0.002938364746054467, -0.025266797762108963], "translation": [-209.60943440528584, 3059.367928240138, -19.199914312496556]}