{"rotation": [-0.6778859221898449, -0.01217663693860438, -0.010606974151758305, -0.7349897265329856], "translation": [-274.16322976547355, 3040.786053575437, -19.02244927157196]}