{"rotation": [-0.708314553213082, -0.010863027509782292, -0.010946645233503747, -0.7057284600311976], "translation": [-274.4657418042822, 3046.152384294437, -19.030564874691812]}