{"rotation": [-0.9999582173495379, -0.008662961741782814, 0.0007469760114810389, -0.00282111251689674], "translation": [-224.83885267892379, 3058.8458329024365, -19.277976498154953]}