{"rotation": [-0.7025137221134977, -0.011557583375865524, -0.0109435849536861, -0.7114921858018615], "translation": [-274.4616094359394, 3045.5561982230465, -19.03133572230069]}