{"rotation": [-0.6833259168222995, -0.012058621681249767, -0.010056391796766664, -0.7299446212050215], "translation": [-274.32626241456217, 3042.6171631589527, -19.025745196496178]}