{"rotation": [-0.6769447063224825, -0.011568591785389857, -0.011569064534304722, -0.7358520157014398], "translation": [-274.1080614258707, 3040.3373585226022, -19.0295162623093]}