{"rotation": [-0.9997453479030638, -0.01500086462247938, 0.001155930415767552, -0.01681895453451166], "translation": [-261.9599523086267, 3057.0178065433533, -19.418709405827187]}