{"rotation": [-0.7102772716988093, -0.010517669471853192, -0.010929912452338186, -0.7037585615470415], "translation": [-274.46848616303475, 3046.3376205944223, -19.030194873105902]}