{"rotation": [-0.805329251616976, -0.0033267885688625246, -0.014204013636424538, -0.5926482725567298], "translation": [-273.8644946337009, 3050.9712147175915, -19.064786426118378]}