{"rotation": [-0.9995565452979054, -0.006583005500708744, 0.0010004139828502575, -0.029023713796772554], "translation": [-236.88915260474081, 3058.8071136320777, -19.287612681381603]}