{"rotation": [-0.6739674423641872, -0.00873697120285402, -0.015836566927037037, -0.7385396097131435], "translation": [-273.9092975748224, 3038.537934537442, -19.030108979541595]}