{"rotation": [-0.9298368397854476, 0.0012113065807744104, -0.012257239161788199, -0.367765882325033], "translation": [-271.7717583667724, 3054.460406838578, -19.172503005876674]}