{"rotation": [-0.9999555046163804, -0.00902205672850774, 0.001367972460905426, 0.0023916377514128784], "translation": [-231.78908169472572, 3058.9066499002374, -19.29444910399636]}