{"rotation": [-0.9996542990081757, -0.007083660597300328, 0.0021837792996277825, -0.02522568799825965], "translation": [-212.58269806299944, 3059.2165700966384, -19.221566973634424]}