{"rotation": [-0.9997209546713217, -0.006256443792776359, 0.002672117844052776, -0.022621438688920945], "translation": [-215.1482756220976, 3059.0968624443226, -19.241620680421622]}