{"rotation": [-0.9999509518965932, -0.009592700221460991, 0.0009232663096019471, -0.0022850564281876994], "translation": [-233.04651396543025, 3058.908368304966, -19.293112982254318]}