{"rotation": [-0.9995524839585587, -0.00868155630789338, 0.0018814149780002351, -0.028564360136868267], "translation": [-250.92381861538547, 3057.6208586736198, -19.345294178781725]}