{"rotation": [-0.6823055061101426, -0.012151671212442056, -0.010011841725767839, -0.7308975962771974], "translation": [-274.3099649747408, 3042.3579465490607, -19.021598824268594]}