{"rotation": [-0.9997404932827261, -0.010481180884095198, 0.002697529732733969, -0.02004530547104512], "translation": [-259.57736216469493, 3057.1210798121424, -19.418718453750184]}