{"rotation": [-0.6814633344559944, -0.011921646218347974, -0.010116942969127993, -0.7316852093684287], "translation": [-274.293621721751, 3042.1116896967783, -19.019450279223005]}