{"rotation": [-0.7238523954974848, -0.009090210416063742, -0.01039438913449505, -0.6898166671527046], "translation": [-274.42914710230536, 3047.39323485876, -19.033326444853518]}