{"rotation": [-0.9984478112451375, -0.012149455197065196, 0.0035265543489384175, -0.05423949089577592], "translation": [-243.29837107606872, 3058.120881271763, -19.302120636098046]}