{"rotation": [-0.999574615748656, -0.011392592572064795, -0.0005849040127815596, -0.02684127926738222], "translation": [-248.15385566459253, 3057.7771979950435, -19.314233988974138]}