{"rotation": [-0.9996735540635132, -0.016590702645752638, -0.002693153132825661, -0.01924268219213503], "translation": [-263.2028180297884, 3056.970589978726, -19.399193401732326]}