{"rotation": [-0.9060187256163121, -0.00017221643634558712, -0.013347516003049552, -0.423027047587552], "translation": [-272.36548924640107, 3053.8280526595195, -19.145251723945037]}