{"rotation": [-0.9995387670717639, -0.007259991674579949, 0.002072963035603303, -0.0294151060816732], "translation": [-252.66418424878051, 3057.5160692026834, -19.367239978717052]}