{"rotation": [-0.6757548610452635, -0.009796097754343591, -0.013843722932678043, -0.7369313099454028], "translation": [-274.04204158221427, 3039.786745012901, -19.030319551525437]}