{"rotation": [-0.6771747507326074, -0.011787523068140314, -0.011241253837394681, -0.7356419274907543], "translation": [-274.1216655718552, 3040.448400009141, -19.028216202873796]}