{"rotation": [-0.9998784995376622, -0.007622659871388017, 0.0021906922846397715, -0.01341946668509936], "translation": [-220.42169908834487, 3058.9108147783636, -19.270868432759038]}