{"rotation": [-0.9999615055560359, -0.008503729143511952, 0.0010777115892821986, -0.001874175682806123], "translation": [-225.2268422890513, 3058.8442045111706, -19.281025558273722]}