{"rotation": [-0.9992065332596936, -0.013872570843391474, -0.00603389331204541, -0.03684355847144578], "translation": [-265.1479928980167, 3056.8599203390345, -19.3669861898604]}