{"rotation": [-0.9999176164997675, -0.00833969401808495, 0.00022757566943166948, -0.009754892435253017], "translation": [-234.4579083305668, 3058.894914975957, -19.287575728922878]}