{"rotation": [-0.9998737441468272, -0.008861894908764718, 0.00034650291693011327, -0.013184935349094642], "translation": [-234.9860559614884, 3058.8835597740067, -19.288137291831205]}