{"rotation": [-0.6742413983219577, -0.008724161142717991, -0.015855669464061174, -0.7382892546604302], "translation": [-273.9339807770382, 3038.7905678265893, -19.030501436700405]}