{"rotation": [-0.6778859333525019, -0.012176644865700111, -0.010606965885568094, -0.7349897162255566], "translation": [-274.1632304082507, 3040.7860587222085, -19.022449181101482]}