{"rotation": [-0.9996735561347412, -0.016590685774943336, -0.0026930972197742454, -0.01924259696097574], "translation": [-263.2027985529787, 3056.9705907495445, -19.39919368172701]}