{"rotation": [-0.9999429968807773, -0.00862464581492551, 0.0014443227183183014, 0.006126369687047462], "translation": [-230.32607515600947, 3058.8928346208436, -19.29359015270726]}