{"rotation": [-0.842657019141582, 0.00027675831804114815, -0.014244103194939746, -0.5382621824171088], "translation": [-273.4203137382578, 3052.146212036422, -19.086942601714394]}