{"rotation": [-0.9999426838286603, -0.008966126081493192, 0.0009586558286951382, -0.005772228307078695], "translation": [-223.65700516020163, 3058.8531775152333, -19.276565404698065]}