{"rotation": [-0.9995903559834809, -0.010400983680952611, -0.0005653554408827622, -0.02665745930339273], "translation": [-248.71092138109393, 3057.7469239478023, -19.31799648839552]}