{"rotation": [-0.8176705224315535, -0.002201417553687917, -0.0148105910472964, -0.5754917174904384], "translation": [-273.7287112531291, 3051.3827449607634, -19.069338444069647]}