{"rotation": [-0.9998639289030984, -0.00778336737864318, 0.002259603467489035, -0.01436791783379372], "translation": [-220.01003569453636, 3058.921615801725, -19.26849418998697]}