{"rotation": [-0.9996407150827551, -0.007594307347350346, 0.00306455217312137, -0.025522064272514428], "translation": [-210.24288097186542, 3059.334613663634, -19.206344635148888]}