{"rotation": [-0.9460474698469532, 0.002734324405389083, -0.010323412128377233, -0.3238520270559564], "translation": [-271.262992202608, 3054.9018511993027, -19.195806377960768]}