{"rotation": [-0.9980164084305696, -0.008875837869194679, 0.003739302673978494, -0.062213227058068234], "translation": [-241.29847393990175, 3058.3679039434483, -19.297098393470957]}