{"rotation": [-0.9999429965242668, -0.008624664843868509, 0.0014443374227975686, 0.0061263976209695176], "translation": [-230.3260530526563, 3058.892834244027, -19.29359026959154]}