{"rotation": [-0.9997143879766843, -0.0063117702536858444, 0.0027722961725285865, -0.022882709686576304], "translation": [-214.93583323851726, 3059.1069199397743, -19.23959024984876]}