{"rotation": [-0.7099363884677015, -0.010584322658709592, -0.01094951868717141, -0.7041011322841432], "translation": [-274.46794940052297, 3046.30651420527, -19.030280988159248]}