{"rotation": [-0.6755765792398354, -0.009484149788659007, -0.014135334934929142, -0.737093297209835], "translation": [-274.03121748591485, 3039.694014156812, -19.030031112511626]}