{"rotation": [-0.9997722644926275, -0.0068412940587752645, 0.0023466943350386373, -0.020077571381594765], "translation": [-216.85662293783184, 3059.0260278075457, -19.253061809468484]}