{"rotation": [-0.801195575614679, -0.003735677604461544, -0.013910683435537467, -0.5982292095966688], "translation": [-273.90752084858946, 3050.8236169706997, -19.062908435935007]}