{"rotation": [-0.9998261790795107, -0.00637147330141866, 0.0022202798088650196, -0.017380630391499553], "translation": [-218.43847429085181, 3058.968551579939, -19.259047087891567]}