{"rotation": [-0.9999615055481487, -0.008503728686194884, 0.0010777085219974786, -0.0018741837297995086], "translation": [-225.22683911330728, 3058.8442045099805, -19.281025544116165]}