{"rotation": [-0.9999555046104365, -0.009022058912121456, 0.0013679730299190618, 0.0023916316737631824], "translation": [-231.78908334814147, 3058.9066499021687, -19.294449104937407]}