{"rotation": [-0.9997481222183069, -0.014573912073476528, 0.0020031043584229826, -0.0169493593027382], "translation": [-261.5416237696232, 3057.0373169306863, -19.42222673741306]}