{"rotation": [-0.7401503456835656, -0.007652930796624109, -0.010066060530951906, -0.6723225214583455], "translation": [-274.3599753911424, 3048.340047659606, -19.038177131773736]}