{"rotation": [-0.9995565564501047, -0.006583066507923872, 0.0010004339059302375, -0.029023315195906403], "translation": [-236.88910901043465, 3058.8071162260853, -19.287613010575843]}