{"rotation": [-0.8384419717903966, 0.00033146009787464985, -0.014281488718998783, -0.5448036243954371], "translation": [-273.4757010758896, 3052.0202163501895, -19.082636137372027]}