{"rotation": [-0.9988692155805607, -0.013503793515287675, 0.002656285844408227, -0.0455069431151406], "translation": [-244.18288356597196, 3058.032567782467, -19.303968144564585]}