{"rotation": [-0.6743743021666689, -0.008730622058882843, -0.01574675775897235, -0.7381701134804657], "translation": [-273.9454905348493, 3038.9052365583043, -19.030596728351796]}