{"rotation": [-0.7287308760347984, -0.008656284010661737, -0.010176713379780076, -0.6846698573513135], "translation": [-274.41732328472347, 3047.709827612115, -19.03381216877646]}