{"rotation": [-0.9996470365466601, -0.016956802521416927, -0.003339345063370529, -0.020177163980049824], "translation": [-263.39971550951645, 3056.958276360108, -19.397868881674487]}