{"rotation": [-0.9997630843384949, -0.00873396379189514, 0.0006273274281676348, -0.01992735634145261], "translation": [-235.85261270134086, 3058.8560134425184, -19.286823388716865]}