{"rotation": [-0.9996396788264087, -0.00754675222113134, 0.003050036890353007, -0.025578434700248686], "translation": [-210.88038282408033, 3059.3023012529975, -19.20905854240656]}