{"rotation": [-0.9998542727925908, -0.00911320177667955, 0.0003728972565294814, -0.014430650692648409], "translation": [-235.15882093725736, 3058.878768617668, -19.287991180150282]}