{"rotation": [-0.9997515903485724, -0.013722563788244848, 0.002425282675170692, -0.01739444861222949], "translation": [-261.1186350646502, 3057.056692535614, -19.423371552890995]}