{"rotation": [-0.9839061347554287, -0.0012944849112845938, -0.009098595928142463, -0.1784495947083745], "translation": [-269.1762050936746, 3056.070512351348, -19.27045838826989]}