{"rotation": [-0.9999115708560435, -0.008972311312850364, 0.0020913048391702853, -0.009590335863481209], "translation": [-222.05543753312813, 3058.8747143650894, -19.276279219719296]}