{"rotation": [-0.6814631477251127, -0.011921665368934286, -0.010116950581650234, -0.7316853828650268], "translation": [-274.2936145681306, 3042.1116303959557, -19.019450973686595]}