{"rotation": [-0.9997048093497246, -0.009271069655432803, 0.004005635615800906, -0.022097427764070154], "translation": [-258.6651063382829, 3057.1649137376994, -19.42040045135492]}