{"rotation": [-0.9999597571142167, -0.008780086626329444, 0.0015751295544474712, -0.0009556138328843808], "translation": [-225.6160496486228, 3058.8436075817954, -19.28294307473305]}