{"rotation": [-0.999540707123303, -0.011828603965927465, 0.0021458484462805573, -0.02781823621494099], "translation": [-247.2450977339104, 3057.8270221683197, -19.31399724116552]}