{"rotation": [-0.9991616174316748, -0.014183815378579896, 0.002378195284149668, -0.03833048160167678], "translation": [-244.89827012905025, 3057.9718924644817, -19.30521876280961]}