{"rotation": [-0.999592196815771, -0.010125014737301959, -0.00028293064230723873, -0.0266991402828247], "translation": [-248.8995603186044, 3057.7369253490365, -19.32045378400054]}