{"rotation": [-0.998004904772506, -0.009497523239294913, 0.003992790711838521, -0.06229016555341463], "translation": [-241.54830935661647, 3058.33591034115, -19.297847132542497]}