{"rotation": [-0.9995314444207275, -0.01169109729544458, 0.0034486666412021634, -0.028076975560776957], "translation": [-246.69370084537587, 3057.8594003914723, -19.31763033552487]}