{"rotation": [-0.9995596925347056, -0.011768256593830627, 0.00024048051338345565, -0.027237315686194814], "translation": [-247.78453798352086, 3057.796800364956, -19.315391708259742]}