{"rotation": [-0.9999604622010538, -0.008533569278328596, 0.0008578787092947244, -0.0023486749768613113], "translation": [-225.0312156587553, 3058.844369939735, -19.28081130214903]}