{"rotation": [-0.7533987260653452, -0.0054062593968112966, -0.009140237071095814, -0.6574782034324284], "translation": [-274.28860192020784, 3048.9771611728643, -19.043447436602715]}