{"rotation": [-0.9394285919009538, 0.002325768165341415, -0.010940639365019237, -0.34256213149108716], "translation": [-271.48344171135034, 3054.7200920663577, -19.1861422659663]}