{"rotation": [-0.681070350326152, -0.0120665050236071, -0.010034239949598784, -0.7320497875088563], "translation": [-274.27965538052905, 3041.9819637880146, -19.020348815928735]}