{"rotation": [-0.687867973126388, -0.01225353139511292, -0.009989075146598528, -0.7256636417053423], "translation": [-274.39240465688994, 3043.546435531964, -19.02920996394682]}