{"rotation": [-0.9998288560145647, -0.006512081970481526, 0.0021975107183366547, -0.01717621656999765], "translation": [-218.55263380589514, 3058.964920972253, -19.25968927838441]}