{"rotation": [-0.999583533673808, -0.017414825980332695, -0.004543734007241214, -0.022557427280815535], "translation": [-263.79561730064194, 3056.9391009571264, -19.392303630559866]}