{"rotation": [-0.9997035470410203, -0.00818418727786969, 0.0008719061441344857, -0.02291455633171156], "translation": [-236.2020332678157, 3058.842062821446, -19.28754142261512]}