{"rotation": [-0.999761822002892, -0.0065591607100174785, 0.0022625754619713446, -0.020691965313059214], "translation": [-216.43119985627942, 3059.0422667643634, -19.24969444709179]}