{"rotation": [-0.999946201048323, -0.008435630418095724, 0.0013516000691253887, 0.005882884133591237], "translation": [-230.50895796966344, 3058.8957174194343, -19.293191745455708]}