{"rotation": [-0.6743742876106027, -0.008730618638292277, -0.015746771741117084, -0.7381701265207217], "translation": [-273.9454893654769, 3038.9052251763296, -19.03059672743716]}