{"rotation": [-0.999042407101583, -0.007883165407736615, 0.0008763423742001292, -0.043027392901180614], "translation": [-238.44054500437736, 3058.691970679035, -19.28552350373944]}