{"rotation": [-0.999763086287433, -0.008733977390445317, 0.0006273195819996024, -0.01992725284910465], "translation": [-235.85260030410146, 3058.8560139140495, -19.286823422971146]}