{"rotation": [-0.9997438025991221, -0.006275603460114459, 0.0023714950495926247, -0.021617631162752053], "translation": [-215.78790590867055, 3059.069986307246, -19.246512325604506]}