{"rotation": [-0.9992935142379716, -0.014371906433460906, -0.0060313523533671405, -0.034198589096367166], "translation": [-264.96121288915367, 3056.8760359145576, -19.37000920499238]}