{"rotation": [-0.9982435918044943, -0.006987844467085259, 0.0025607941604415155, -0.05877366573758998], "translation": [-240.33828990870524, 3058.4906740552897, -19.29147120762422]}