{"rotation": [-0.9999509518776771, -0.009592692423226539, 0.0009232652637715413, -0.002285097865222043], "translation": [-233.04652402134596, 3058.908368308695, -19.293112881374796]}