{"rotation": [-0.9997574600794455, -0.006370061879624595, 0.00222456879632861, -0.020964126998664113], "translation": [-216.21796779802682, 3059.0520965869873, -19.247713684606428]}