{"rotation": [-0.7465047013264332, -0.006755288949608304, -0.009714820729788775, -0.6652749200345133], "translation": [-274.33097997293277, 3048.6617111506994, -19.039264687123822]}