{"rotation": [-0.9996981755056502, -0.007040031630404274, 0.0028541766917611804, -0.02336342271006751], "translation": [-214.5087797453826, 3059.125738105304, -19.23619587927804]}