{"rotation": [-0.9728808604176463, 0.0008269842731115208, -0.009175186216879105, -0.2311232647050439], "translation": [-270.01903058097315, 3055.695908475101, -19.243611543501437]}