{"rotation": [-0.683815864953796, -0.011924142170514766, -0.010160010027745858, -0.7294864302145896], "translation": [-274.3393961793149, 3042.751711740509, -19.025141678692762]}