{"rotation": [-0.9999561103191991, -0.008766643146685212, 0.0012334845577508583, 0.0030662548952023836], "translation": [-231.60091522165874, 3058.9066139229467, -19.296111950480316]}