{"rotation": [-0.9995255509246019, -0.011710663598172948, 0.0036211114454012963, -0.02825634369237358], "translation": [-246.51379798399, 3057.8706994438962, -19.31650557591441]}