{"rotation": [-0.999783238779712, -0.00667207299952257, 0.0024081923255237173, -0.019574460573969166], "translation": [-217.16312058034183, 3059.0142508101594, -19.254689350908844]}