{"rotation": [-0.9996490916775415, -0.006764442608944053, 0.0026567400798498827, -0.02547307513051407], "translation": [-211.73039207318917, 3059.2605129883777, -19.214278516143445]}