{"rotation": [-0.9983026936998542, -0.011525246226520116, 0.0037400298454241658, -0.05696413457420726], "translation": [-242.94803116544432, 3058.1614984577345, -19.300661399833725]}