{"rotation": [-0.9980099927569378, -0.00906076809182654, 0.0038500855178826253, -0.062282691659786935], "translation": [-241.37515575640742, 3058.3580342970263, -19.29717082096151]}