{"rotation": [-0.9999459577149739, -0.008906829846079533, 0.0008433392816298452, -0.00529516859343331], "translation": [-223.85403021818965, 3058.850861019936, -19.2777874649212]}