{"rotation": [-0.9995981095848997, -0.00818365590271663, 0.0034240127345812467, -0.026924398361974387], "translation": [-256.3418802376872, 3057.2945455050585, -19.40423169093281]}