{"rotation": [-0.9995375865057005, -0.01174736586160198, 0.0026601587733055838, -0.027920173942400654], "translation": [-247.0567397135329, 3057.8377205890383, -19.31741819995668]}