{"rotation": [-0.9999342919360337, -0.00920182274018198, 0.0016946849221888952, 0.0066231647764322865], "translation": [-229.2131224436603, 3058.876098720418, -19.292492990247712]}