{"rotation": [-0.99758892173822, -0.010902529000784915, -0.007728975784586073, -0.0681009619600476], "translation": [-266.6003653488449, 3056.705751730879, -19.333683279755533]}