{"rotation": [-0.6843164239890849, -0.012089631997205188, -0.010070183606951437, -0.7290154072851174], "translation": [-274.3512667933724, 3042.875781497417, -19.02403464835692]}