{"rotation": [-0.8469104027459724, -9.456690149642046e-05, -0.014132558825824605, -0.5315477697806572], "translation": [-273.36439065986616, 3052.2617625732237, -19.09082496281962]}