{"rotation": [-0.9999502917201025, -0.009901498469554857, 0.0011717455960974627, 3.7804726868220736e-05], "translation": [-232.42482379835693, 3058.908217382246, -19.295833598247437]}