{"rotation": [-0.9996904721663951, -0.0073647038613108085, 0.002730284011896929, -0.02360649372481541], "translation": [-214.2913251838013, 3059.136256435614, -19.236554015085954]}