{"rotation": [-0.9972240211453478, -0.010494327297167958, -0.008153215656019631, -0.07326421923251003], "translation": [-266.7732520252629, 3056.678941823936, -19.329763493847317]}