{"rotation": [-0.9996428275474789, -0.007271296903599735, 0.00290386834012491, -0.025552164739689867], "translation": [-211.30418605650317, 3059.281184220823, -19.21169749190894]}