{"rotation": [-0.9995331779399311, -0.008021128958699103, 0.001987062565931756, -0.02941324990355487], "translation": [-254.02025947935817, 3057.432590195779, -19.38068593973746]}