{"rotation": [-0.9552542930272684, 0.0028139321347955258, -0.009800314219225196, -0.29560999861323844], "translation": [-270.9110184215925, 3055.1628133572867, -19.21065795284328]}