{"rotation": [-0.6743743034076239, -0.008730622350500011, -0.015746756566946185, -0.7381701123687388], "translation": [-273.9454906345414, 3038.9052375286574, -19.03059672842976]}