{"rotation": [-0.9999494531449353, -0.008795652235765948, 0.0007905240316144023, -0.004806529792664748], "translation": [-224.05409742384762, 3058.849527836519, -19.276561212877738]}