{"rotation": [-0.6778859425557562, -0.012176651401337545, -0.010606959070358073, -0.7349897077274103], "translation": [-274.1632309382001, 3040.786062965557, -19.02244910651137]}