{"rotation": [-0.9999511141367188, -0.008641615908204819, 0.0006001966666099219, -0.004767764171120273], "translation": [-233.575304152338, 3058.9056686104295, -19.292711379668308]}