{"rotation": [-0.9999559115970781, -0.008865232142251593, 0.0024155157381980305, 0.0019359248020217289], "translation": [-226.86155738643953, 3058.848191244499, -19.288891209906346]}