{"rotation": [-0.6964654587390781, -0.011993142295579578, -0.010816163459021132, -0.7174085585837902], "translation": [-274.45394173543326, 3044.821162394912, -19.031282494255382]}