{"rotation": [-0.9963452810597816, -0.008687907151884654, -0.008797203733356853, -0.08451751525985031], "translation": [-267.11722393671647, 3056.623448970595, -19.31987557487373]}