{"rotation": [-0.9492136097312014, 0.002784133440120282, -0.010171818976986295, -0.31445557047180706], "translation": [-271.1462338077159, 3054.9919161765492, -19.201322525931523]}