{"rotation": [-0.8217974992928722, -0.0014915254698646117, -0.01475683840241738, -0.5695865879988042], "translation": [-273.67811008628706, 3051.514471680913, -19.07293823475129]}