{"rotation": [-0.9998910129910468, -0.007562733129194272, 0.002157764593470692, -0.012494449140082289], "translation": [-220.83471561173928, 3058.8998513548167, -19.271175859576093]}