{"rotation": [-0.999878500121307, -0.0076226577897276415, 0.0021906896757426376, -0.013419424806261793], "translation": [-220.42171909234105, 3058.910814320984, -19.270868488891217]}