{"rotation": [-0.9993382964451254, -0.013913764445805027, 0.0025495184515053333, -0.033509347543138064], "translation": [-245.43360718910725, 3057.934522441245, -19.308770857223173]}