{"rotation": [-0.9998414618930888, -0.006960857996326727, 0.0021677918902263016, -0.01624494425249808], "translation": [-219.06245358101992, 3058.948330452851, -19.263432180581937]}