{"rotation": [-0.9999176170428891, -0.008339687433899982, 0.00022757898732273494, -0.00975484231444675], "translation": [-234.4578999361629, 3058.8949151197476, -19.287575768514223]}