{"rotation": [-0.9968079250790068, -0.009625419509067003, -0.008511075338412964, -0.07879640471203916], "translation": [-266.94391874884354, 3056.6523139051624, -19.32541694053472]}