{"rotation": [-0.9999505211412627, -0.009866800719009326, 0.001198207225725207, 0.000407200605037503], "translation": [-232.32473575832705, 3058.9092392131174, -19.293890206298464]}