{"rotation": [-0.6750028413126301, -0.008899095703688895, -0.014957508943485328, -0.7376098177503732], "translation": [-273.9924631934024, 3039.348241898694, -19.029962090225798]}