{"rotation": [-0.9995331779043793, -0.00802113938181661, 0.0019870645300401344, -0.029413248136565626], "translation": [-254.02027308852382, 3057.432589381915, -19.3806860061069]}