{"rotation": [-0.9997132393849857, -0.015966688570561962, -0.0014417866228497458, -0.017788341850864864], "translation": [-262.7904586445956, 3056.98519631061, -19.406191316990768]}