{"rotation": [-0.999367244750545, -0.014941041899597348, -0.006005288089451622, -0.03171453770152741], "translation": [-264.767150734026, 3056.8879316450507, -19.37463053763645]}