{"rotation": [-0.9981861709915352, -0.007141688611097151, 0.0027635510149543008, -0.05971370957181993], "translation": [-240.510272452713, 3058.469389147433, -19.291844724444935]}