{"rotation": [-0.9994291614262906, -0.015518106883608756, -0.0058062446021874894, -0.029441928827952157], "translation": [-264.58169496772166, 3056.898864878581, -19.376592453291362]}