{"rotation": [-0.9988269633031189, -0.012313905923473504, -0.006101817397433155, -0.04643094791220814], "translation": [-265.7002072278006, 3056.8114659689936, -19.357706875905244]}