{"rotation": [-0.9996806743109765, -0.009080096166812684, 0.004558180113162815, -0.023137075372847583], "translation": [-258.2052335841388, 3057.189565758071, -19.42088586956132]}