{"rotation": [-0.9996049521040482, -0.008483475473747412, 0.003582922182074286, -0.026554341294541293], "translation": [-256.57100640589607, 3057.278215863564, -19.409186032528442]}