{"rotation": [-0.999890886084699, -0.00863881388247905, 0.0002511188202471705, -0.01198014018271663], "translation": [-234.80890621974834, 3058.88764820312, -19.28770229119991]}