{"rotation": [-0.9998737426366637, -0.008861917077762111, 0.00034650945498124864, -0.013185034799171519], "translation": [-234.98607015734632, 3058.8835594104903, -19.288137307433967]}