{"rotation": [-0.999940473428181, -0.008752159283205399, 0.0014780978382408548, 0.006345434176401366], "translation": [-230.14004144639276, 3058.889872326783, -19.29504290595497]}