{"rotation": [-0.9997498744603613, -0.014261685308381915, 0.0021946561788205683, -0.01708731497085477], "translation": [-261.3270707021991, 3057.0445522358737, -19.424183079365196]}