{"rotation": [-0.999772263900984, -0.006841287337674611, 0.0023466882025173267, -0.020077603849685814], "translation": [-216.85660459970646, 3059.026028449762, -19.253061671693988]}