{"rotation": [-0.6773940819627358, -0.011953311772402598, -0.010996511588794645, -0.7354409920533475], "translation": [-274.1352276157483, 3040.558585186085, -19.026504261026336]}