{"rotation": [-0.9996538003858407, -0.0067696749906388624, 0.0022999797978383364, -0.02532115652169915], "translation": [-212.36843507947341, 3059.2280280586087, -19.220441727564012]}