{"rotation": [-0.9946134349440116, -0.006711426220390673, -0.009568842008601038, -0.10299276212228313], "translation": [-267.61893832051163, 3056.5248759958176, -19.30770471004638]}