{"rotation": [-0.9998784984236884, -0.007622663844532354, 0.0021906972640903474, -0.013419546616806477], "translation": [-220.42166090787813, 3058.9108156513416, -19.270868325622484]}