{"rotation": [-0.9999554351465151, -0.008597632747178388, 0.0012564181945640674, 0.003691862051704794], "translation": [-231.4220984036512, 3058.905306359675, -19.2956936366716]}