{"rotation": [-0.9999554351698167, -0.008597642422454843, 0.0012564177713105778, 0.0036918333524278177], "translation": [-231.4221069138048, 3058.9053064297104, -19.295693593821117]}