{"rotation": [-0.9999019383293078, -0.008849696094907312, 0.0023083498481357182, -0.010605099023558766], "translation": [-221.65066025088643, 3058.882418094753, -19.27490741840744]}