{"rotation": [-0.9999562107808643, -0.00896154953146472, 0.002363611167076909, 0.0012963383130196015], "translation": [-226.57798624569074, 3058.8469983565465, -19.286227470262645]}