{"rotation": [-0.9999511143106314, -0.008641654411895055, 0.0006002112273340452, -0.004767656073420474], "translation": [-233.57528379641795, 3058.9056687495695, -19.292711471573064]}