{"rotation": [-0.9996423731211357, -0.009039872891178528, 0.004236147815489391, -0.024808498756291816], "translation": [-257.5105412968462, 3057.2262190097426, -19.417147936102047]}