{"rotation": [-0.9995981150727294, -0.006866736046133172, 0.0010558580963899874, -0.02748347581364988], "translation": [-236.71887969993125, 3058.8169696311197, -19.28829613341579]}