{"rotation": [-0.7099363783138769, -0.010584324643565207, -0.010949519270994829, -0.7041011424832015], "translation": [-274.46794938409226, 3046.3065132789484, -19.03028099076255]}