{"rotation": [-0.7262281299114258, -0.008902361141843373, -0.010311186976132503, -0.6873187984586169], "translation": [-274.42374072323565, 3047.551770230832, -19.033652308820326]}