{"rotation": [-0.9999341733981207, -0.009138893259818632, 0.0016602559774129772, 0.006735952099898384], "translation": [-229.399609811025, 3058.87930988539, -19.291729936396127]}