{"rotation": [-0.9996428274800992, -0.007271298361703791, 0.0029038782332832633, -0.025552165836458807], "translation": [-211.30416653042073, 3059.281185180813, -19.211697404726696]}