{"rotation": [-0.6932863981287114, -0.01209116059102012, -0.010573062415388855, -0.7204831603559104], "translation": [-274.4373169072772, 3044.3891493497113, -19.030628940101845]}