{"rotation": [-0.698675681737279, -0.011883045160299791, -0.010985450765326471, -0.7152554822286574], "translation": [-274.46695516401405, 3045.111470949747, -19.03039574063599]}