{"rotation": [-0.9867242920684258, -0.001771689660398496, -0.009574826383181502, -0.16211216875220402], "translation": [-268.8774588471311, 3056.1790640838967, -19.277788697487154]}