{"rotation": [-0.9749765967084429, 0.00029630817391644267, -0.009041270772703329, -0.2221233970006379], "translation": [-269.8834590168783, 3055.763716807126, -19.24870893989618]}