{"rotation": [-0.9985270809279336, -0.012525941975542585, 0.0033724752495893438, -0.05268202579491511], "translation": [-243.47406089048616, 3058.1019643401664, -19.302783165153237]}