{"rotation": [-0.7370733083831621, -0.007998852362273415, -0.010125766493259728, -0.6756895924038719], "translation": [-274.3787430902489, 3048.1816805009325, -19.035750438890247]}