{"rotation": [-0.9999586499426354, -0.008889265975928195, 0.0019181140250631391, -1.3924727645227042e-05], "translation": [-225.99903016931623, 3058.8449589140687, -19.28572245057646]}