{"rotation": [-0.6912832105680368, -0.012017990414569515, -0.010451713649672695, -0.7224083695354919], "translation": [-274.4272741312205, 3044.1069904579867, -19.029790689492273]}