{"rotation": [-0.9999511140960292, -0.008641606900095087, 0.0006001932600636977, -0.004767789461058362], "translation": [-233.57530891469614, 3058.9056685778764, -19.292711358166684]}