{"rotation": [-0.9999502669886009, -0.009880933877980488, 0.0010247869602074953, -0.0008834629653053432], "translation": [-232.68612245793696, 3058.90888817717, -19.29421139864045]}