{"rotation": [-0.6764653123985536, -0.01096427712420898, -0.0124292952911999, -0.7362879724450448], "translation": [-274.0813167948468, 3040.117602195814, -19.030871641000843]}