{"rotation": [-0.9999474610830512, -0.008770770009816383, 0.0023648985290460607, 0.004749307522376707], "translation": [-228.09283586857393, 3058.8596525317776, -19.291111521758886]}