{"rotation": [-0.9996563782387634, -0.008905386975370414, 0.004474885667543003, -0.02424448241641435], "translation": [-257.74685978278677, 3057.214673751511, -19.41784794941117]}