{"rotation": [-0.9995981093619937, -0.008183640543295982, 0.003423994381315016, -0.026924413640091436], "translation": [-256.3418681249538, 3057.29454619713, -19.404231510163626]}