{"rotation": [-0.9996570255219582, -0.0069408650297322445, 0.002712910580222518, -0.02510569324702472], "translation": [-209.18817649425677, 3059.389491233427, -19.194539233009696]}