{"rotation": [-0.6954055964663582, -0.012173753493719937, -0.010661658149512197, -0.7184352338065315], "translation": [-274.4454782606625, 3044.669691803671, -19.031150204774438]}