{"rotation": [-0.9999550123166265, -0.008773864529382969, 0.002515710816806202, 0.0025814420701634074], "translation": [-227.14745173408693, 3058.8505460394726, -19.288937538059955]}