{"rotation": [-0.9999494530831817, -0.008795654899091456, 0.0007905251477331844, -0.004806537582588334], "translation": [-224.05409447692216, 3058.8495278520336, -19.27656121547421]}