{"rotation": [-0.9981846630045382, -0.010883327402645972, 0.0038989578118856488, -0.05910778168011803], "translation": [-242.59539928308286, 3058.2043231709463, -19.300631477400017]}