{"rotation": [-0.9996049529723954, -0.00848352635164444, 0.003582933943806295, -0.02655429076534812], "translation": [-256.5710506269531, 3057.2782130797013, -19.409186610339646]}