{"rotation": [-0.9980115801459639, -0.009883837886343913, 0.004128284638572435, -0.06211403149961914], "translation": [-241.72265082952092, 3058.3132771098662, -19.298800509930334]}