{"rotation": [-0.6736699714022686, -0.00882985898320766, -0.016016164406212115, -0.7388059865072267], "translation": [-273.89711571681926, 3038.412989307809, -19.029854814632895]}