{"rotation": [-0.8854497582917881, -0.001302890268117423, -0.012395628337970371, -0.46456794596277345], "translation": [-272.76944597497004, 3053.292102991213, -19.130445439665326]}