{"rotation": [-0.9985270646586322, -0.01252587169130084, 0.003372503059688841, -0.052682349090575], "translation": [-243.47402550390822, 3058.1019680737654, -19.302783049398887]}