{"rotation": [-0.9999390677883772, -0.008970191044653424, 0.0018444920711605966, 0.006163946149437839], "translation": [-228.8415159817627, 3058.8701101268653, -19.291497571695615]}