{"rotation": [-0.9995615074906586, -0.008928021498455962, 0.0016401279060358318, -0.028184981028500884], "translation": [-250.50223640145006, 3057.644916357358, -19.341164221324497]}