{"rotation": [-0.9999554351316972, -0.008597626594694896, 0.0012564184637098737, 0.003691880301501269], "translation": [-231.4220929920664, 3058.905306315139, -19.29569366392011]}