{"rotation": [-0.9998338384499468, -0.009225484902630669, 0.00039030973882653286, -0.015717301837941993], "translation": [-235.33070523961405, 3058.8736838693712, -19.287888304832215]}