{"rotation": [-0.6856740328256858, -0.012124332613863479, -0.010135409169169907, -0.7277371742244602], "translation": [-274.36709076272524, 3043.145736267849, -19.027367663944382]}