{"rotation": [-0.9995526229013791, -0.011817660405260156, 0.0009080988346307863, -0.02746037709183655], "translation": [-247.60954850590946, 3057.8061625438736, -19.312644389053133]}