{"rotation": [-0.9999590103599957, -0.008860641992308176, 0.0017990829414549529, -0.0004795038186274742], "translation": [-225.80896100421663, 3058.844211421774, -19.283856144931736]}