{"rotation": [-0.9999404737915689, -0.008752151411671126, 0.0014780819865797398, 0.006345391461592475], "translation": [-230.14007691424032, 3058.8898728155823, -19.29504297439543]}