{"rotation": [-0.7134578155553579, -0.01000400759805232, -0.010810642529663118, -0.7005433571614614], "translation": [-274.4617397461418, 3046.6140312895004, -19.031196004247004]}