{"rotation": [-0.9990424000951627, -0.007883168246090254, 0.0008763378281518623, -0.04302755515378099], "translation": [-238.4405621240476, 3058.691969126288, -19.285523423581473]}