{"rotation": [-0.9995409175340687, -0.007364416542550633, 0.0020212192034202723, -0.029319519386779107], "translation": [-252.2213501323852, 3057.5430288394446, -19.360731740512996]}