{"rotation": [-0.9999166080114401, -0.008959097550735005, 0.0019403682162239322, -0.009096513901374137], "translation": [-222.25675917221278, 3058.8714863451214, -19.276679024874763]}