{"rotation": [-0.9749767575024745, 0.0002962703629380919, -0.009041263160322275, -0.22212269157899855], "translation": [-269.8834483364622, 3055.7637220616857, -19.24870934410013]}