{"rotation": [-0.9995553336074089, -0.00887911088643674, 0.0017907192699310704, -0.028409325429234605], "translation": [-250.71243038527123, 3057.6328629659183, -19.34319020481995]}