{"rotation": [-0.9995330078202145, -0.008161944542708214, 0.001992031013329305, -0.029379937910055238], "translation": [-254.24986162096448, 3057.4188738597454, -19.38193517751772]}