{"rotation": [-0.9981861722999114, -0.0071416850501174215, 0.0027635455228857005, -0.059713688380802224], "translation": [-240.51026850345016, 3058.4693896438066, -19.29184470576306]}