{"rotation": [-0.9999518762922432, -0.008228308275578205, 0.0012366694248404698, 0.0051971810895998834], "translation": [-230.87727077793883, 3058.9000641106977, -19.29360640569867]}