{"rotation": [-0.9997363652426727, -0.015270033928864129, 1.368926738729782e-05, -0.01714718308599507], "translation": [-262.3805518520509, 3057.004398302087, -19.41209630936425]}