{"rotation": [-0.999960462128415, -0.00853357424786385, 0.0008578731994567726, -0.0023486898595814925], "translation": [-225.0312098071077, 3058.844369951069, -19.280811283894817]}