{"rotation": [-0.9999371386920222, -0.008879860779308777, 0.0016035060336229835, 0.006655486860622377], "translation": [-229.7712733455438, 3058.8845399074658, -19.293007699302592]}