{"rotation": [-0.9995762620995883, -0.007672238489556434, 0.002272769906944217, -0.02798691695282943], "translation": [-255.63848353373453, 3057.33581743626, -19.393292791121105]}