{"rotation": [-0.9177108391888593, 0.00016085016428942604, -0.01319508130364869, -0.3970298220435013], "translation": [-272.0958051199935, 3054.134031036791, -19.156259800841937]}