{"rotation": [-0.9999561103131684, -0.008766642494312566, 0.0012334845813288505, 0.003066258717589485], "translation": [-231.60091409199075, 3058.906613915668, -19.29611195492528]}