{"rotation": [-0.999359592884787, -0.0065704263518877575, 0.0008876335296463537, -0.03516313002882775], "translation": [-237.5840925191017, 3058.761657946442, -19.28605809003826]}