{"rotation": [-0.7377243854410049, -0.007953235066203528, -0.010125775622709119, -0.6749792188250775], "translation": [-274.3764179218388, 3048.2165104161822, -19.035826979864176]}