{"rotation": [-0.7401503397193595, -0.007652931421007242, -0.010066060720035346, -0.6723225280143175], "translation": [-274.35997541493236, 3048.34004735148, -19.038177130905584]}