{"rotation": [-0.9996483836659769, -0.007104586795257575, 0.003044173331238308, -0.02536467798332993], "translation": [-209.82227163891514, 3059.3570991244173, -19.20183818053081]}