{"rotation": [-0.9427729129283562, 0.0025645793512459685, -0.010677353697584126, -0.3332546349255326], "translation": [-271.37066662784633, 3054.814562762596, -19.19209704831877]}