{"rotation": [-0.9999341735157772, -0.009138872449992048, 0.001660252566122221, 0.006735963708272731], "translation": [-229.39964471983393, 3058.8793104739916, -19.291729895620126]}