{"rotation": [-0.9994978366767778, -0.012230202159051382, 0.003401728051396232, -0.029033168615471696], "translation": [-246.15097939613116, 3057.891587324716, -19.31513810531233]}