{"rotation": [-0.9995916554276607, -0.009580662120514557, 0.00039031918911916534, -0.02691804160134941], "translation": [-249.2868211307907, 3057.716100086329, -19.324954708694538]}