{"rotation": [-0.9997440971475109, -0.011777820825600178, 0.002631842678057359, -0.019133649924313503], "translation": [-260.02439313085665, 3057.104189249003, -19.420921330073767]}