{"rotation": [-0.99970354126622, -0.00818410376037771, 0.0008719171171262433, -0.022914837681282205], "translation": [-236.20206607662925, 3058.8420613692588, -19.28754124370224]}