{"rotation": [-0.9993025671016805, -0.006773508350407095, 0.0008347578983882652, -0.03671242497942018], "translation": [-237.7530894838901, 3058.7488810597692, -19.28615450385998]}