{"rotation": [-0.999949453379997, -0.008795642097946239, 0.0007905197831622516, -0.0048065001406977035], "translation": [-224.05410864117687, 3058.849527777462, -19.276561202994344]}