{"rotation": [-0.9998338378838559, -0.009225488617146338, 0.0003903102090784066, -0.015717335657003034], "translation": [-235.33070968729712, 3058.873683735039, -19.287888285324424]}