{"rotation": [-0.9997722628923856, -0.0068412758799765465, 0.002346677748191301, -0.020077659199188844], "translation": [-216.8565733380554, 3059.0260295445746, -19.25306143682539]}