{"rotation": [-0.8342296274797341, 9.979091284754696e-05, -0.014546928828139696, -0.5512252765779766], "translation": [-273.52541129631874, 3051.900449038969, -19.080979621851757]}