{"rotation": [-0.998752536981578, -0.007635135969626172, 0.001066001533543759, -0.049334959332279424], "translation": [-239.1344500433433, 3058.626826064365, -19.286503747005398]}