{"rotation": [-0.7238524538660823, -0.009090206237789363, -0.01039438711929909, -0.6898166059896063], "translation": [-274.4291469907554, 3047.393238785259, -19.03332645485583]}