{"rotation": [-0.6838158796267242, -0.011924142614477962, -0.010160009854419626, -0.7294864164554384], "translation": [-274.3393965620125, 3042.7517152644637, -19.025141654855652]}