{"rotation": [-0.9999517950584708, -0.009680754057310049, 0.0012435028343755847, 0.0010697013251164842], "translation": [-232.1421515252161, 3058.908531676819, -19.29634072455627]}