{"rotation": [-0.9995152875728761, -0.011866281104366263, 0.0035673331697707138, -0.028559681631958763], "translation": [-246.3325577922795, 3057.881140793184, -19.31577725211554]}