{"rotation": [-0.9823421212598622, -0.0010192198422645472, -0.008834088217818854, -0.18688198649133422], "translation": [-269.32616557944084, 3056.012282073005, -19.265589793584972]}