{"rotation": [-0.9996137932822619, -0.017342978075335632, -0.003893368894297731, -0.021361813358860213], "translation": [-263.60095892937886, 3056.9503513302257, -19.39472070842348]}