{"rotation": [-0.9997404930521963, -0.010481069110648698, 0.0026975374516559295, -0.020045374372816532], "translation": [-259.5773319068051, 3057.1210809573327, -19.418718420111052]}