{"rotation": [-0.9996542988551533, -0.007083653452615627, 0.0021837860082496562, -0.025225695487840427], "translation": [-212.58268808637294, 3059.2165705884686, -19.221566898069987]}