{"rotation": [-0.9998737416387917, -0.008861931726303108, 0.0003465137751094289, -0.013185100512496604], "translation": [-234.98607953750013, 3058.883559170288, -19.28813731774389]}