{"rotation": [-0.9998978540447072, -0.008066002096589215, 0.0022686951829689497, -0.011579037487376334], "translation": [-221.24344335234068, 3058.89076363576, -19.272974292724097]}