{"rotation": [-0.7193652307628385, -0.009367012474674538, -0.01056659319309136, -0.6944884959127251], "translation": [-274.44917857605196, 3047.0824162107565, -19.03194959216015]}