{"rotation": [-0.9980115798165824, -0.009883813839607193, 0.00412827818680658, -0.062114041047140536], "translation": [-241.7226412537029, 3058.3132783260335, -19.298800448223034]}