{"rotation": [-0.9995336016990857, -0.0078045085261123715, 0.0019377726181170115, -0.029460376073632177], "translation": [-253.79402768171147, 3057.4468788890863, -19.377681244379115]}