{"rotation": [-0.7684960972543062, -0.0034270880921182635, -0.009661570241193119, -0.6397723482869383], "translation": [-274.19670497543444, 3049.606821927017, -19.046134143845205]}