{"rotation": [-0.9997276974938699, -0.006324652875202865, 0.0025720661420997526, -0.02231398900632208], "translation": [-215.36224782112046, 3059.0881236749024, -19.24288524044432]}