{"rotation": [-0.9995903563632056, -0.010400949314492923, -0.0005653268588486013, -0.026657459079584524], "translation": [-248.7109388962108, 3057.746922991694, -19.317996798221102]}