{"rotation": [-0.9999389060081387, -0.009026348695946136, 0.0010918151724114947, -0.006286272352929211], "translation": [-223.45963132770825, 3058.854750655073, -19.276155247854824]}