{"rotation": [-0.9997481222191731, -0.01457391126815941, 0.0020031053265769463, -0.01694935982967661], "translation": [-261.541622893846, 3057.037316958875, -19.42222674729024]}