{"rotation": [-0.9998122402570708, -0.0062526857057099375, 0.002222809224756604, -0.018205693415887864], "translation": [-217.91980898588855, 3058.987335203233, -19.257339821746722]}