{"rotation": [-0.6786721603570162, -0.01234495577605125, -0.010236027727367817, -0.7342662490946948], "translation": [-274.20320257664366, 3041.135490449596, -19.0185796986469]}