{"rotation": [-0.9988692313067332, -0.013503820380554424, 0.002656259324363606, -0.04550659150307031], "translation": [-244.18291677862095, 3058.032564825272, -19.303968274391995]}