{"rotation": [-0.821797096719483, -0.0014915937772068933, -0.014756842966410952, -0.5695871685326991], "translation": [-273.67811476328296, 3051.5144587052046, -19.07293805019603]}