{"rotation": [-0.9995551737676057, -0.008019267686056894, 0.0018855206439261716, -0.02866340440513615], "translation": [-255.17447721979588, 3057.363927368128, -19.38754644686385]}