{"rotation": [-0.9997354625941125, -0.006382952959899661, 0.0024607039596614443, -0.021959227656514983], "translation": [-215.57556046022466, 3059.079539483408, -19.244465843514895]}