{"rotation": [-0.9995492727674594, -0.008200264909919904, 0.0019299614741056573, -0.028814618063733262], "translation": [-251.3501629677115, 3057.595217108092, -19.350191117079255]}