{"rotation": [-0.9931212523291578, -0.0047724006103403264, -0.009790281896932693, -0.11658281496412012], "translation": [-267.94296549877697, 3056.4513061690736, -19.29964329882828]}