{"rotation": [-0.999515288319082, -0.011866263496529885, 0.00356734017203495, -0.028559661957915813], "translation": [-246.33256623105748, 3057.881140303947, -19.315777314363324]}