{"rotation": [-0.9996381564176451, -0.007751067963570512, 0.0030293519045030224, -0.025579292531156365], "translation": [-210.66629745911007, 3059.3128508061923, -19.208624363727083]}