{"rotation": [-0.999949452921825, -0.008795661858103277, 0.0007905280640435583, -0.004806557936904539], "translation": [-224.05408677689107, 3058.8495278925725, -19.2765612222585]}