{"rotation": [-0.6759859341769027, -0.010178145392020091, -0.0134138168037633, -0.7367221264968999], "translation": [-274.055073677905, 3039.897794203321, -19.030669607863835]}