{"rotation": [-0.9996570260684777, -0.006940833525363777, 0.002712868666869995, -0.025105684724706142], "translation": [-209.1881173758266, 3059.3894940804134, -19.19453856548206]}