{"rotation": [-0.9996945074311205, -0.016340054862437003, -0.002089314326257521, -0.018426317721893005], "translation": [-262.9980477889782, 3056.9781474699826, -19.402362745014234]}