{"rotation": [-0.9995407071255539, -0.011828603980387813, 0.002145847979552139, -0.02781823616392045], "translation": [-247.2450978662755, 3057.827022160711, -19.313997239842717]}