{"rotation": [-0.9806630911051141, -0.000777169837736788, -0.008814543052892988, -0.19550345670083413], "translation": [-269.46697256893094, 3055.953713882506, -19.26246531691685]}