{"rotation": [-0.9997485881452343, -0.0144937386836011, 0.0020814000437930982, -0.016981160574002906], "translation": [-261.47173604762844, 3057.039540436012, -19.422922756487626]}