{"rotation": [-0.9999502669938182, -0.009880932742924701, 0.001024785382718047, -0.0008834715846082375], "translation": [-232.68612490961314, 3058.9088881818275, -19.29421137776704]}