{"rotation": [-0.9994132125432901, -0.006492450995639625, 0.0008821389381805568, -0.033619942071090744], "translation": [-237.41072023812728, 3058.7737819848917, -19.284306847293635]}