{"rotation": [-0.990286935535189, -0.0029972736478512236, -0.00990900373979358, -0.13865285176976752], "translation": [-268.42032960070884, 3056.3240129288747, -19.28800843870818]}