{"rotation": [-0.7011571609268791, -0.011755265873726503, -0.010961965977233902, -0.7128255640106567], "translation": [-274.4683377579244, 3045.404265306439, -19.030391559415104]}