{"rotation": [-0.9982003834784862, -0.011054668911377293, -0.0068779746792253914, -0.05853616132763593], "translation": [-266.2466691426047, 3056.750627477835, -19.343599979382898]}