{"rotation": [-0.6819255526658691, -0.012147957424339485, -0.010072587084506222, -0.7312513321295152], "translation": [-274.29678864194483, 3042.232330095513, -19.022568697472146]}