{"rotation": [-0.9996049526182162, -0.008483505599668656, 0.0035829291464543576, -0.026554311375095365], "translation": [-256.57103259015594, 3057.278214215177, -19.40918637466303]}