{"rotation": [-0.8135842221494674, -0.0026330235542803555, -0.014661629077367802, -0.5812562406453856], "translation": [-273.77416763520364, 3051.2466989535774, -19.067773307434948]}