{"rotation": [-0.9980519612365312, -0.008265192500079656, 0.0033584619421997254, -0.06174698371769275], "translation": [-241.02946590893893, 3058.402900414512, -19.294742396722054]}