{"rotation": [-0.9995375865078773, -0.01174736596431636, 0.0026601582615321476, -0.02792017387001246], "translation": [-247.05673988849682, 3057.8377205788397, -19.317418199312854]}