{"rotation": [-0.6751767389127943, -0.009022399475208892, -0.01474448694495494, -0.7374534342204424], "translation": [-274.0045886038329, 3039.4580342471186, -19.029820593118366]}