{"rotation": [-0.9996577123888668, -0.007606256790897559, 0.002087934141358138, -0.024944808079237817], "translation": [-213.01090773583817, 3059.1960391473654, -19.22496674187201]}