{"rotation": [-0.6742413530209315, -0.008724170582283183, -0.01585568389210408, -0.7382892956101075], "translation": [-273.93397761454713, 3038.7905357920995, -19.03050140359121]}