{"rotation": [-0.9986968109792517, -0.013189446648633084, 0.0030201523503171775, -0.0492097238028889], "translation": [-243.8293447027256, 3058.0654442459454, -19.30272232698524]}