{"rotation": [-0.9983723937510466, -0.00691622754450306, 0.0020962136513409876, -0.05657150414020933], "translation": [-239.9903289357075, 3058.5328026001625, -19.290696928138598]}