{"rotation": [-0.9999511141867695, -0.008641626988976973, 0.0006002008569632429, -0.004767733062258427], "translation": [-233.57529829421605, 3058.9056686504723, -19.292711406117142]}