{"rotation": [-0.9997538373152152, -0.01322231750326384, 0.0025162464940721965, -0.017638129065359925], "translation": [-260.9021602963104, 3057.0640982651616, -19.4237927537129]}