{"rotation": [-0.9998996062058851, -0.008497764803928894, 0.0022778092365663785, -0.011107523924570756], "translation": [-221.44446479337887, 3058.886063526529, -19.275784478098675]}