{"rotation": [-0.9995115035821058, -0.006410849006158411, 0.0009993381700244002, -0.030572153101805645], "translation": [-237.06632432763016, 3058.7965986143354, -19.287551433425556]}