{"rotation": [-0.9997340869244429, -0.00985784363777205, 0.0028637591842237587, -0.020648904171858662], "translation": [-259.35589968041234, 3057.1341286623815, -19.417365737526403]}