{"rotation": [-0.9999502669931776, -0.009880932882317521, 0.0010247855764448216, -0.0008834705260973264], "translation": [-232.68612460853006, 3058.9088881812563, -19.2942113803304]}