{"rotation": [-0.9997722644398905, -0.006841293459679941, 0.0023466937884072075, -0.020077574275686523], "translation": [-216.8566213032357, 3059.02602786479, -19.25306179718774]}