{"rotation": [-0.9999462012557713, -0.008435620516981943, 0.0013515910728075402, 0.005882865136827858], "translation": [-230.5089705179399, 3058.8957176215094, -19.293191664106697]}