{"rotation": [-0.9995359514848222, -0.007526176405374775, 0.0018862194915909838, -0.029456417536352985], "translation": [-253.5635635457813, 3057.460768257809, -19.376992273352588]}