{"rotation": [-0.8062445362684934, -0.0032292049926419364, -0.014252899868340958, -0.5914018725178851], "translation": [-273.8550571642739, 3051.002866646648, -19.065032956832177]}