{"rotation": [-0.9999557312166959, -0.008824955224884608, 0.0024548199818659336, 0.002151657737288764], "translation": [-226.95685846326637, 3058.848926895301, -19.289020637027715]}