{"rotation": [-0.9996695039770289, -0.00897762762546847, 0.004593978036884274, -0.023646995291922844], "translation": [-257.97766619527704, 3057.2006116096254, -19.419014743461844]}