{"rotation": [-0.79293970148037, -0.004275986099596443, -0.013407788330969093, -0.6091375681824016], "translation": [-273.9914751565306, 3050.5301141199852, -19.059023335551448]}