{"rotation": [-0.9996695039599723, -0.008977627414151283, 0.0045939778702457955, -0.02364699612558226], "translation": [-257.97766586138187, 3057.2006116271587, -19.419014742519064]}