{"rotation": [-0.9998784999685507, -0.0076226583345572725, 0.0021906903585650964, -0.013419435767142836], "translation": [-220.42171385672725, 3058.9108144406932, -19.270868474199872]}