{"rotation": [-0.9997453484524227, -0.015000827676877248, 0.0011560273235660785, -0.01681894817103062], "translation": [-261.9599090359209, 3057.017808552499, -19.418709946043972]}