{"rotation": [-0.9980284871564428, -0.01016907566442976, 0.004146358730814287, -0.06179430745326463], "translation": [-241.89601644852075, 3058.291391574708, -19.299580242080044]}