{"rotation": [-0.9999517950272105, -0.009680758149257186, 0.0012435022775525593, 0.0010696941622587016], "translation": [-232.14215346912917, 3058.9085316868886, -19.29634071406109]}