{"rotation": [-0.9995864942573314, -0.0077802078806297375, 0.0026220805945711854, -0.027557822066117427], "translation": [-255.87030385211025, 3057.3211339993272, -19.397675052607553]}