{"rotation": [-0.9995409184839191, -0.007364404169303739, 0.0020211995565879073, -0.029319491467400004], "translation": [-252.22130634937406, 3057.543031377997, -19.360731138603203]}