{"rotation": [-0.9995336015247649, -0.007804532581958553, 0.0019377716310370054, -0.029460375680153625], "translation": [-253.79404749876946, 3057.4468776914546, -19.377681394415138]}