{"rotation": [-0.6792668069426276, -0.01231357876701735, -0.01020992016404342, -0.7337170696488937], "translation": [-274.23180023295504, 3041.392413591225, -19.016238212918267]}