{"rotation": [-0.9999505211382022, -0.00986680115912211, 0.0011982069291981065, 0.00040719832890234514], "translation": [-232.3247363607102, 3058.9092392149705, -19.293890203365258]}