{"rotation": [-0.9999615055156709, -0.008503726803124584, 0.00107769589200157, -0.0018742168644779417], "translation": [-225.2268260367142, 3058.844204505083, -19.2810254858207]}