{"rotation": [-0.9998237743524402, -0.006308025149605085, 0.0022051447069771006, -0.017543272077186735], "translation": [-218.34138036810575, 3058.971834065164, -19.259429497963282]}