{"rotation": [-0.9998573545938754, -0.007787538534729991, 0.0022161928322309544, -0.014822725708790677], "translation": [-219.80431114468692, 3058.9266889000673, -19.266934733197896]}