{"rotation": [-0.99928180564612, -0.01416519047762276, 0.0024425291850160135, -0.03506072353136818], "translation": [-245.2565852756085, 3057.9466357878177, -19.306592994077842]}