{"rotation": [-0.9972240123565512, -0.010494316884534335, -0.008153222935637765, -0.07326433954107436], "translation": [-266.7732560073046, 3056.6789412335493, -19.329763374393114]}