{"rotation": [-0.9997538369444473, -0.01322242923001301, 0.0025162252588163264, -0.01763806935466193], "translation": [-260.90220881585964, 3057.0640965908265, -19.42379271537008]}