{"rotation": [-0.9996563781730148, -0.00890538773294257, 0.0044748845735688905, -0.024244485051031297], "translation": [-257.7468587141631, 3057.2146738035676, -19.41784794285092]}