{"rotation": [-0.9996530450301154, -0.006582515296507794, 0.00235636664253632, -0.025395030825641783], "translation": [-212.15398355390315, 3059.2386650594813, -19.21901767467974]}