{"rotation": [-0.9999590104377627, -0.008860634950055525, 0.0017990663837698492, -0.00047953389767186976], "translation": [-225.80894839594322, 3058.84421136925, -19.283856083934566]}