{"rotation": [-0.9981846601240255, -0.01088330521575091, 0.0038989621832115225, -0.05910783412170001], "translation": [-242.59538877725637, 3058.2043244297674, -19.300631434571024]}