{"rotation": [-0.7370734300477089, -0.00799884384310719, -0.01012576649584463, -0.6756894597873718], "translation": [-274.3787426622451, 3048.18168700647, -19.035750452899993]}