{"rotation": [-0.6738264740870443, -0.008781563830554765, -0.015904833013779374, -0.7386662326402333], "translation": [-273.8970132684719, 3038.4093262054203, -19.029529676248064]}