{"rotation": [-0.701157166628344, -0.011755265104826735, -0.010961965772687236, -0.7128255584183456], "translation": [-274.4683377901414, 3045.4042659881725, -19.030391557665975]}