{"rotation": [-0.9999341733706575, -0.009138898117214378, 0.0016602567736708955, 0.006735949390290508], "translation": [-229.39960166266778, 3058.8793097479993, -19.291729945913982]}