{"rotation": [-0.999740493144659, -0.010481113940646146, 0.002697534355757377, -0.020045346737753652], "translation": [-259.57734404261345, 3057.1210804980205, -19.418718433603058]}