{"rotation": [-0.9999494531847763, -0.008795650517491416, 0.0007905233115377675, -0.004806524766907531], "translation": [-224.0540993250899, 3058.8495278265086, -19.276561211202605]}