{"rotation": [-0.6751767167390218, -0.009022374599894342, -0.014744521172807896, -0.7374534541416691], "translation": [-274.00458692266847, 3039.458019149645, -19.02982059443196]}