{"rotation": [-0.9983716876153467, -0.011822794926374022, 0.0035670670978925024, -0.0556908513180829], "translation": [-243.1178517220661, 3058.1421002956145, -19.303638215171926]}