{"rotation": [-0.9980569755296006, -0.01024685125116369, 0.004083471480365584, -0.06132373844451985], "translation": [-242.07052700984175, 3058.2693582394313, -19.299661613247586]}