{"rotation": [-0.8186199751412409, -0.0020567078047029675, -0.014822954268688312, -0.5741405631720412], "translation": [-273.7178301785254, 3051.4140979643635, -19.06980426450626]}