{"rotation": [-0.6773940885828098, -0.011953315603335212, -0.010996504048682739, -0.7354409860062592], "translation": [-274.13522806273636, 3040.5585888521446, -19.02650419758404]}