{"rotation": [-0.737073397651826, -0.007998846111524256, -0.010125766495156372, -0.6756894950994597], "translation": [-274.37874277621063, 3048.1816852742254, -19.035750449169587]}