{"rotation": [-0.8725636890042815, -0.001972998952146679, -0.012888632462872739, -0.4883263243565837], "translation": [-272.98597388043333, 3052.957300884128, -19.1184888936915]}