{"rotation": [-0.9999368734749113, -0.008130520832044314, 0.0003345433988108619, -0.007748017613126055], "translation": [-234.10852076730262, 3058.9000402899846, -19.289085570484858]}