{"rotation": [-0.9522745437804143, 0.002770517709727822, -0.010008378338046986, -0.3050661401441766], "translation": [-271.02929135254254, 3055.0787184897895, -19.2061077186629]}