{"rotation": [-0.9998856054416155, -0.007497250388145629, 0.002155487410046565, -0.012958438999224019], "translation": [-220.62768079591316, 3058.9058789171736, -19.271119701289628]}