{"rotation": [-0.9995314443638417, -0.011691098060613069, 0.003448669652577544, -0.02807697689739889], "translation": [-246.69369850565536, 3057.859400528547, -19.31763032630296]}