{"rotation": [-0.7052287096721043, -0.011348690478568155, -0.010967693597169046, -0.7088041929727836], "translation": [-274.4714658135737, 3045.8518360776357, -19.02985282886582]}