{"rotation": [-0.9634693206230107, 0.002297207619354295, -0.009459081547037422, -0.2676417695944979], "translation": [-270.5439398666874, 3055.402564612938, -19.223278843123]}