{"rotation": [-0.999590356049184, -0.01040097773459317, -0.0005653504953908501, -0.026657459264667505], "translation": [-248.71092441169938, 3057.7469237823693, -19.317996542003943]}