{"rotation": [-0.7099352756076366, -0.01058454019887164, -0.010949582674204211, -0.7041022501000465], "translation": [-274.4679475994769, 3046.306412680352, -19.03028127349506]}