{"rotation": [-0.9997618220879709, -0.006559164416153557, 0.0022625767176402646, -0.020691959890236335], "translation": [-216.43120359577725, 3059.0422666035633, -19.249694479714396]}