{"rotation": [-0.9984453181772379, -0.006864429750702043, 0.0018879611078566902, -0.0552834678453433], "translation": [-239.82044045170136, 3058.5524311861573, -19.289612870163634]}