{"rotation": [-0.9552549496140103, 0.002813901206779395, -0.009800301976071657, -0.29560787756606066], "translation": [-270.91099134429317, 3055.162832278282, -19.210658911669587]}