{"rotation": [-0.999655863570801, -0.007348252745365724, 0.002095289960523971, -0.02509516626937699], "translation": [-212.79621124658533, 3059.206268269268, -19.223501657035342]}