{"rotation": [-0.9994638539450946, -0.006402367878742879, 0.0008770867256704793, -0.032097430763841535], "translation": [-237.23563555972405, 3058.7857263290407, -19.287418685899397]}