{"rotation": [-0.9984453201551988, -0.006864428678791023, 0.0018879547787934968, -0.05528343247166866], "translation": [-239.82043606802063, 3058.5524316879632, -19.289612848503523]}