{"rotation": [-0.9952507074232116, -0.007573298236235232, -0.009404921570417134, -0.09659307417033684], "translation": [-267.4523828413092, 3056.559708927722, -19.31184442829997]}