{"rotation": [-0.9997132396724152, -0.015966681053621454, -0.0014417747749411835, -0.017788333404634676], "translation": [-262.7904552294483, 3056.9851964195004, -19.40619137350609]}