{"rotation": [-0.8854457753004951, -0.0013032856497896786, -0.012395595857763276, -0.46457553707911836], "translation": [-272.7695152716916, 3053.292000025602, -19.13044266044939]}