{"rotation": [-0.9999516275990424, -0.008644642863614752, 0.002581634008708719, 0.003917623977833893], "translation": [-227.71552649441097, 3058.85585656782, -19.29034400217803]}