{"rotation": [-0.999534540319222, -0.008265171521114154, 0.0019439966639422904, -0.029302056677625293], "translation": [-254.47860601173778, 3057.405302329755, -19.383677926236622]}