{"rotation": [-0.999557521379421, -0.008912646327880563, 0.0017345446867813945, -0.028325210396255206], "translation": [-250.63280712453113, 3057.6374584129626, -19.342326121231036]}