{"rotation": [-0.9891788228102093, -0.0025413472864478626, -0.009872748974801343, -0.1463602640249701], "translation": [-268.572823953439, 3056.278442486385, -19.28482126570078]}