{"rotation": [-0.8979789888893679, -0.0007821602821943979, -0.013123171074716637, -0.43984191037174386], "translation": [-272.53757201932035, 3053.6162045261167, -19.137922771958515]}