{"rotation": [-0.9913107809197623, -0.0035052428998171084, -0.009935009451870043, -0.13111805555168748], "translation": [-268.2617735885673, 3056.368330699221, -19.292386576884002]}