{"rotation": [-0.9999459576773658, -0.008906830471837908, 0.0008433400123277595, -0.0052951745264242425], "translation": [-223.85402779292693, 3058.850861042539, -19.277787462802646]}