{"rotation": [-0.679216123553766, -0.012323171206029722, -0.010226287931535625, -0.7337635995272342], "translation": [-274.2294866803923, 3041.373873102596, -19.016613497270402]}