{"rotation": [-0.8300280360024612, -0.0003488523012508129, -0.014678093090647788, -0.5575283771568862], "translation": [-273.58039162103785, 3051.774034839143, -19.077388141405507]}