{"rotation": [-0.9993383006472932, -0.013913738945124932, 0.0025495313805882123, -0.033509231827760964], "translation": [-245.4336206652409, 3057.9345215817525, -19.3087709645595]}