{"rotation": [-0.6751767184564397, -0.009022376526553815, -0.014744518521769372, -0.737453452598717], "translation": [-274.0045870528789, 3039.4580203189853, -19.02982059433027]}