{"rotation": [-0.998443688323052, -0.011325307048990242, -0.0065937637761169015, -0.05420757278620045], "translation": [-266.0627591239893, 3056.7716074700415, -19.34958143085947]}