{"rotation": [-0.9999474618796869, -0.008770727045652701, 0.0023649414146571634, 0.004749197781543146], "translation": [-228.09278206236294, 3058.8596517852407, -19.291111483611807]}