{"rotation": [-0.9994705361586839, -0.012676344657896967, 0.0031900383819827246, -0.02979565894402672], "translation": [-245.971882675148, 3057.901856438573, -19.313352833300577]}