{"rotation": [-0.9999051064398522, -0.008482007233039636, 0.0002622837838443054, -0.010851952636428092], "translation": [-234.63608459769307, 3058.891553571903, -19.287782096335615]}