{"rotation": [-0.9995791376856151, -0.009237406525997837, 0.0012025692653127133, -0.02747310778775401], "translation": [-249.88499325646768, 3057.6810561207203, -19.33355725177056]}