{"rotation": [-0.9997665445926895, -0.006767699826480978, 0.0023028774438138893, -0.02038998057211678], "translation": [-216.6445738198504, 3059.033943993808, -19.251191633337648]}