{"rotation": [-0.6823055194104267, -0.012151668021842166, -0.01001184108449086, -0.7308975839229829], "translation": [-274.30996544115965, 3042.357950662071, -19.02159878704469]}