{"rotation": [-0.6999412296339933, -0.011818671545253163, -0.011020929593405131, -0.7140176000437638], "translation": [-274.46191208072355, 3045.2586837083218, -19.031017743347302]}