{"rotation": [-0.9996593055212654, -0.007805147044256847, 0.002137816012450317, -0.024814961355118317], "translation": [-213.22182968621718, 3059.1853939508815, -19.228259619213446]}