{"rotation": [-0.9997498745478238, -0.014261672621883917, 0.002194659500716091, -0.017087320015515498], "translation": [-261.3270656593839, 3057.0445524543816, -19.424183096462862]}