{"rotation": [-0.6784337204665187, -0.012323220232090926, -0.010304237857056985, -0.7344859752638263], "translation": [-274.19187266758775, 3041.034886606038, -19.01953999376639]}