{"rotation": [-0.9997440974376022, -0.011777858150136898, 0.0026318379970042037, -0.01913361243537441], "translation": [-260.02440991355354, 3057.1041886400676, -19.420921426500893]}