{"rotation": [-0.9996735535911264, -0.016590706493481048, -0.002693165884925105, -0.01924270163082035], "translation": [-263.2028224718677, 3056.9705898029238, -19.399193337873648]}