{"rotation": [-0.9939045899847138, -0.005734971507225817, -0.009721080230145519, -0.10966438213152238], "translation": [-267.7776815919418, 3056.4897318488293, -19.30479327287394]}