{"rotation": [-0.9946134610841668, -0.006711460073835805, -0.009568838868802375, -0.10299250776903555], "translation": [-267.61893185537247, 3056.524877370334, -19.307704897426092]}