{"rotation": [-0.9995551731436833, -0.008019266994450429, 0.0018855209908567492, -0.028663426333327836], "translation": [-255.17445638595726, 3057.363928540798, -19.387546315256778]}