{"rotation": [-0.9996530450539451, -0.006582515036838178, 0.00235636643578638, -0.02539502997409598], "translation": [-212.1539863219179, 3059.2386649216596, -19.219017701166916]}