{"rotation": [-0.999566469812912, -0.011643350909370808, -0.00018414016244655597, -0.02704202096284341], "translation": [-247.97382871117546, 3057.786650057948, -19.312297090550167]}