{"rotation": [-0.9999427499565912, -0.008934248914584327, 0.002076218067353016, 0.005510474037633193], "translation": [-228.46847040309544, 3058.864476823651, -19.2915506026305]}