{"rotation": [-0.9995926648139747, -0.00983436890492484, 2.267606287072517e-05, -0.026791586816295634], "translation": [-249.0906701033051, 3057.7267292998336, -19.32310871974441]}