{"rotation": [-0.679216254622939, -0.012323146400542684, -0.0102262456053739, -0.733763479208114], "translation": [-274.2294926664019, 3041.3739210469657, -19.016612526905924]}