{"rotation": [-0.9995456258944292, -0.011868920872690756, 0.0014247497197045153, -0.027670210712388565], "translation": [-247.4209303574403, 3057.817282780904, -19.31596892163723]}