{"rotation": [-0.9995730710543852, -0.009148660140280051, 0.001338047163262384, -0.027716191483166626], "translation": [-250.0862676011835, 3057.6697223394317, -19.337198169730577]}