{"rotation": [-0.9995981243471097, -0.006866813824158478, 0.0010558711680865203, -0.02748311855886991], "translation": [-236.71883960493992, 3058.816971860793, -19.28829655319347]}