{"rotation": [-0.9999608919838886, -0.008628302674437642, 0.0013094360161471632, -0.0014325756747069352], "translation": [-225.42075118820884, 3058.8442561327697, -19.281993868992977]}