{"rotation": [-0.9996434700091972, -0.007311307249565122, 0.003106468235428572, -0.02549171452405773], "translation": [-210.034591106431, 3059.3448055497806, -19.202378959011103]}