{"rotation": [-0.6792162724639949, -0.012323143024034566, -0.01022623984396201, -0.7337634628303452], "translation": [-274.22949348121176, 3041.373927573125, -19.016612394820456]}