{"rotation": [-0.9995504731703309, -0.008480468974561624, 0.001911658564973615, -0.028692835211428735], "translation": [-251.1356292652888, 3057.60761830854, -19.34817419666522]}