{"rotation": [-0.9995921968140674, -0.010125015105183112, -0.0002829310562872159, -0.026699140202711236], "translation": [-248.8995600446412, 3057.736925363424, -19.320453780599177]}