{"rotation": [-0.9997395578424911, -0.010224861017824048, 0.002685210130051271, -0.020225190941596707], "translation": [-259.495504247125, 3057.1243510942736, -19.41917284350944]}