{"rotation": [-0.7238524300652956, -0.009090207941551739, -0.010394387941029492, -0.6898166309298994], "translation": [-274.42914703624217, 3047.393237184163, -19.033326450777224]}