{"rotation": [-0.9879955798878551, -0.0021299018287611396, -0.009761293718732376, -0.1541587324325074], "translation": [-268.7280243251983, 3056.22886787518, -19.280781912945695]}