{"rotation": [-0.8811510879760497, -0.0017550910661465343, -0.012546854375831803, -0.4726650571591318], "translation": [-272.8454162961689, 3053.182239223309, -19.12650007492521]}