{"rotation": [-0.9995345409564186, -0.00826519766157577, 0.0019439771286454907, -0.02930202886456888], "translation": [-254.47866097861905, 3057.405299098017, -19.38367808140233]}