{"rotation": [-0.998599032521981, -0.0070815070147400554, 0.001426536941852528, -0.052419361851487406], "translation": [-239.47833472727538, 3058.590386233134, -19.286097397614558]}