{"rotation": [-0.999740493185292, -0.01048113364172125, 0.002697532995227971, -0.020045334593196795], "translation": [-259.57734937583865, 3057.1210802961696, -19.41871843953227]}