{"rotation": [-0.9997618223338837, -0.006559175128409888, 0.0022625803470394746, -0.020691944216049585], "translation": [-216.43121440446265, 3059.042266138786, -19.249694574007176]}