{"rotation": [-0.6778859332931261, -0.012176644823534708, -0.01060696592953719, -0.7349897162803835], "translation": [-274.16323040483263, 3040.7860586948314, -19.022449181582708]}