{"rotation": [-0.9982003724633537, -0.011054659718889, -0.0068779877478977285, -0.05853634936568386], "translation": [-266.2466768579601, 3056.7506265704315, -19.34359976278203]}