{"rotation": [-0.9324891190036981, 0.0016114088334161234, -0.011825865514622528, -0.36100082438425074], "translation": [-271.6936758499623, 3054.532064315056, -19.176782897625404]}