{"rotation": [-0.7725126286870792, -0.003068247441052694, -0.010074008173767619, -0.6349120716571188], "translation": [-274.16219434369344, 3049.762297817059, -19.050800449016553]}