{"rotation": [-0.9996490916128921, -0.006764448670773225, 0.0026567431957837625, -0.02547307573285656], "translation": [-211.7303868283602, 3059.260513242094, -19.214278494561828]}