{"rotation": [-0.6796509749224661, -0.012383405276647049, -0.010239107999008495, -0.7333596418048108], "translation": [-274.2340734974833, 3041.4890717954886, -19.019372349897274]}