{"rotation": [-0.9099718469627369, 0.000179923869541434, -0.013234563630327061, -0.41445874545983624], "translation": [-272.2771568519567, 3053.9295476440843, -19.148772942211465]}