{"rotation": [-0.7725130368280093, -0.0030682426256146895, -0.010074073600060714, -0.6349115740471722], "translation": [-274.1621914368447, 3049.762313855975, -19.050800513590485]}