{"rotation": [-0.9992818035992774, -0.014165191467978438, 0.0024425274190482097, -0.035060781592228626], "translation": [-245.25657888591695, 3057.946636203552, -19.306592950514194]}