{"rotation": [-0.9995814704742663, -0.011054974548908266, -0.0007659367953245499, -0.026722364473454805], "translation": [-248.34050364777949, 3057.767293255146, -19.313839940936298]}