{"rotation": [-0.9999539872512073, -0.009339268108801169, 0.0013445993792247381, 0.0017301745904874412], "translation": [-231.96623418029742, 3058.907639802958, -19.29529111825008]}