{"rotation": [-0.998186173471998, -0.0071416818600730765, 0.0027635406029075803, -0.05971366939718217], "translation": [-240.51026496556892, 3058.469390088474, -19.291844689027258]}