{"rotation": [-0.9998908888703318, -0.008638784888270905, 0.0002511189466628094, -0.011979928590207215], "translation": [-234.80887316869445, 3058.8876489805357, -19.287702422434485]}