{"rotation": [-0.9998856042203914, -0.007497276592516726, 0.002155495135634312, -0.012958516783889705], "translation": [-220.62764492343018, 3058.905879771894, -19.271119675232807]}