{"rotation": [-0.9980115796561876, -0.009883802129891915, 0.004128275045077121, -0.06211404569636835], "translation": [-241.72263659069563, 3058.313278918254, -19.29880041817434]}