{"rotation": [-0.9994336731902392, -0.013137850333205428, 0.002951928584685036, -0.030838545681002427], "translation": [-245.79133156657136, 3057.9131690307026, -19.312097058010625]}