{"rotation": [-0.9995492727891, -0.008200307977100833, 0.0019299504291737475, -0.028814605796419163], "translation": [-251.35013102247947, 3057.5952189455606, -19.35019091904492]}