{"rotation": [-0.9995344572839707, -0.011688279044172313, 0.0031474336368183427, -0.02800618675445531], "translation": [-246.87618675381057, 3057.8487998580304, -19.317249039747676]}