{"rotation": [-0.6742413687218557, -0.008724167310615705, -0.015855678891475582, -0.7382892814173219], "translation": [-273.93397871063837, 3038.790546894962, -19.03050141506658]}