{"rotation": [-0.9706826987700812, 0.0012208486758368334, -0.009289815046077612, -0.24018182107177125], "translation": [-270.1537091342138, 3055.6257394354666, -19.238268970927546]}