{"rotation": [-0.9659825747192757, 0.001899255621081217, -0.009473792760995378, -0.25842659580145083], "translation": [-270.4148665056462, 3055.4794794346126, -19.22845279438541]}