{"rotation": [-0.999959010263071, -0.008860650769233341, 0.0017991035776874853, -0.0004794663304067476], "translation": [-225.8089767182044, 3058.844211487237, -19.28385622095455]}