{"rotation": [-0.999615767823631, -0.009180743297086926, 0.003856431685899576, -0.02586810015323205], "translation": [-257.0438325491217, 3057.2526206314683, -19.413162990828518]}