{"rotation": [-0.9995565523890396, -0.0065830442920890575, 0.0010004266509218878, -0.0290234603467884], "translation": [-236.88912488534257, 3058.8071152814787, -19.287612890699652]}