{"rotation": [-0.7153195245936845, -0.009881408031258658, -0.01073431145761948, -0.6986451961245536], "translation": [-274.4619556872943, 3046.765612935969, -19.030530534488474]}