{"rotation": [-0.8768692996294584, -0.0019516810342148695, -0.01272194217901987, -0.48055652580698294], "translation": [-272.9161307291586, 3053.071316332696, -19.12297687892847]}