{"rotation": [-0.6838159715945346, -0.011924145397175737, -0.010160008768035468, -0.7294863302150378], "translation": [-274.3393989607016, 3042.7517373521027, -19.02514150544802]}