{"rotation": [-0.8094813629634126, -0.0029213314877100873, -0.014371488164950163, -0.5869623916105354], "translation": [-273.8180829620095, 3051.1082639853053, -19.06664394141038]}