{"rotation": [-0.9995551736923336, -0.008019267602619116, 0.0018855206857810699, -0.028663407050628465], "translation": [-255.17447470633005, 3057.3639275096025, -19.387546430986312]}