{"rotation": [-0.9995297703688751, -0.01169396121088361, 0.003564758498570542, -0.02812084483775553], "translation": [-246.62853338031576, 3057.8630787698717, -19.316568331742797]}