{"rotation": [-0.9975889019022726, -0.010902518575922704, -0.007728997213632653, -0.06810125176669932], "translation": [-266.60037562859725, 3056.705750324953, -19.333682970238144]}