{"rotation": [-0.792938938517421, -0.004276015243323555, -0.0134077320246897, -0.6091385623964868], "translation": [-273.991482271321, 3050.5300863023854, -19.059023121181372]}