{"rotation": [-0.9983723966499422, -0.006916225424397225, 0.0020962045250541165, -0.05657145357791857], "translation": [-239.9903219890746, 3058.532803416741, -19.290696908746835]}