{"rotation": [-0.6870434685983577, -0.012196045519834239, -0.009955821690073797, -0.7264457380592794], "translation": [-274.38887486437585, 3043.410989149425, -19.026870338730678]}