{"rotation": [-0.9996511750739742, -0.006622839477765061, 0.002479146918696552, -0.0254464143059474], "translation": [-211.94064811915874, 3059.2493238063985, -19.217220017884642]}