{"rotation": [-0.6786721636006035, -0.01234495630379836, -0.010236026793719608, -0.7342662461008346], "translation": [-274.2032027504455, 3041.135491839671, -19.01857967045178]}