{"rotation": [-0.6975345846799162, -0.011933881846815608, -0.010857430503185219, -0.7163694590379683], "translation": [-274.46203877530854, 3044.964119142101, -19.0305099428547]}