{"rotation": [-0.9891788381339135, -0.002541354315824214, -0.009872750138641292, -0.14636016025880313], "translation": [-268.5728218899309, 3056.278443121526, -19.284821312464707]}