{"rotation": [-0.88544983930458, -0.00130288222611022, -0.012395628998603627, -0.46456779156020633], "translation": [-272.7694445654658, 3053.292105085506, -19.130445496194874]}