{"rotation": [-0.9996418203138419, -0.0073486344786658385, 0.0030115143453586504, -0.025556984021503568], "translation": [-211.09253272270914, 3059.2921253663603, -19.210528387578865]}