{"rotation": [-0.9986502703687402, -0.011778115067190799, -0.006241607126833634, -0.050199161729857215], "translation": [-265.88480532279505, 3056.7937018039497, -19.35281400064023]}