{"rotation": [-0.756999077910784, -0.004719248237667337, -0.009012568780879202, -0.6533367419197117], "translation": [-274.2683166916774, 3049.139167536783, -19.044188969681755]}