{"rotation": [-0.9996428275104378, -0.007271297705175262, 0.0029038737787721726, -0.025552165342625582], "translation": [-211.30417532226937, 3059.2811847485664, -19.21169744398157]}