{"rotation": [-0.7499206238000301, -0.0060698513105433725, -0.009418649744419486, -0.6614329171892139], "translation": [-274.30682134863355, 3048.818885258908, -19.043269925809742]}