{"rotation": [-0.6803121209005969, -0.012209575708490758, -0.010227737476491866, -0.7327494372586459], "translation": [-274.2609210849186, 3041.7345610943325, -19.017184179051842]}