{"rotation": [-0.9985210289284786, -0.00689735893113938, 0.0016572195906088933, -0.05390208577240751], "translation": [-239.6498938267629, 3058.5717008110983, -19.288745972981317]}