{"rotation": [-0.9996538003806306, -0.006769679699942522, 0.0022999795261864245, -0.02532115549302407], "translation": [-212.36843821245606, 3059.228027907387, -19.220441754508112]}