{"rotation": [-0.9324892180929935, 0.0016114183778066038, -0.011825850599624833, -0.36100056887590204], "translation": [-271.6936729595987, 3054.5320670050696, -19.176783050182593]}