{"rotation": [-0.6746762957796427, -0.008781115289918276, -0.015355367292558281, -0.7379017554001589], "translation": [-273.9686860076411, 3039.1280791769072, -19.030453526228946]}