{"rotation": [-0.7038520996606844, -0.011489747137955558, -0.01090835948768328, -0.710169849548148], "translation": [-274.466750070032, 3045.702292495384, -19.03055133251166]}