{"rotation": [-0.9980569761234329, -0.01024685246298723, 0.00408347092506821, -0.06132372861425832], "translation": [-242.07053042530748, 3058.2693578104636, -19.299661625356205]}