{"rotation": [-0.9996577123047472, -0.007606246157929404, 0.0020879352316327555, -0.024944814601289004], "translation": [-213.01089914488588, 3059.1960395511305, -19.224966670772403]}