{"rotation": [-0.9999524594122149, -0.008739427238072982, 0.0025680134840648304, 0.0034794588313360733], "translation": [-227.52615762635958, 3058.8537846131567, -19.290456462889168]}