{"rotation": [-0.999742223076978, -0.01510723679754504, 0.0006395638111676064, -0.0169366393235588], "translation": [-262.17194395725767, 3057.010981675462, -19.41518415593189]}