{"rotation": [-0.9999505211373277, -0.00986680128486862, 0.0011982068444760774, 0.0004071976785780147], "translation": [-232.32473653281974, 3058.909239215501, -19.29389020252717]}