{"rotation": [-0.9995835330717165, -0.017414825135388185, -0.004543744947656011, -0.022557452409771826], "translation": [-263.79562114090703, 3056.9391007698396, -19.392303558393188]}