{"rotation": [-0.9997515903334228, -0.013722568786557247, 0.0024252821292599113, -0.017394445615880647], "translation": [-261.11863741648017, 3057.056692456843, -19.42337154177357]}