{"rotation": [-0.9999511835362646, -0.00936558391895268, 0.0007938251024784692, -0.0030473306331306963], "translation": [-233.22023224671915, 3058.908151544687, -19.29368054170707]}