{"rotation": [-0.9999533223723779, -0.008866467969484183, 0.000643147267373703, -0.0037848624521806527], "translation": [-224.4464881171333, 3058.8468542066284, -19.277978576130153]}