{"rotation": [-0.6856741974096178, -0.01212433607058914, -0.01013539641671356, -0.7277370192734461], "translation": [-274.36709442472755, 3043.145772068247, -19.027367513677543]}