{"rotation": [-0.9839058776605276, -0.0012944454211046062, -0.009098549876500578, -0.178451014864762], "translation": [-269.17623021592055, 3056.070502776573, -19.270457792656483]}