{"rotation": [-0.9994705380080247, -0.012676321828554849, 0.003190051513811809, -0.029795605216001653], "translation": [-245.97189275487287, 3057.9018558496564, -19.31335294093372]}