{"rotation": [-0.9998996062465895, -0.008497787521681491, 0.002277811005572305, -0.011107502517429124], "translation": [-221.44447383895363, 3058.886063346205, -19.275784522484052]}