{"rotation": [-0.9992236084947724, -0.01419117709766679, 0.0023402431302209834, -0.036678522071641566], "translation": [-245.07402766311864, 3057.95904150202, -19.30727980379061]}