{"rotation": [-0.9997067346453339, -0.006637653420578332, 0.0028352688858736875, -0.023115957954995773], "translation": [-214.72232949821165, 3059.116265297157, -19.23791084349235]}