{"rotation": [-0.9996695043835424, -0.008977632661861485, 0.004593982008434745, -0.023646975423036235], "translation": [-257.9776741531121, 3057.200611191766, -19.41901476593091]}