{"rotation": [-0.9252418319484815, 0.0006196157909904271, -0.012759915315062697, -0.3791626999719804], "translation": [-271.90022327258316, 3054.3351913627866, -19.165826038396226]}