{"rotation": [-0.9999509518611038, -0.009592685591439932, 0.0009232643475526011, -0.002285134166897327], "translation": [-233.04653283101567, 3058.9083683119616, -19.29311279299741]}