{"rotation": [-0.9998523146020248, -0.007647194242883375, 0.002126909424032385, -0.015242888882593952], "translation": [-219.5933369601546, 3058.9322592912513, -19.26765522591061]}