{"rotation": [-0.9995672018580714, -0.009014635702614113, 0.0015172094622804106, -0.02796146255513928], "translation": [-250.29574452733246, 3057.657856435312, -19.338128728891263]}