{"rotation": [-0.9985990284250891, -0.007081499523022392, 0.0014265446084756998, -0.052419440701458646], "translation": [-239.47834336749585, 3058.590385285702, -19.286097419364257]}