{"rotation": [-0.9999390680835782, -0.008970178627925141, 0.0018445043750890578, 0.006163912648503895], "translation": [-228.84149516952266, 3058.870109770958, -19.291497633274478]}