{"rotation": [-0.6942810925639756, -0.012035975176819015, -0.010758777878575567, -0.7195228616995257], "translation": [-274.4465931576352, 3044.5359418520898, -19.030613590834136]}