{"rotation": [-0.881154954190062, -0.0017547032299431709, -0.012546733919967924, -0.4726578542569944], "translation": [-272.84535173316976, 3053.1823388004873, -19.126503032245065]}