{"rotation": [-0.6863085793161939, -0.012113465488415926, -0.010046834196221913, -0.7271401921455602], "translation": [-274.37935829490766, 3043.2793556960646, -19.026643586892604]}