{"rotation": [-0.9997510477290795, -0.006288315588999684, 0.0022785168521566096, -0.02128633394024119], "translation": [-216.00370600103014, 3059.0609162442324, -19.246597289198924]}