{"rotation": [-0.7117013204172611, -0.010206851990112703, -0.010866525200277408, -0.7023239774625745], "translation": [-274.46107096295947, 3046.4617533809687, -19.03170068582866]}