{"rotation": [-0.9999604620581004, -0.008533579058373972, 0.0008578678659336353, -0.0023487042660544446], "translation": [-225.0312041427128, 3058.844369962039, -19.280811266224813]}