{"rotation": [-0.9989010771942702, -0.007968212644293721, 0.0008272733472038084, -0.04617857930026578], "translation": [-238.78606462777276, 3058.660824369978, -19.286275310913936]}