{"rotation": [-0.9995336011592669, -0.007804583019492384, 0.0019377695614410761, -0.029460374855153147], "translation": [-253.7940890488993, 3057.446875180397, -19.37768170899343]}