{"rotation": [-0.9995182079693167, -0.016656730666603493, -0.005383817909345458, -0.02563044607542435], "translation": [-264.192048951891, 3056.921856199266, -19.38421321927413]}