{"rotation": [-0.9999270746059307, -0.009224878282922677, 0.0013910908117619625, -0.007668895425308199], "translation": [-222.8614683011797, 3058.862057369496, -19.27595765809821]}