{"rotation": [-0.9980284847799302, -0.010169040388339596, 0.004146362859220574, -0.061794351363993805], "translation": [-241.8959928743932, 3058.291394552132, -19.29958015562192]}