{"rotation": [-0.9997164862755289, -0.009343877780492825, 0.0035820157084343997, -0.021605744152843585], "translation": [-258.8974325507941, 3057.1541850443064, -19.41869305258168]}