{"rotation": [-0.9980891267702606, -0.007815251722787877, 0.003165108951574889, -0.06121273518486784], "translation": [-240.8571550703654, 3058.4249982379674, -19.29406907009822]}