{"rotation": [-0.9983026936531967, -0.011525246034939762, 0.0037400299135012423, -0.05696413542617793], "translation": [-242.948031038385, 3058.1614984726566, -19.300661400085758]}