{"rotation": [-0.9997574611613006, -0.006370092541440732, 0.002224581211110919, -0.02096406477186957], "translation": [-216.21801120402864, 3059.0520948419958, -19.247714133907515]}