{"rotation": [-0.9728810045851317, 0.0008269470241280659, -0.009175177791892688, -0.23112265831919515], "translation": [-270.01902143489065, 3055.6959131479457, -19.24361191557936]}