{"rotation": [-0.6764652187442088, -0.010964150534517604, -0.012429469937380486, -0.7362880574269027], "translation": [-274.0813118749241, 3040.117561278352, -19.03087173357597]}