{"rotation": [-0.9992935214637161, -0.014371957187768297, -0.006031346692221183, -0.0341983576260161], "translation": [-264.9611952636492, 3056.8760370446366, -19.37000958687952]}