{"rotation": [-0.9460506946423238, 0.0027343531712120455, -0.010323251124522233, -0.3238426114113641], "translation": [-271.26287935545, 3054.90194097017, -19.19581094688287]}