{"rotation": [-0.8938645265947436, -0.0008201885867361803, -0.012760617661112226, -0.4481547746294177], "translation": [-272.61620357056853, 3053.5106013653767, -19.135992219082638]}