{"rotation": [-0.6771747392205653, -0.011787513017741431, -0.011241268482513122, -0.7356419380250967], "translation": [-274.121664836618, 3040.448393980786, -19.028216285678123]}