{"rotation": [-0.9706831813037714, 0.0012207781718600315, -0.009289798286442994, -0.24017987193443557], "translation": [-270.1536804500383, 3055.625754734895, -19.238270103111336]}