{"rotation": [-0.9999493813548453, -0.008287037612128307, 0.001264209700063249, 0.005564306741319623], "translation": [-230.69414460952657, 3058.897651767995, -19.2942621411701]}