{"rotation": [-0.6740905839357615, -0.008727204584345968, -0.01585101116615505, -0.7384270214410478], "translation": [-273.92277006311417, 3038.6778789273712, -19.03047964844142]}