{"rotation": [-0.8426532622857213, 0.00027716023726666317, -0.014244023230784067, -0.5382680656918402], "translation": [-273.42036124677844, 3052.146104330723, -19.086939212865556]}