{"rotation": [-0.9999552059134821, -0.008850497870100824, 0.0006670817769706965, -0.003287834527465616], "translation": [-224.6434577011251, 3058.8463295843444, -19.27768738232526]}