{"rotation": [-0.721492401861718, -0.009260594439005022, -0.010521334256669701, -0.6922804756541275], "translation": [-274.44634919836034, 3047.239210849768, -19.031945187388196]}