{"rotation": [-0.9999212397765161, -0.008968282743814325, 0.0017042964533106944, -0.0086127534517884], "translation": [-222.4572251864977, 3058.8684757294322, -19.277066882962448]}