{"rotation": [-0.8938645534866803, -0.0008201884284430315, -0.012760620678254422, -0.44815472090663655], "translation": [-272.6162030607365, 3053.510602067596, -19.135992233183842]}