{"rotation": [-0.6863089181272027, -0.012113449970620162, -0.010046790043737703, -0.727139873228456], "translation": [-274.37936490112776, 3043.2794211757337, -19.026643227834306]}