{"rotation": [-0.9980569734222192, -0.010246846950667946, 0.00408347345099407, -0.06132377332996021], "translation": [-242.07051488910417, 3058.2693597617485, -19.299661570276676]}