{"rotation": [-0.9981365288779551, -0.010566948331562354, 0.0039792460982945995, -0.05996644830998653], "translation": [-242.42091459194015, 3058.225421101493, -19.30010474071201]}