{"rotation": [-0.9996381564139478, -0.0077510673588334035, 0.003029352209041146, -0.025579292822829728], "translation": [-210.66629903427523, 3059.31285072268, -19.208624373606323]}