{"rotation": [-0.8053284287182809, -0.0033268513319258427, -0.014203949908879186, -0.5926493919387298], "translation": [-273.86450305896744, 3050.971185908562, -19.06478614744202]}