{"rotation": [-0.9975889192893422, -0.010902527713764942, -0.007728978430147413, -0.0681009977386468], "translation": [-266.6003666179502, 3056.7057515573083, -19.333683241543532]}