{"rotation": [-0.9987842790061873, -0.01336417422339872, 0.0027439548060966337, -0.047369120420791284], "translation": [-244.00181685598744, 3058.0492698858666, -19.305174987098678]}