{"rotation": [-0.6778859354306561, -0.012176646341489211, -0.010606964346649702, -0.7349897143066205], "translation": [-274.1632305279184, 3040.7860596803844, -19.02244916425854]}