{"rotation": [-0.998200384647688, -0.011054669887116253, -0.006877973292047864, -0.05853614136828986], "translation": [-266.24666832365614, 3056.750627574151, -19.343600002374043]}