{"rotation": [-0.9867243061174836, -0.0017716940349618482, -0.009574829095381446, -0.16211208303211516], "translation": [-268.87745721209654, 3056.1790646420573, -19.277788736862263]}