{"rotation": [-0.9996517230455599, -0.007027631361950639, 0.00293836290672393, -0.02526679704497753], "translation": [-209.60943139639505, 3059.367928393185, -19.199914279767764]}