{"rotation": [-0.9997440971955518, -0.011777827006733656, 0.0026318419028511096, -0.019133643715954156], "translation": [-260.0243959101568, 3057.10418914816, -19.420921346042594]}