{"rotation": [-0.8384420904288762, 0.0003314640849342171, -0.0142814841596841, -0.5448034419302189], "translation": [-273.4756995980901, 3052.0202198145475, -19.08263622425082]}