{"rotation": [-0.9999051098706473, -0.008481963588351892, 0.00026228011801337196, -0.010851670719036057], "translation": [-234.63603939107395, 3058.8915544966126, -19.287782287291055]}