{"rotation": [-0.9994781359443555, -0.016046624805928274, -0.005624999332067951, -0.027464904588372335], "translation": [-264.38837316748896, 3056.912213350075, -19.38021172746831]}