{"rotation": [-0.7570021531876321, -0.004718850504021762, -0.00901265091852093, -0.653333180423764], "translation": [-274.26830023186994, 3049.1393005248606, -19.04418911193607]}