{"rotation": [-0.6923182216155614, -0.012043100147045915, -0.010530543366853077, -0.7214149647840095], "translation": [-274.42748282179485, 3044.2500042117636, -19.031145206894475]}