{"rotation": [-0.6895162992844159, -0.012071093856078033, -0.010281904037416011, -0.724096571020473], "translation": [-274.40579206392863, 3043.831602645104, -19.031033425197432]}