{"rotation": [-0.999626411445634, -0.009223837118708644, 0.004053433074677285, -0.02540724403473912], "translation": [-257.2788927663656, 3057.240462039952, -19.415233963435]}