{"rotation": [-0.9999597571591852, -0.008780081077410363, 0.00157512058738184, -0.0009556325407321364], "translation": [-225.61604217113802, 3058.8436075511736, -19.28294303842086]}