{"rotation": [-0.9973256880724266, -0.010615954037657856, -0.008068169145554707, -0.07185873695918955], "translation": [-266.72672523271325, 3056.6857730566944, -19.331155250524954]}