{"rotation": [-0.9984478111903641, -0.012149454944961686, 0.00352655445036093, -0.05423949195392696], "translation": [-243.29837094903476, 3058.120881285978, -19.302120635888677]}