{"rotation": [-0.6759858613079817, -0.010178034343530937, -0.013413951096909283, -0.7367221924474502], "translation": [-274.05506973467635, 3039.897760834433, -19.03066953851396]}