{"rotation": [-0.9998910126655085, -0.007562722105091533, 0.00215776432736829, -0.012494481910534662], "translation": [-220.83470039581354, 3058.8998517553964, -19.271175800463798]}