{"rotation": [-0.9995861629926497, -0.010741387970967202, -0.0007395589425831284, -0.026675426719354942], "translation": [-248.52736789697028, 3057.7574691614204, -19.314548689585493]}