{"rotation": [-0.9999529672390458, -0.008776030663868277, 0.0025514272454587273, 0.003245737917011741], "translation": [-227.4293701098903, 3058.852664740021, -19.29036437258827]}