{"rotation": [-0.9769800769413663, -0.0001518264809206713, -0.008923550710919985, -0.2131437928982953], "translation": [-269.74352301876746, 3055.8304725924013, -19.25457273239456]}