{"rotation": [-0.9999517950501348, -0.009680755148495953, 0.0012435026858894427, 0.0010696994150210207], "translation": [-232.14215204359292, 3058.9085316795044, -19.296340721757566]}