{"rotation": [-0.9999115710784563, -0.008972307663669693, 0.0020912992855419456, -0.009590317299237542], "translation": [-222.0554447269356, 3058.874714224817, -19.27627923134987]}