{"rotation": [-0.9999511835326055, -0.009365589600515187, 0.0007938274219237892, -0.003047313767956559], "translation": [-233.22022841209463, 3058.908151550987, -19.29368057290752]}