{"rotation": [-0.6823055730145995, -0.012151655162757695, -0.010011838499950269, -0.730897534131752], "translation": [-274.3099673209658, 3042.3579672387436, -19.021598637021317]}