{"rotation": [-0.9853674834064403, -0.0014885386066673385, -0.009318064104617376, -0.17018190438297864], "translation": [-269.02768248876606, 3056.126428046219, -19.274168784057338]}