{"rotation": [-0.9963452759917668, -0.0086878968746318, -0.008797207007934913, -0.0845175757203518], "translation": [-267.1172257574945, 3056.623448656659, -19.31987551437044]}