{"rotation": [-0.99996150553075, -0.008503727677407221, 0.0010777017559282414, -0.0018742014805200402], "translation": [-225.22683210798957, 3058.844204507357, -19.28102551288641]}