{"rotation": [-0.9975889055756026, -0.010902520506452814, -0.007728993245290746, -0.06810119809880127], "translation": [-266.60037372493935, 3056.7057505853104, -19.333683027556194]}