{"rotation": [-0.9999508354905006, -0.008245806625541445, 0.0011974022419930551, 0.005375825779823739], "translation": [-230.78464102070987, 3058.8988415683048, -19.295602028174304]}