{"rotation": [-0.9581044025620715, 0.0027151252884143723, -0.00970548495903998, -0.28624183035949546], "translation": [-270.7914782390233, 3055.244448738699, -19.214465450915547]}