{"rotation": [-0.8979791251773864, -0.0007821558407147049, -0.01312318168354431, -0.43984163181808683], "translation": [-272.5375692627516, 3053.616208077462, -19.137922874379857]}