{"rotation": [-0.676944731194235, -0.01156861699902868, -0.011569021648865365, -0.7358519930986005], "translation": [-274.1080627532784, 3040.3373693544486, -19.029516166431236]}