{"rotation": [-0.7534014865932556, -0.005405734591025245, -0.009140044925030523, -0.6574750471397165], "translation": [-274.2885876619541, 3048.9772840677115, -19.04344751973274]}