{"rotation": [-0.9996824559269563, -0.00754135887946639, 0.002734343606677485, -0.02388804268124603], "translation": [-214.0804552289219, 3059.1453002886396, -19.23366990276023]}