{"rotation": [-0.9999518762831867, -0.008228308507521917, 0.0012366694628742287, 0.005197182455825933], "translation": [-230.87727011705914, 3058.900064101947, -19.29360640959494]}