{"rotation": [-0.9902869548232198, -0.0029972807766981678, -0.009909003346258003, -0.13865271388466827], "translation": [-268.42032678031944, 3056.3240137440775, -19.28800851404626]}