{"rotation": [-0.9996361258083841, -0.007254876990961073, 0.0010667375145336489, -0.025958520946420267], "translation": [-236.54765039446477, 3058.8260972791095, -19.28879860454134]}