{"rotation": [-0.9995551743497098, -0.008019268331309034, 0.0018855203202483139, -0.028663383946662548], "translation": [-255.17449665726465, 3057.3639262740553, -19.387546569650056]}