{"rotation": [-0.9996543693146349, -0.0069754230805963175, 0.0028401881552815016, -0.025187669885259646], "translation": [-209.3996376555892, 3059.3783823796725, -19.1964831041787]}