{"rotation": [-0.9983027011183978, -0.01152527668779673, 0.003740019021169349, -0.05696399911085883], "translation": [-242.9480513678539, 3058.1614960849197, -19.30066135976254]}