{"rotation": [-0.6757549587459741, -0.009796259730678986, -0.01384354511668725, -0.7369312215424979], "translation": [-274.0420471389633, 3039.7867925435703, -19.03031972067637]}