{"rotation": [-0.9995255516746128, -0.01171065915569788, 0.003621110399107394, -0.028256319137098845], "translation": [-246.51381296972986, 3057.870698600476, -19.316505641729037]}