{"rotation": [-0.9991106713733467, -0.007760764265222937, 0.0009420561970508255, -0.041433674903894095], "translation": [-238.27088608967074, 3058.706849881953, -19.285911463334767]}