{"rotation": [-0.6751766710938666, -0.009022323393566897, -0.014744591631520575, -0.7374534951499019], "translation": [-274.0045834619501, 3039.457988071196, -19.02982059713216]}