{"rotation": [-0.8094783998460677, -0.00292156723073228, -0.014371286280001255, -0.5869664818013243], "translation": [-273.81811431108656, 3051.1081626485293, -19.066642863795174]}