{"rotation": [-0.6878680043970452, -0.01225352814395452, -0.009989078992618385, -0.7256636120653502], "translation": [-274.39240519564896, 3043.54644137739, -19.02920994639635]}