{"rotation": [-0.9999511835359799, -0.009365584360851997, 0.0007938252828797765, -0.003047329321395144], "translation": [-233.22023194847063, 3058.908151545177, -19.29368054413377]}