{"rotation": [-0.9939046303103776, -0.0057350306056714075, -0.009721074523799582, -0.10966401406863827], "translation": [-267.77767259584334, 3056.489733881081, -19.304793537661904]}