{"rotation": [-0.9997164858984797, -0.00934387704185573, 0.003582030234551677, -0.021605759510378873], "translation": [-258.8974258056196, 3057.154185348108, -19.4186930920715]}