{"rotation": [-0.9996538003724308, -0.006769687111305648, 0.002299979098668668, -0.025321153874125434], "translation": [-212.36844314305156, 3059.2280276693973, -19.220441796911956]}