{"rotation": [-0.684316432245554, -0.012089632903893185, -0.010070184163615308, -0.7290153995121612], "translation": [-274.3512669974824, 3042.8757833574814, -19.02403463256227]}