{"rotation": [-0.7067770691132348, -0.011099537894048793, -0.010934245206110145, -0.7072647433005671], "translation": [-274.4625729915285, 3046.0010435565623, -19.031170743015462]}