{"rotation": [-0.9998338442377618, -0.009225446924310921, 0.0003903049308306762, -0.015716956061747573], "translation": [-235.33065976517176, 3058.873685242806, -19.287888504286204]}