{"rotation": [-0.9998118685665184, -0.009186285174509652, 0.0004867879715735693, -0.017076377709875204], "translation": [-235.50743534028152, 3058.868467336238, -19.288221995437798]}