{"rotation": [-0.9997665442781816, -0.006767685908918576, 0.0023028666177445645, -0.0203900018352622], "translation": [-216.6445571046771, 3059.0339446382422, -19.251191512201906]}