{"rotation": [-0.9995383935611265, -0.007172860576673535, 0.002027444348953211, -0.0294523231308174], "translation": [-252.888752278517, 3057.5026626375125, -19.369295282597093]}