{"rotation": [-0.9995456928972399, -0.007667269103125708, 0.0019316752211075493, -0.029084178274740476], "translation": [-251.7818593873707, 3057.569878170357, -19.354952225370504]}