{"rotation": [-0.8725635547026624, -0.001972997273137107, -0.01288863677207974, -0.4883265642257969], "translation": [-272.98597599212496, 3052.9572973466934, -19.118488751261168]}