{"rotation": [-0.999934173429636, -0.009138887685757937, 0.0016602550636743822, 0.00673595520928452], "translation": [-229.39961916159885, 3058.879310043051, -19.291729925473984]}