{"rotation": [-0.9999368908395251, -0.009068288855320251, 0.001141760321284299, -0.006532752772682571], "translation": [-223.35820166019167, 3058.855676328901, -19.275856380204164]}