{"rotation": [-0.9997618213677123, -0.006559133040919358, 0.0022625660874567924, -0.020692005798518175], "translation": [-216.4311719381112, 3059.0422679648577, -19.24969420353979]}