{"rotation": [-0.9985210268649579, -0.006897355800728277, 0.001657227161849193, -0.053902124166329606], "translation": [-239.64989829298517, 3058.5717003183872, -19.28874602532466]}