{"rotation": [-0.9999419124462248, -0.008932691529088668, 0.0020056157767928268, 0.005688256392661874], "translation": [-228.5619257772292, 3058.865820856386, -19.291122412193058]}