{"rotation": [-0.9996945035500481, -0.016340123075784675, -0.002089441815894477, -0.01842645333723029], "translation": [-262.9980897152968, 3056.9781459674614, -19.402362097492546]}