{"rotation": [-0.9983723947973939, -0.006916226779257759, 0.0020962103572374404, -0.056571485889915105], "translation": [-239.9903264283431, 3058.532802894904, -19.290696921139162]}