{"rotation": [-0.809481290571569, -0.0029213372471623257, -0.014371483232691742, -0.5869624915384013], "translation": [-273.8180837279136, 3051.108261509545, -19.066643915082192]}