{"rotation": [-0.9996542989064238, -0.007083655846453287, 0.0021837837605155246, -0.02522569297844482], "translation": [-212.58269142905712, 3059.2165704236804, -19.22156692338798]}