{"rotation": [-0.9992065260907851, -0.013872532149392373, -0.006033888761157393, -0.03684376820803477], "translation": [-265.14800703062616, 3056.8599193614473, -19.36698593150655]}