{"rotation": [-0.9999498393487996, -0.008670148587941537, 0.002511365593361733, 0.004340547503432041], "translation": [-227.90535437139704, 3058.8573323191463, -19.290785741201994]}