{"rotation": [-0.9999166080608343, -0.008959096896894794, 0.0019403664485448955, -0.009096509492846865], "translation": [-222.256760915671, 3058.8714863174105, -19.276679025390873]}