{"rotation": [-0.6740906057886576, -0.008727204703692367, -0.01585101577439174, -0.7384270013917831], "translation": [-273.9227715482476, 3038.6778937729173, -19.030479644373827]}