{"rotation": [-0.9999533224441443, -0.008866475290024291, 0.0006431442507818534, -0.003784826854870716], "translation": [-224.44650257733952, 3058.846854119347, -19.277978583134377]}