{"rotation": [-0.9522779592731984, 0.002770452088878986, -0.010008280839473254, -0.30505548215420475], "translation": [-271.0291597733947, 3055.0788149730042, -19.20611248826356]}