{"rotation": [-0.9995480941276614, -0.007913384908904962, 0.001901840887018361, -0.028937326522740763], "translation": [-251.56269673131652, 3057.5828224995844, -19.353555546795548]}