{"rotation": [-0.9999242839099364, -0.009094716354892519, 0.0015337450129687493, -0.008146177499933863], "translation": [-222.65927695958737, 3058.8645033327075, -19.277088024710487]}