{"rotation": [-0.6827336991034824, -0.012023286298173806, -0.010049499037159907, -0.7304992431646798], "translation": [-274.32279544288326, 3042.4887621365638, -19.020847248284685]}