{"rotation": [-0.9995903564115165, -0.010400944942169796, -0.0005653232224574906, -0.026657459051110066], "translation": [-248.71094112459716, 3057.7469228700525, -19.317996837639182]}