{"rotation": [-0.9980099936276006, -0.00906074650914029, 0.0038500749606258603, -0.06228268150080966], "translation": [-241.37514579219854, 3058.3580355846443, -19.297170783158357]}