{"rotation": [-0.9997547826465303, -0.012769062031756886, 0.002532025420193678, -0.017914086007660108], "translation": [-260.67956859932735, 3057.0723034695447, -19.425211452658885]}