{"rotation": [-0.6803121567641147, -0.012209564392738216, -0.01022772459954949, -0.7327494043298938], "translation": [-274.2609226078966, 3041.7345734785786, -19.017183991760678]}