{"rotation": [-0.9980115793697679, -0.009883781219686066, 0.004128269434845942, -0.06211405399856087], "translation": [-241.72262826389732, 3058.3132799757914, -19.298800364516016]}