{"rotation": [-0.9998710672783212, -0.007715144796952604, 0.002244365492319121, -0.013902812090002166], "translation": [-220.21513256124433, 3058.9157041577523, -19.270710555712707]}