{"rotation": [-0.6773940931880787, -0.011953318268331813, -0.010996498803387501, -0.7354409817995892], "translation": [-274.13522837368544, 3040.5585914024477, -19.026504153450233]}