{"rotation": [-0.9995504732824637, -0.008480501051983783, 0.0019116545988023849, -0.028692822088550046], "translation": [-251.1356047478808, 3057.607619781647, -19.348173932559195]}