{"rotation": [-0.9983050718272704, -0.006971396368984092, 0.0023219420859179295, -0.05773206891810548], "translation": [-240.16280054224583, 3058.5123457747977, -19.290540439200477]}