{"rotation": [-0.687043310418905, -0.012196039731738184, -0.009955812067182723, -0.7264458878881324], "translation": [-274.3888739329977, 3043.4109621064363, -19.026869623396642]}