{"rotation": [-0.9995660198646134, -0.007868860270506822, 0.0019732635138678344, -0.028318884179350898], "translation": [-255.40305660759012, 3057.3490963074287, -19.391564288232807]}