{"rotation": [-0.6878681573357007, -0.012253512243173734, -0.009989097802749716, -0.7256634671019214], "translation": [-274.39240783061086, 3043.546469966228, -19.029209860561487]}