{"rotation": [-0.9939045979437374, -0.005734983171392776, -0.009721079103893141, -0.1096643094875334], "translation": [-267.7776798163964, 3056.4897322499323, -19.304793325134728]}