{"rotation": [-0.9999498396470624, -0.008670142335666311, 0.0025113935540299662, 0.004340475101915926], "translation": [-227.9053234273855, 3058.857332005246, -19.290785729865217]}