{"rotation": [-0.9997339357810928, -0.0085273346551977, 0.00075457133801388, -0.02141898301553888], "translation": [-236.0286932991745, 3058.8494521653115, -19.288894991408405]}