{"rotation": [-0.999546797098061, -0.008150214767953544, 0.0019030264851311342, -0.02891630855487382], "translation": [-254.94240151301426, 3057.3773135824467, -19.386005696103844]}