{"rotation": [-0.6819255789868401, -0.012147958787463171, -0.010072583483155048, -0.731251307610958], "translation": [-274.29678957196114, 3042.232338108938, -19.022568627162467]}