{"rotation": [-0.7847421652095817, -0.003652486039679415, -0.012158818117137654, -0.6196923080286715], "translation": [-274.06481525224694, 3050.2255829731102, -19.056056552054812]}