{"rotation": [-0.8811551561471141, -0.0017546829706150927, -0.012546727627715127, -0.47265747799951646], "translation": [-272.8453483605606, 3053.1823440020517, -19.126503186726932]}