{"rotation": [-0.999958220084927, -0.008889086927175584, 0.0020916714760355016, 0.0004088136769039394], "translation": [-226.1922910112988, 3058.844876692751, -19.286784155502453]}