{"rotation": [-0.9999511141061116, -0.008641609132193067, 0.0006001941041636426, -0.004767783194525009], "translation": [-233.57530773464276, 3058.9056685859437, -19.292711363494508]}