{"rotation": [-0.9659826650439924, 0.0018992379367002144, -0.009473791057006627, -0.2584262583654646], "translation": [-270.414861725195, 3055.4794822345043, -19.228452991151503]}