{"rotation": [-0.9706825205116664, 0.001220874721389518, -0.009289821237406357, -0.24018254112114432], "translation": [-270.1537197306959, 3055.625733783528, -19.2382685526761]}