{"rotation": [-0.9993025635380357, -0.00677352507769968, 0.0008347575291352301, -0.03671251890294853], "translation": [-237.75309945697438, 3058.748880277948, -19.286154493656802]}