{"rotation": [-0.6999419350830518, -0.01181862058439869, -0.011020893564248348, -0.7140169099011034], "translation": [-274.46191640448683, 3045.2587673083854, -19.031017317779227]}