{"rotation": [-0.9997340875767781, -0.009857859148957876, 0.00286374269346238, -0.0206488674704479], "translation": [-259.355915886108, 3057.1341279519957, -19.41736574056619]}