{"rotation": [-0.9999586499618023, -0.008889265336540613, 0.0019181068470898604, -1.3945238144822155e-05], "translation": [-225.99902045782636, 3058.8449588779645, -19.285722397258404]}