{"rotation": [-0.6844158139706741, -0.012100547146872507, -0.010076884971621564, -0.7289218248446638], "translation": [-274.35372093943863, 3042.8981744300204, -19.0238444619399]}