{"rotation": [-0.9991106664376753, -0.007760783416972851, 0.0009420522681911363, -0.04143379042210822], "translation": [-238.27089819928517, 3058.7068488294185, -19.285911361364498]}