{"rotation": [-0.9995762603387921, -0.007672257468188226, 0.0022727075158658107, -0.027986979704935595], "translation": [-255.63844593375083, 3057.3358195276687, -19.39329230779482]}