{"rotation": [-0.9993382922295179, -0.013913790027956754, 0.002549505481115447, -0.03350946362821259], "translation": [-245.4335936699191, 3057.9345233034865, -19.308770749544223]}