{"rotation": [-0.6745126601367742, -0.008767261729104917, -0.015575949244156898, -0.7380468794339078], "translation": [-273.95693270075174, 3039.015922465418, -19.030587538861205]}