{"rotation": [-0.9995524837193795, -0.00868154340653394, 0.0018814176350828678, -0.028564372252551953], "translation": [-250.92383474645965, 3057.6208577606717, -19.345294334048273]}