{"rotation": [-0.9997264045264996, -0.009556938274836013, 0.003116848972448783, -0.021120281148970205], "translation": [-259.1263602046803, 3057.1440898765904, -19.418047909473433]}