{"rotation": [-0.9981846695574055, -0.010883377875622238, 0.0038989478675546096, -0.05910766238074189], "translation": [-242.59542318279182, 3058.204320307257, -19.300631574831492]}