{"rotation": [-0.7607522090783508, -0.0041145678836429275, -0.009030735629870758, -0.6489665573259715], "translation": [-274.24449798289197, 3049.294080517391, -19.046361379727546]}