{"rotation": [-0.6912831782966687, -0.012017990571050076, -0.010451710096951608, -0.7224084004652351], "translation": [-274.4272737193134, 3044.1069855485152, -19.029790703210118]}