{"rotation": [-0.9997538371912277, -0.013222354866038663, 0.002516239392746076, -0.017638109097381074], "translation": [-260.90217652183384, 3057.064097705243, -19.423792740890857]}