{"rotation": [-0.9997792654870417, -0.0067597412780988015, 0.002459727894010145, -0.019740211212957604], "translation": [-217.07327358667717, 3059.0174348448863, -19.25268735750199]}