{"rotation": [-0.6856737673966161, -0.012124327039106422, -0.010135429735402957, -0.7277374241181077], "translation": [-274.3670848568789, 3043.145678531574, -19.02736790628266]}