{"rotation": [-0.9324889712238426, 0.001611394599109409, -0.011825887758539844, -0.3610012054440652], "translation": [-271.6936801605893, 3054.532060303223, -19.176782670104625]}