{"rotation": [-0.9997143873868141, -0.006311796856477491, 0.00277230184331212, -0.02288272743226669], "translation": [-214.9358158181395, 3059.10692070616, -19.239590157923075]}