{"rotation": [-0.9999582200079162, -0.008889087595213039, 0.0020916957521369796, 0.0004088633086019103], "translation": [-226.19231199808982, 3058.84487674956, -19.286784267726663]}