{"rotation": [-0.9999429966568889, -0.008624657765101714, 0.0014443319527312828, 0.006126387229550578], "translation": [-230.32606127510363, 3058.8928343842026, -19.293590226110684]}