{"rotation": [-0.9996434694991492, -0.00731134681783409, 0.003106476164784749, -0.025491722210369258], "translation": [-210.03463308168577, 3059.3448034606145, -19.202379405574035]}