{"rotation": [-0.9998996061865226, -0.008497753997646578, 0.00227780839509329, -0.011107534107427269], "translation": [-221.4444604906189, 3058.8860636123054, -19.27578445698564]}