{"rotation": [-0.9986968161950073, -0.013189465911585834, 0.00302013723922202, -0.049209613714997484], "translation": [-243.8293559041567, 3058.0654431464786, -19.302722331115646]}