{"rotation": [-0.876869254193071, -0.0019516829303577047, -0.012721944436707409, -0.4805566086470731], "translation": [-272.9161314685617, 3053.0713151482487, -19.12297683664753]}