{"rotation": [-0.68861416934225, -0.012174328835461188, -0.010111391753896843, -0.7249552201724522], "translation": [-274.4040431757278, 3043.6862618816895, -19.02877420233397]}