{"rotation": [-0.9982435938047719, -0.00698784268394413, 0.0025607886528348014, -0.058773632215761616], "translation": [-240.3382842834531, 3058.490674746785, -19.291471184609808]}