{"rotation": [-0.9999442466033993, -0.008116662382870704, 0.0004356522070234641, -0.006740451296260757], "translation": [-233.93254731050413, 3058.902154110843, -19.290428293224263]}