{"rotation": [-0.999642373128284, -0.009039872782739872, 0.004236147928857642, -0.024808498488411632], "translation": [-257.5105414102213, 3057.226219004137, -19.417147936605094]}