{"rotation": [-0.9999427502280037, -0.0089342640651898, 0.0020762599592848417, 0.005510384437695703], "translation": [-228.46842855826335, 3058.8644762842487, -19.29155062929869]}