{"rotation": [-0.9359964650081988, 0.001976345166099298, -0.011358231728881313, -0.3518205538679245], "translation": [-271.58948743878545, 3054.6270273617424, -19.181673723667434]}