{"rotation": [-0.9996157693842715, -0.009180771772605578, 0.0038564772230877346, -0.025868022950703395], "translation": [-257.04387305616353, 3057.2526185349125, -19.413163406023404]}