{"rotation": [-0.9769801781974263, -0.00015184457416702612, -0.008923546447330566, -0.21314332893936164], "translation": [-269.7435157580518, 3055.8304759750094, -19.254572985478028]}