{"rotation": [-0.9992935155774743, -0.014371915842222908, -0.006031351303911911, -0.03419854618672], "translation": [-264.9612096217626, 3056.8760361240506, -19.370009275786117]}