{"rotation": [-0.9972240039377954, -0.010494306910327232, -0.008153229908745549, -0.07326445478401397], "translation": [-266.7732598216811, 3056.6789406680205, -19.329763259968573]}