{"rotation": [-0.6954056510050496, -0.012173747456243398, -0.010661661612139947, -0.7184351810670071], "translation": [-274.44547876741734, 3044.669699677772, -19.031150197029024]}