{"rotation": [-0.9995152882846418, -0.011866264309199253, 0.003567339848853521, -0.02855966286594856], "translation": [-246.3325658415755, 3057.8811403265277, -19.315777311490322]}