{"rotation": [-0.9992236031735221, -0.014191175757977305, 0.0023402411705604376, -0.03667866768018642], "translation": [-245.07401189842855, 3057.9590426056925, -19.30727977039486]}