{"rotation": [-0.693285911119389, -0.012091187644240966, -0.010573023865802712, -0.7204836290930168], "translation": [-274.437311788066, 3044.3890809878803, -19.03062907443601]}