{"rotation": [-0.8811550266874838, -0.0017546959573638975, -0.012546731661210774, -0.47265771919021743], "translation": [-272.8453505224899, 3053.182340667716, -19.12650308770008]}