{"rotation": [-0.9999555045998001, -0.009022062819640736, 0.0013679740481539887, 0.0023916207979689445], "translation": [-231.78908630688537, 3058.9066499056257, -19.29444910662133]}