{"rotation": [-0.9995383332314807, -0.007257102806459376, 0.001966689492689454, -0.029437849651926182], "translation": [-253.33887289780822, 3057.4743793398975, -19.374431439048003]}