{"rotation": [-0.7765386252423776, -0.0029829937065276556, -0.010699479744347372, -0.6299717345948352], "translation": [-274.13164470167544, 3049.9221341787766, -19.052214034890433]}