{"rotation": [-0.8682258814618827, -0.0017415102134337719, -0.013129186462844653, -0.4959923490989928], "translation": [-273.05370522143613, 3052.848556026537, -19.114640200229886]}