{"rotation": [-0.998443674324736, -0.011325276768221813, -0.006593784601011679, -0.05420783441237226], "translation": [-266.06277037101, 3056.7716060903986, -19.349581189048855]}