{"rotation": [-0.8596186920957708, -0.0010083479976312644, -0.013547805406084794, -0.510755464388342], "translation": [-273.1815274334832, 3052.6176337270094, -19.10535756565833]}