{"rotation": [-0.9996806737655449, -0.00908009626135265, 0.004558178676208147, -0.023137099185218123], "translation": [-258.2052227853635, 3057.1895662677907, -19.420885877050384]}