{"rotation": [-0.9991008847454147, -0.013362119905034995, -0.00596592464638962, -0.039790496298570864], "translation": [-265.3363131912082, 3056.846285511081, -19.363309015022587]}