{"rotation": [-0.9994132139155286, -0.00649244859932996, 0.0008821395960680491, -0.033619901724305915], "translation": [-237.41071561780726, 3058.77378230751, -19.284306866180547]}