{"rotation": [-0.9823418569608315, -0.001019156655232999, -0.008834053772650445, -0.18688337774237507], "translation": [-269.32618954643357, 3056.0122724258235, -19.265589161254184]}