{"rotation": [-0.9989010797769511, -0.00796821245241229, 0.0008272771579955288, -0.04617852339842087], "translation": [-238.7860585522905, 3058.6608249470096, -19.286275319952487]}