{"rotation": [-0.9999498395147445, -0.008670145109369668, 0.0025113811498096504, 0.004340507221475851], "translation": [-227.9053371551095, 3058.857332144501, -19.29078573489482]}