{"rotation": [-0.9996511748689928, -0.006622856581421171, 0.0024791581908546246, -0.025446416808837437], "translation": [-211.94062544100458, 3059.249325006991, -19.21721981207158]}