{"rotation": [-0.999735461841015, -0.006382950019028561, 0.0024607099887794547, -0.02195926212189388], "translation": [-215.5755416496894, 3059.079540222313, -19.24446575591258]}