{"rotation": [-0.9999561103008751, -0.008766641164476023, 0.0012334846293916792, 0.003066266509378807], "translation": [-231.60091178920584, 3058.9066139008296, -19.296111963986124]}