{"rotation": [-0.9980925350611464, -0.010347474022206107, 0.004020703842496884, -0.060729360092011485], "translation": [-242.24485716655963, 3058.2475729439334, -19.299842591526936]}