{"rotation": [-0.9608445210440492, 0.0026172286354626917, -0.009581047446511491, -0.27691002152997146], "translation": [-270.6644774869057, 3055.3266045874157, -19.220117358065185]}