{"rotation": [-0.9999519458245344, -0.00878398248324111, 0.0007125683448476723, -0.004294175103020029], "translation": [-224.250229320303, 3058.8486681597883, -19.276991046408693]}