{"rotation": [-0.9997339427661709, -0.008527384134349992, 0.0007545512194317589, -0.021418637993320985], "translation": [-236.02865192464756, 3058.8494537837455, -19.288894858309195]}