{"rotation": [-0.9522774702177804, 0.0027704614851174216, -0.010008294800323093, -0.3050570082689033], "translation": [-271.02917861428125, 3055.078801157801, -19.206111805308925]}