{"rotation": [-0.9995467986014558, -0.008150184730649582, 0.0019030088589440937, -0.028916266213322224], "translation": [-254.9424477763155, 3057.3773108913365, -19.386005938571767]}