{"rotation": [-0.9998183060052209, -0.006250287410162958, 0.0022187611039520163, -0.017870813728097595], "translation": [-218.1323345001937, 3058.980017624284, -19.257469936900055]}