{"rotation": [-0.9995439450168296, -0.007444433599134021, 0.001981775457057282, -0.029198543707162173], "translation": [-252.001409921004, 3057.555904891155, -19.357912743624723]}