{"rotation": [-0.9990423995084996, -0.007883168483751434, 0.0008763374475018902, -0.04302756873952507], "translation": [-238.4405635575128, 3058.691968996273, -19.2855234168697]}