{"rotation": [-0.683326168472801, -0.012058572826248164, -0.010056354338850486, -0.7299443869495036], "translation": [-274.32626899616406, 3042.617223434266, -19.02574459327758]}