{"rotation": [-0.9994336759664881, -0.013137819563051715, 0.002951940421860892, -0.03083846768222088], "translation": [-245.79134343321903, 3057.9131683528285, -19.312097147666602]}