{"rotation": [-0.9997488439102363, -0.012181451787103566, 0.0026027489342617975, -0.01863027188448005], "translation": [-260.24274696947367, 3057.0921712778586, -19.423199722469327]}