{"rotation": [-0.7067760968210096, -0.011099699735295288, -0.010934276135661874, -0.7072657119029837], "translation": [-274.46257051632466, 3046.000945211214, -19.031170995892445]}