{"rotation": [-0.9998446902750536, -0.006977338663285167, 0.002151461431540854, -0.016040052608034736], "translation": [-219.17851638559108, 3058.944758543661, -19.264102267651243]}