{"rotation": [-0.9999524595815085, -0.00873943221881899, 0.0025680112984221752, 0.0034793992808645775], "translation": [-227.5261289736203, 3058.853784288686, -19.29045645464904]}