{"rotation": [-0.99800490472704, -0.009497537948509837, 0.003992794611923242, -0.06229016378912176], "translation": [-241.5483146281822, 3058.335909673817, -19.29784715923555]}