{"rotation": [-0.9999502669934521, -0.009880932822577744, 0.001024785493419063, -0.0008834709797448947], "translation": [-232.68612473756565, 3058.908888181501, -19.29421137923181]}