{"rotation": [-0.9993897205399505, -0.013550475192461301, 0.0027393144532104133, -0.03207907818913577], "translation": [-245.61213617992127, 3057.9236282893876, -19.31054823294899]}