{"rotation": [-0.9999524592332435, -0.008739421972712876, 0.0025680157946013386, 0.003479521784691813], "translation": [-227.52618791639824, 3058.8537849561735, -19.290456471600205]}