{"rotation": [-0.6755525371632362, -0.009433693998018558, -0.014180784877941433, -0.7371151065404316], "translation": [-274.02933342462944, 3039.677603303933, -19.029990390106825]}