{"rotation": [-0.9995762612375877, -0.007672247780588123, 0.0022727393632521044, -0.027986947673263398], "translation": [-255.63846512657838, 3057.3358184601134, -19.393292554507063]}