{"rotation": [-0.8553419446898975, -0.0007711546438499619, -0.013859115204682294, -0.5178778696762038], "translation": [-273.2461269711865, 3052.5016303695675, -19.100182616321614]}