{"rotation": [-0.9999389061958146, -0.009026345543483473, 0.0010918103492792643, -0.006286247864096045], "translation": [-223.45964083253276, 3058.854750582734, -19.276155237464117]}