{"rotation": [-0.6827336685516563, -0.012023288481269715, -0.010049498057931247, -0.7304992716963358], "translation": [-274.32279448494234, 3042.488753774487, -19.02084733966615]}