{"rotation": [-0.999726404884041, -0.009556949256026187, 0.003116828133671646, -0.021120262331076414], "translation": [-259.12636997655056, 3057.1440894423376, -19.418047879177045]}