{"rotation": [-0.7099363287632109, -0.010584334329660574, -0.01094952212005307, -0.7041011922546038], "translation": [-274.4679493039051, 3046.3065087584946, -19.030281003466705]}