{"rotation": [-0.9997792662690778, -0.006759732601077074, 0.0024597319724306522, -0.01974017406838917], "translation": [-217.07329762205615, 3059.0174339520077, -19.252687485802184]}