{"rotation": [-0.9986763655612021, -0.007294581114123008, 0.0012636316193455738, -0.05089900972483084], "translation": [-239.3069867203782, 3058.6088493476786, -19.286131254315155]}