{"rotation": [-0.9998639296067484, -0.007783366126058541, 0.0022596054315425877, -0.014367869236345625], "translation": [-220.01005766408406, 3058.921615277894, -19.268494256482594]}