{"rotation": [-0.9999427499896052, -0.008934250757445932, 0.0020762231629270797, 0.005510463139040239], "translation": [-228.4684653132505, 3058.8644767580395, -19.291550605874512]}