{"rotation": [-0.9995814702287619, -0.011054987195349983, -0.0007659293033262385, -0.02672236863977291], "translation": [-248.34049709518075, 3057.7672935992455, -19.313839916553505]}