{"rotation": [-0.7432621513636033, -0.007232302377035931, -0.00998405005438342, -0.6688866771712431], "translation": [-274.3456510896305, 3048.5043526804657, -19.039352759490033]}