{"rotation": [-0.9997520648931127, -0.012409278104785721, 0.002640083991353293, -0.018298866505720546], "translation": [-260.46514395516573, 3057.084000656736, -19.42363987013058]}