{"rotation": [-0.9998710680615582, -0.00771513905168963, 0.0022443593042496693, -0.013902759947768985], "translation": [-220.21515338989903, 3058.9157036912634, -19.270710566116755]}