{"rotation": [-0.9996695044403974, -0.008977633366252121, 0.004593982563896354, -0.023646972644171], "translation": [-257.97767526609607, 3057.2006111333235, -19.41901476907345]}