{"rotation": [-0.7052287316003989, -0.011348687246471532, -0.010967694708601114, -0.7088041711896548], "translation": [-274.4714658933808, 3045.8518384093554, -19.029852818644496]}