{"rotation": [-0.9946134625363957, -0.006711461954582748, -0.009568838694369097, -0.10299249363829949], "translation": [-267.6189314961981, 3056.5248774466963, -19.307704907836076]}