{"rotation": [-0.9997354627653645, -0.006382953628645683, 0.0024607025886565267, -0.021959219819182214], "translation": [-215.57556473768878, 3059.079539315384, -19.244465863435423]}