{"rotation": [-0.9099717601709818, 0.00017992381765274967, -0.013234562698474603, -0.41445893604665474], "translation": [-272.277158816314, 3053.929545339834, -19.148772859055928]}