{"rotation": [-0.9997891435282826, -0.008934817127641268, 0.0005177855999584766, -0.018481596899380556], "translation": [-235.67793859378062, 3058.862524202958, -19.288573585758243]}