{"rotation": [-0.674512689559362, -0.008767272462980286, -0.015575900552358888, -0.7380468534442368], "translation": [-273.9569348902, 3039.015943459, -19.030587548193868]}