{"rotation": [-0.9997574603419456, -0.0063700693193585465, 0.0022245718086315014, -0.02096411190005437], "translation": [-216.21797832998956, 3059.0520961635852, -19.247713793624026]}