{"rotation": [-0.9999356417351312, -0.008993501560836678, 0.0016097311272220759, 0.006725926190848615], "translation": [-229.58391861319356, 3058.8813919670993, -19.29456975102372]}