{"rotation": [-0.9997574607102098, -0.0063700797566552106, 0.002224576034629247, -0.020964090718024374], "translation": [-216.21799310541297, 3059.052095569589, -19.247713946566297]}