{"rotation": [-0.9995439456658546, -0.007444491473102063, 0.0019817627018043757, -0.02919850759946382], "translation": [-252.00134812091807, 3057.555908549795, -19.357912114413963]}