{"rotation": [-0.999478134762602, -0.016046608771382326, -0.00562500389874432, -0.027464956026676774], "translation": [-264.38837840326653, 3056.91221307992, -19.38021163350883]}