{"rotation": [-0.9177148934648737, 0.00016087154947450906, -0.013194928979131116, -0.39702045574798267], "translation": [-272.09570542635083, 3054.1341395239965, -19.15626507197955]}