{"rotation": [-0.999720954473737, -0.006256444297805763, 0.0026721201651200947, -0.022621447007030438], "translation": [-215.1482703132918, 3059.0968626612303, -19.24162065652143]}