{"rotation": [-0.9999582172938203, -0.008662965930754125, 0.0007469735023601232, -0.0028211200673274434], "translation": [-224.8388496770659, 3058.8458329089735, -19.277976491650904]}