{"rotation": [-0.999545692498521, -0.007667230371774614, 0.0019316763896903622, -0.029084202110489097], "translation": [-251.78189241783215, 3057.5698761896597, -19.354952610650788]}