{"rotation": [-0.9999590103202539, -0.008860645591106405, 0.0017990914029190309, -0.0004794884473510212], "translation": [-225.8089674474152, 3058.8442114486156, -19.28385617610328]}