{"rotation": [-0.9999493814472825, -0.00828703373016931, 0.0012642069815527485, 0.0055642965287664575], "translation": [-230.6941498551894, 3058.897651827097, -19.29426214175142]}