{"rotation": [-0.6799690172668689, -0.01237268334358912, -0.010185814448567386, -0.7330656869940287], "translation": [-274.2470574106202, 3041.607237484418, -19.01829465574937]}