{"rotation": [-0.9989010712662261, -0.00796821308471947, 0.0008272646002859009, -0.046178707611882155], "translation": [-238.78607857283927, 3058.660823045511, -19.286275290167527]}