{"rotation": [-0.9996453956329517, -0.007077011679035452, 0.002794331577092996, -0.02551843660124146], "translation": [-211.51883744545847, 3059.270861513451, -19.21209704771796]}