{"rotation": [-0.7172680250778449, -0.00966814943371191, -0.01067058925577912, -0.6966485811457523], "translation": [-274.4592635447701, 3046.924152453752, -19.03094165365892]}