{"rotation": [-0.9996695044062843, -0.008977632943617735, 0.004593982230619385, -0.02364697431149017], "translation": [-257.97767459830567, 3057.2006111683895, -19.419014767187946]}