{"rotation": [-0.9996746785179617, -0.007703501576467916, 0.002642485908472512, -0.024170446038395577], "translation": [-213.86494418081872, 3059.154944924492, -19.233059057279192]}