{"rotation": [-0.9999507512613053, -0.009757245171254996, 0.0009203800853603416, -0.0015633678766334145], "translation": [-232.86470517826058, 3058.9084020301716, -19.296001110612547]}