{"rotation": [-0.9913108338588543, -0.003505268978541603, -0.00993500655783891, -0.1311176548301059], "translation": [-268.2617650135977, 3056.368333036271, -19.292386800239317]}