{"rotation": [-0.9995921967300194, -0.010125033253986764, -0.00028295147929937773, -0.026699136250453025], "translation": [-248.89954652912488, 3057.736926073216, -19.32045361279893]}