{"rotation": [-0.9997164845664418, -0.009343874432408241, 0.003582081552228276, -0.02160581376527761], "translation": [-258.89740197635564, 3057.154186421375, -19.418693231579095]}