{"rotation": [-0.9995394885554736, -0.011801931931202086, 0.0023155842619028105, -0.027859707293503382], "translation": [-247.17018370059208, 3057.8313096420675, -19.316575492914147]}