{"rotation": [-0.7052287319430284, -0.011348687195970021, -0.010967694725967238, -0.7088041708492933], "translation": [-274.471465894627, 3045.8518384457875, -19.02985281848479]}