{"rotation": [-0.9997354615397758, -0.006382948842680126, 0.0024607124004266587, -0.02195927590804543], "translation": [-215.57553412547534, 3059.079540517875, -19.244465720871588]}