{"rotation": [-0.675002769833863, -0.008899062325852468, -0.014957602216588864, -0.7376098816734115], "translation": [-273.992458155216, 3039.3481957791623, -19.029962188949767]}