{"rotation": [-0.9552544023426731, 0.0028139269855933756, -0.009800312180866824, -0.29560964548035257], "translation": [-270.91101391350054, 3055.16281650745, -19.210658112478296]}