{"rotation": [-0.9996137938243405, -0.017342972422359715, -0.0038933596514987906, -0.021361794266643506], "translation": [-263.60095575191224, 3056.9503514584653, -19.39472075776971]}