{"rotation": [-0.9996577123213698, -0.007606248259054848, 0.0020879350161892673, -0.024944813312500407], "translation": [-213.0109008424993, 3059.196039471344, -19.224966684822014]}