{"rotation": [-0.78060029240262, -0.0032422698632200092, -0.011350736738273304, -0.6249190603290771], "translation": [-274.1014718446449, 3050.0720083810193, -19.052038487912395]}