{"rotation": [-0.9634693737629864, 0.002297200605378845, -0.009459081396189985, -0.2676415783641957], "translation": [-270.543937249495, 3055.4025662155627, -19.2232789431954]}