{"rotation": [-0.8938646271904904, -0.0008201879946025339, -0.012760628947458719, -0.4481545736664131], "translation": [-272.6162016634197, 3053.5106039921934, -19.13599227183158]}