{"rotation": [-0.8553419201941116, -0.0007711529973801712, -0.013859116319667719, -0.5178779101067573], "translation": [-273.2461273191522, 3052.501629692243, -19.100182589142438]}