{"rotation": [-0.9998542762350288, -0.009113156386656957, 0.00037289382579389714, -0.014430440928605442], "translation": [-235.1587922450283, 3058.878769448936, -19.287991398435157]}