{"rotation": [-0.9989765775339576, -0.012862481363325603, -0.006004737151520813, -0.04294528196973477], "translation": [-265.5198740499004, 3056.8281537260523, -19.36066996352634]}