{"rotation": [-0.677174742252755, -0.011787515664944712, -0.011241264625093537, -0.7356419352504262], "translation": [-274.1216650302747, 3040.448395568612, -19.02821626386808]}