{"rotation": [-0.68192556971468, -0.012147958307271877, -0.01007258475181285, -0.7312513162481772], "translation": [-274.29678924434177, 3042.2323352860276, -19.022568651930648]}