{"rotation": [-0.9986763666022201, -0.0072945861919110596, 0.001263629577135535, -0.05089898862225631], "translation": [-239.3069843812578, 3058.608849596747, -19.28613125366646]}