{"rotation": [-0.7238523694299542, -0.009090212282089172, -0.010394390034485454, -0.6898166944682613], "translation": [-274.42914715212237, 3047.3932331051765, -19.03332644038648]}