{"rotation": [-0.9997339370203898, -0.00852734343375705, 0.0007545677685880231, -0.021418921801919757], "translation": [-236.02868595853272, 3058.8494524524554, -19.28889496779388]}