{"rotation": [-0.8011952709056943, -0.003735716740808335, -0.013910669405270292, -0.5982296177685295], "translation": [-273.90752378965766, 3050.823606477113, -19.06290842017707]}