{"rotation": [-0.99984468998972, -0.006977338529027604, 0.002151462649705824, -0.016040070289095033], "translation": [-219.17850553652096, 3058.944758883655, -19.264102215609512]}