{"rotation": [-0.9995387667040381, -0.007259951849194605, 0.00207296172167823, -0.029415128499098966], "translation": [-252.66426888421378, 3057.51606417588, -19.367240893418487]}