{"rotation": [-0.9427760092231828, 0.0025647341886790172, -0.010677120701995365, -0.33324588169288105], "translation": [-271.3705642003267, 3054.814647886749, -19.192101632515485]}