{"rotation": [-0.9996945093443106, -0.016340021236138626, -0.0020892514792533548, -0.018426250869261845], "translation": [-262.9980271210745, 3056.9781482106578, -19.402363064211283]}