{"rotation": [-0.9984453173084136, -0.006864430221541459, 0.0018879638879124795, -0.05528348338331256], "translation": [-239.82044237724335, 3058.552430965737, -19.28961287967791]}