{"rotation": [-0.9996085819158753, -0.008915089006775654, 0.003675968180529809, -0.02626197643114404], "translation": [-256.8062292291784, 3057.2651520558934, -19.411687649191034]}