{"rotation": [-0.9634700305946636, 0.002297113909372516, -0.009459079531614683, -0.2676392146678436], "translation": [-270.5439048997271, 3055.4025860246675, -19.223280180135692]}