{"rotation": [-0.9996918734955775, -0.009134923185744633, 0.004413891571820698, -0.02265455376927479], "translation": [-258.43834356841086, 3057.178775222052, -19.420125938156314]}