{"rotation": [-0.9996085819895534, -0.0089151041548491, 0.003675972547660474, -0.02626196787317113], "translation": [-256.80623624005227, 3057.265151679894, -19.411687696342806]}