{"rotation": [-0.6778859292555693, -0.012176641956287317, -0.010606968919435777, -0.7349897200086024], "translation": [-274.1632301723379, 3040.7860568332344, -19.022449214306082]}