{"rotation": [-0.8300281725975768, -0.0003488390935212962, -0.014678092053034797, -0.5575281738345578], "translation": [-273.5803899994285, 3051.7740389950964, -19.07738821939375]}