{"rotation": [-0.9999558946124029, -0.008906295154717215, 0.002432455793320896, 0.001723338428644707], "translation": [-226.76991587825182, 3058.8475155117258, -19.286963185001994]}