{"rotation": [-0.7684954094234215, -0.0034271371907718725, -0.009661508546331769, -0.6397731751788381], "translation": [-274.19670951649897, 3049.606794574854, -19.046134109459395]}