{"rotation": [-0.9987525412894666, -0.00763515426179683, 0.0010659932225317063, -0.04933486947059357], "translation": [-239.13444004241362, 3058.626827074865, -19.286503701361365]}