{"rotation": [-0.9999348373019376, -0.009128865408816472, 0.001177469633953376, -0.006752668476733934], "translation": [-223.2602938990361, 3058.8567706696917, -19.27653065813341]}