{"rotation": [-0.9995255512593895, -0.011710661615155094, 0.0036211109783599645, -0.02825633273146833], "translation": [-246.51380467327678, 3057.870699067413, -19.316505605292523]}