{"rotation": [-0.6745126729196217, -0.008767266392511448, -0.015575928089667884, -0.7380468681425155], "translation": [-273.95693365197263, 3039.0159315862247, -19.03058754291605]}