{"rotation": [-0.999241109585381, -0.007097944854900249, 0.0009036875294967166, -0.03828847662498959], "translation": [-237.9259665898563, 3058.7351555998603, -19.284423657905396]}