{"rotation": [-0.9986968290062769, -0.013189513226670588, 0.0030201001222352627, -0.049209343308995596], "translation": [-243.82938341793897, 3058.065440445897, -19.30272234125954]}