{"rotation": [-0.9995835364909916, -0.017414829933838284, -0.0045436828169052755, -0.022557309702117893], "translation": [-263.79559933199386, 3056.939101833442, -19.3923039682274]}