{"rotation": [-0.8682297338468277, -0.0017417999731706756, -0.013129129244074132, -0.4959856060032515], "translation": [-273.05364708572813, 3052.8486578796646, -19.11464427513036]}