{"rotation": [-0.9995896486586854, -0.009356240925761452, 0.0006811056755421719, -0.02706531258278533], "translation": [-249.4817383806797, 3057.7042229614517, -19.32870866127288]}