{"rotation": [-0.9999429967966409, -0.008624650305756057, 0.0014443261885754082, 0.006126376279453006], "translation": [-230.3260699396181, 3058.892834531915, -19.29359018029202]}