{"rotation": [-0.9983027007451383, -0.011525275155153896, 0.00374001956578595, -0.056964005926624955], "translation": [-242.94805035138046, 3058.1614962043054, -19.300661361778708]}