{"rotation": [-0.67646532996639, -0.010964300870118333, -0.012429262530772476, -0.7362879565039984], "translation": [-274.08131771773265, 3040.1176098711803, -19.030871623633544]}