{"rotation": [-0.9403346746276515, 0.002400852941192321, -0.010848415178716972, -0.34006947449921726], "translation": [-271.45415124170216, 3054.7450659490087, -19.187443509916196]}