{"rotation": [-0.9997067349440447, -0.006637638143999195, 0.0028352672280910207, -0.02311594962644221], "translation": [-214.72233803837042, 3059.11626492003, -19.237910870216655]}