{"rotation": [-0.9982003673557662, -0.01105465545645016, -0.00687799380767309, -0.05853643655650987], "translation": [-266.2466804354713, 3056.7506261496787, -19.343599662346918]}