{"rotation": [-0.9999571138305496, -0.008944070018468961, 0.002246376454249949, 0.0008531729060594478], "translation": [-226.38426903745503, 3058.845857646729, -19.287099636944337]}