{"rotation": [-0.6742413981932617, -0.00872416116953494, -0.01585566950504993, -0.7382892547767645], "translation": [-273.93398076805454, 3038.7905677355825, -19.030501436606325]}