{"rotation": [-0.991310895973848, -0.0035052995775776133, -0.009935003162173633, -0.13111718465008956], "translation": [-268.2617549522971, 3056.3683357784007, -19.292387062309484]}