{"rotation": [-0.9995375865574011, -0.011747368301068716, 0.002660146618686499, -0.027920172223179454], "translation": [-247.05674386892667, 3057.837720346812, -19.317418184665094]}