{"rotation": [-0.6776315202584858, -0.012053650280796585, -0.01081249739640987, -0.7352233144882814], "translation": [-274.1492147315977, 3040.6728741953207, -19.02445708705686]}