{"rotation": [-0.9998446894877432, -0.006977338292833737, 0.0021514647927738206, -0.016040101394663952], "translation": [-219.17848645019393, 3058.9447594817934, -19.264102124054556]}