{"rotation": [-0.6751767331117386, -0.009022392967381334, -0.01474449589957396, -0.7374534394321921], "translation": [-274.0045881640103, 3039.4580302973495, -19.029820593462144]}