{"rotation": [-0.7765358496711059, -0.0029829538152081965, -0.010699077554691513, -0.6299751629243717], "translation": [-274.1316654481307, 3049.922028279555, -19.052213533495596]}