{"rotation": [-0.6742413241072069, -0.008724176607157158, -0.015855693100911738, -0.7382893217465476], "translation": [-273.9339755960606, 3038.7905153458446, -19.03050138245899]}