{"rotation": [-0.9982408739808147, -0.011203824055676203, 0.0038438770438617774, -0.05809351469673958], "translation": [-242.77317568895577, 3058.182110241288, -19.30007975927925]}