{"rotation": [-0.7432622498180624, -0.007232289070674507, -0.00998404381439392, -0.6688865680063418], "translation": [-274.3456506688149, 3048.50435757492, -19.039352772203358]}