{"rotation": [-0.8469100796175977, -9.452542417386145e-05, -0.01413256198742507, -0.5315482845412354], "translation": [-273.3643950379048, 3052.261753222326, -19.09082456796642]}