{"rotation": [-0.999583537137678, -0.01741483084137118, -0.004543671066089364, -0.022557282711757044], "translation": [-263.7955952072646, 3056.9391020346006, -19.39230404573923]}