{"rotation": [-0.9995664698694551, -0.011643349694789197, -0.00018414320225605826, -0.027042019375069323], "translation": [-247.97383015913547, 3057.7866499820652, -19.31229709067611]}