{"rotation": [-0.999567201810502, -0.00901463378040403, 0.001517210632185564, -0.027961464811878882], "translation": [-250.29574646342297, 3057.657856323952, -19.33812875154201]}