{"rotation": [-0.9990946674385925, -0.014109964492478751, 0.002351302167328216, -0.04006526894839236], "translation": [-244.71800299081514, 3057.986519768788, -19.305215510371074]}