{"rotation": [-0.9996624871880379, -0.007900387855227885, 0.0023318557056355793, -0.02463854763843128], "translation": [-213.43717546564122, 3059.1752693045105, -19.229673211519906]}