{"rotation": [-0.9995359514109237, -0.0075261834237394095, 0.0018862191998162527, -0.029456418269405253], "translation": [-253.56356889611612, 3057.46076793489, -19.376992315320393]}