{"rotation": [-0.9683875927173721, 0.0015709527803534021, -0.0093251959690176, -0.24927102338329338], "translation": [-270.28841669634284, 3055.5526664321437, -19.23242665956177]}