{"rotation": [-0.9994291557296924, -0.015518040410677236, -0.005806264300775898, -0.0294421533539328], "translation": [-264.5817156398256, 3056.898863755248, -19.376591973939096]}