{"rotation": [-0.9427762093156474, 0.0025647441949009876, -0.01067710564483371, -0.3332453160221196], "translation": [-271.3705575809861, 3054.814653387755, -19.192101928763655]}