{"rotation": [-0.9981365253267396, -0.010566923851662751, 0.003979253785688547, -0.059966511223225105], "translation": [-242.420900111227, 3058.2254228668394, -19.30010470436039]}