{"rotation": [-0.6814633745037223, -0.011921642111166596, -0.010116941336488139, -0.7316851721590146], "translation": [-274.2936232559678, 3042.111702414887, -19.019450130283257]}