{"rotation": [-0.9995526229775583, -0.011817660313603616, 0.0009080918109405369, -0.027460374590640848], "translation": [-247.6095506921013, 3057.806162423121, -19.31264438432339]}