{"rotation": [-0.9999212398188897, -0.008968283066311573, 0.0017042939319750385, -0.008612748695414773], "translation": [-222.45722712598376, 3058.8684757019428, -19.277066878072844]}