{"rotation": [-0.9994978376599758, -0.012230184957237666, 0.003401735241683035, -0.02903314117159985], "translation": [-246.15098588158358, 3057.8915869595307, -19.315138154584105]}