{"rotation": [-0.7134564629051541, -0.010004142894597034, -0.010810645017782814, -0.7005447327745106], "translation": [-274.46173895624185, 3046.6139175997646, -19.03119600113272]}