{"rotation": [-0.9997067345385221, -0.006637658883112687, 0.002835269478656581, -0.023115960933084472], "translation": [-214.72232644445793, 3059.116265432008, -19.237910833936407]}