{"rotation": [-0.9999571136326172, -0.008944074570506548, 0.002246406704779918, 0.0008532775158433427], "translation": [-226.38431553861767, 3058.8458578959426, -19.287099694707596]}