{"rotation": [-0.9995672015653371, -0.009014623873628976, 0.0015172166616967304, -0.027961476442767624], "translation": [-250.29575644173576, 3057.657855750015, -19.338128868280638]}