{"rotation": [-0.6923182720227021, -0.012043099547697998, -0.010530545544932044, -0.7214149163881423], "translation": [-274.4274833827013, 3044.2500113903584, -19.03114518380479]}