{"rotation": [-0.7888413895412618, -0.004117621642358169, -0.012839671482609184, -0.6144488995635361], "translation": [-274.0302140571455, 3050.375439311291, -19.056810212567836]}