{"rotation": [-0.9998489451292634, -0.007265193448480589, 0.002169166641870603, -0.015639648465850618], "translation": [-219.38874412307717, 3058.938574685301, -19.264320869618334]}