{"rotation": [-0.9999448197842791, -0.00888066181491015, 0.0022309109690717395, 0.005149200769334931], "translation": [-228.28022811388192, 3058.862223080311, -19.291186503168344]}