{"rotation": [-0.715680448617164, -0.009851255369050366, -0.010728514726594578, -0.698275982120644], "translation": [-274.46176021404534, 3046.7954066563907, -19.030499975082243]}