{"rotation": [-0.6762189319702969, -0.010571575344430921, -0.012923675499889736, -0.736511491051743], "translation": [-274.0681430461166, 3040.008239114871, -19.030904123484856]}