{"rotation": [-0.9997143875770386, -0.006311788277470718, 0.002772300014568319, -0.022882721709544106], "translation": [-214.9358214359536, 3059.1069204590112, -19.239590187567792]}