{"rotation": [-0.8682299803642528, -0.001741818515276071, -0.013129125582542298, -0.49598517450261254], "translation": [-273.05364336549343, 3052.848664397351, -19.114644535887575]}