{"rotation": [-0.7465046570853775, -0.006755296556515776, -0.009714824182449034, -0.6652749695497198], "translation": [-274.33098017647904, 3048.6617090268355, -19.039264681099286]}