{"rotation": [-0.9996361281444335, -0.007254902435419423, 0.0010667391077850666, -0.02595842381066985], "translation": [-236.54763945852554, 3058.826097814621, -19.28879861184399]}