{"rotation": [-0.9999518762336778, -0.008228309775480913, 0.0012366696707921353, 0.005197189924528191], "translation": [-230.8772665042502, 3058.900064054105, -19.29360643089442]}