{"rotation": [-0.9995916557041923, -0.00958069424189436, 0.000390268586453863, -0.026918020633496128], "translation": [-249.28679189018436, 3057.7161016742402, -19.324954299166652]}