{"rotation": [-0.7099363909046194, -0.010584322182344244, -0.01094951854705379, -0.7041011298363692], "translation": [-274.467949404467, 3046.3065144275874, -19.030280987534464]}