{"rotation": [-0.9989512115422664, -0.013667113739711589, 0.0025438940168083873, -0.043625858885471776], "translation": [-244.36107824453555, 3058.0159097108703, -19.30445618710304]}