{"rotation": [-0.6762505401751873, -0.010634825355860713, -0.012856496073285671, -0.736482734292621], "translation": [-274.0699884348551, 3040.0236370317884, -19.03093013825992]}