{"rotation": [-0.9995551739666586, -0.008019267906703459, 0.0018855205332432257, -0.028663397409278785], "translation": [-255.17448386651654, 3057.363926994005, -19.387546488851083]}