{"rotation": [-0.6769447327071153, -0.011568618532705004, -0.011569019040261995, -0.7358519917237318], "translation": [-274.10806283402053, 3040.3373700133207, -19.02951616059921]}