{"rotation": [-0.9998996061926835, -0.008497757436009133, 0.0022778086628347264, -0.011107530867427476], "translation": [-221.44446185967888, 3058.8860635850133, -19.27578446370341]}