{"rotation": [-0.9986502513792357, -0.011778057003134697, -0.006241626823028772, -0.05019955067550214], "translation": [-265.88482405770446, 3056.7936998996206, -19.352813520808684]}