{"rotation": [-0.9999474617449138, -0.008770734314296823, 0.0023649341593025286, 0.0047492163474128655], "translation": [-228.09279116525633, 3058.8596519115376, -19.291111490065834]}