{"rotation": [-0.999941233689833, -0.008920978458461612, 0.0019210124618137562, 0.00585277893996318], "translation": [-228.65503178289794, 3058.867201324247, -19.29157528992645]}