{"rotation": [-0.684316390683327, -0.012089628339718, -0.010070181361425977, -0.7290154386404308], "translation": [-274.3512659700111, 3042.8757739941043, -19.02403471207086]}