{"rotation": [-0.9993382965122528, -0.013913764038445926, 0.002549518658040206, -0.03350934569464963], "translation": [-245.4336074043811, 3057.9345224275153, -19.308770858937784]}