{"rotation": [-0.9998118662360571, -0.009186275318768318, 0.0004867942157160664, -0.01707651928034668], "translation": [-235.50745333472472, 3058.8684667551556, -19.288221984348144]}