{"rotation": [-0.9983050725661587, -0.006971396133135753, 0.002321939822957681, -0.05773205626071181], "translation": [-240.16279857348638, 3058.512346009863, -19.290540431564885]}