{"rotation": [-0.972880798338292, 0.000827000312709278, -0.009175189844719132, -0.23112352581778386], "translation": [-270.01903451931963, 3055.6959064629473, -19.243611383282733]}