{"rotation": [-0.9995551738144417, -0.008019267737973733, 0.001885520617883127, -0.028663402759052135], "translation": [-255.17447878373014, 3057.363927280099, -19.38754645674323]}