{"rotation": [-0.9986763653237768, -0.007294579956030999, 0.0012636320851127745, -0.05089901453769887], "translation": [-239.30698725386173, 3058.608849290874, -19.286131254463122]}