{"rotation": [-0.9995401541362222, -0.008252596694672917, 0.0019279118856079904, -0.029114568052671496], "translation": [-254.7091436180622, 3057.3908464922742, -19.385382869684396]}