{"rotation": [-0.99994983955099, -0.008670144349576348, 0.0025113845476653868, 0.00434049842304843], "translation": [-227.90533339470988, 3058.8573321063554, -19.290785733517108]}