{"rotation": [-0.9997339337461025, -0.008527320240404136, 0.0007545771991733684, -0.02141908353108369], "translation": [-236.0287053528419, 3058.849451693807, -19.28889503018461]}