{"rotation": [-0.9999368722618228, -0.00813052995531333, 0.00033453425498316224, -0.007748164990566299], "translation": [-234.10854872858198, 3058.9000399865536, -19.289085327230893]}