{"rotation": [-0.8342296254588334, 9.979077748113201e-05, -0.014546928904568907, -0.5512252796344345], "translation": [-273.52541132080916, 3051.9004489788153, -19.080979620552746]}