{"rotation": [-0.9999557310805368, -0.008824936960329767, 0.0024548303954110484, 0.002151784042398702], "translation": [-226.95691474117362, 3058.848927367095, -19.289020639897508]}