{"rotation": [-0.7607490304851046, -0.0041148642494166785, -0.00903049183351123, -0.6489702849325439], "translation": [-274.24451593025896, 3049.293949066195, -19.04636134852418]}