{"rotation": [-0.9992065335124428, -0.01387257220760297, -0.006033893472493381, -0.036843551076886444], "translation": [-265.1479923997518, 3056.8599203735007, -19.36698619896901]}