{"rotation": [-0.9981861737854629, -0.0071416810069216755, 0.0027635392870994737, -0.05971366432016739], "translation": [-240.51026401939134, 3058.469390207397, -19.29184468455142]}