{"rotation": [-0.9999532087269619, -0.00833338383965738, 0.0012034874820719547, 0.0047630545151649195], "translation": [-231.0569478261338, 3058.9023607502527, -19.294384414449762]}