{"rotation": [-0.9997618219690935, -0.006559159237716849, 0.0022625749631439646, -0.020691967467331523], "translation": [-216.43119837072553, 3059.0422668282426, -19.24969443413213]}