{"rotation": [-0.9983723967528616, -0.006916225349127195, 0.0020962042010439315, -0.05657145178280749], "translation": [-239.99032174244863, 3058.5328034457316, -19.29069690805836]}