{"rotation": [-0.9999442458624969, -0.008116640801738469, 0.0004356423341971334, -0.006740587833023365], "translation": [-233.93257219832432, 3058.9021538287275, -19.29042814714014]}