{"rotation": [-0.9997722639388887, -0.006841287768274377, 0.002346688595408667, -0.020077601769557377], "translation": [-216.85660577457247, 3059.0260284086175, -19.253061680520734]}