{"rotation": [-0.9998118739411016, -0.00918630790445532, 0.0004867735709293535, -0.017076051210920894], "translation": [-235.50739384033548, 3058.8684686763468, -19.288222021014505]}