{"rotation": [-0.7117012117943349, -0.010206866704118404, -0.010866529858181097, -0.702324087249897], "translation": [-274.46107085576955, 3046.461743869729, -19.031700698528212]}