{"rotation": [-0.9999242837785585, -0.009094703659335183, 0.0015337541223562217, -0.00814620608491322], "translation": [-222.65926522753753, 3058.864503468934, -19.277088042807176]}