{"rotation": [-0.7067771980278568, -0.01109951643576647, -0.010934241105207115, -0.7072646148749682], "translation": [-274.46257331969053, 3046.0010565960197, -19.031170709488645]}