{"rotation": [-0.9999562108264917, -0.00896155867740433, 0.002363604242596551, 0.0012962525142835857], "translation": [-226.5779507520739, 3058.8469981164058, -19.286227451696135]}