{"rotation": [-0.9996945098499379, -0.01634001234918831, -0.0020892348696879654, -0.018426233201066438], "translation": [-262.9980216588428, 3056.9781484064065, -19.402363148570075]}