{"rotation": [-0.9994132212988726, -0.006492435705911356, 0.00088214313585204, -0.03361968463717833], "translation": [-237.41069075803136, 3058.773784043355, -19.284306967802188]}