{"rotation": [-0.8821642677314, -0.0016532473244104395, -0.012515195686928928, -0.47077260050700176], "translation": [-272.82840716006814, 3053.208350261398, -19.127277785569994]}