{"rotation": [-0.7117012105214098, -0.010206866876548157, -0.010866529912765903, -0.7023240885364671], "translation": [-274.46107085451337, 3046.4617437582697, -19.031700698677025]}