{"rotation": [-0.9999051074446161, -0.008481994451092234, 0.0002622827102552683, -0.01085187007303999], "translation": [-234.63607135831253, 3058.89155384272, -19.287782152259464]}