{"rotation": [-0.6783920917647928, -0.012324954249397668, -0.010320617396047262, -0.734524165831393], "translation": [-274.1897484793758, 3041.0177602039957, -19.01991018354323]}