{"rotation": [-0.9998639311353043, -0.007783363405024274, 0.002259609698126032, -0.014367763666378942], "translation": [-220.01010538931482, 3058.921614139964, -19.268494400933665]}