{"rotation": [-0.9995526228130113, -0.011817660511581743, 0.000908106982111477, -0.027460379993223562], "translation": [-247.60954596992698, 3057.8061626839467, -19.312644394539582]}