{"rotation": [-0.9983716783687079, -0.011822759573231612, 0.003567084510673361, -0.05569102347251875], "translation": [-243.11782866505135, 3058.1421029338335, -19.303638183585626]}