{"rotation": [-0.9992935215957788, -0.01437195811539271, -0.006031346588753758, -0.03419835339548745], "translation": [-264.9611949415122, 3056.8760370652917, -19.37000959385917]}