{"rotation": [-0.99844369182262, -0.011325314619182228, -0.006593758569893133, -0.05420750737965682], "translation": [-266.062756312234, 3056.771607814952, -19.349581491312033]}