{"rotation": [-0.9999507512641, -0.009757246735927164, 0.0009203807148968884, -0.0015633559530372574], "translation": [-232.86470225585958, 3058.9084020354057, -19.296001116177074]}