{"rotation": [-0.9996538003412541, -0.006769715289925877, 0.002299977473210508, -0.02532114771893837], "translation": [-212.36846188958663, 3059.228026764542, -19.220441958134916]}