{"rotation": [-0.8469104108495014, -9.456794168005795e-05, -0.01413255874653675, -0.5315477568712985], "translation": [-273.36439055007196, 3052.261762807729, -19.0908249727219]}