{"rotation": [-0.6742413681212739, -0.008724167435761454, -0.01585567908275645, -0.7382892819602153], "translation": [-273.9339786687106, 3038.7905464702626, -19.03050141462762]}