{"rotation": [-0.9999474620644987, -0.008770717078254575, 0.0023649513638315917, 0.004749172322405039], "translation": [-228.0927695796825, 3058.8596516120506, -19.29111147476125]}