{"rotation": [-0.9998183060665491, -0.006250287326635884, 0.0022187612367753516, -0.01787081030969435], "translation": [-218.1323366825587, 3058.9800175497116, -19.2574699441989]}