{"rotation": [-0.9995439452350224, -0.007444453055480854, 0.0019817711689354743, -0.02919853156830392], "translation": [-252.00138914475613, 3057.555906121134, -19.35791253209349]}