{"rotation": [-0.6736699206264337, -0.008829859317107136, -0.01601620244463147, -0.7388060319778577], "translation": [-273.89711576294775, 3038.4129903852636, -19.02985490658888]}