{"rotation": [-0.7847431035691896, -0.0036526107822059213, -0.0121590054841322, -0.619691115331426], "translation": [-274.06480751520144, 3050.2256179100705, -19.056056862714414]}