{"rotation": [-0.9994638671841483, -0.006402372391653899, 0.0008771173722248642, -0.03209701678008958], "translation": [-237.23558916529436, 3058.7857294150176, -19.28741885927708]}