{"rotation": [-0.9983716781658563, -0.01182275879765992, 0.003567084892672204, -0.05569102724921564], "translation": [-243.11782815923019, 3058.142102991711, -19.303638182892662]}