{"rotation": [-0.7314320122812338, -0.008323971008930866, -0.01002925373626253, -0.6817898041085398], "translation": [-274.3977621043368, 3047.8670523821957, -19.03585884898302]}