{"rotation": [-0.8596187438060346, -0.001008353241616116, -0.013547801943859874, -0.5107553774396947], "translation": [-273.18152668844687, 3052.617635130248, -19.105357627998824]}