{"rotation": [-0.9991106739754809, -0.007760754168211886, 0.000942058268388413, -0.04143361400143409], "translation": [-238.27087970535015, 3058.7068504368594, -19.285911517094576]}