{"rotation": [-0.6903746172596334, -0.012126821660163038, -0.010248032901148028, -0.7232778206620842], "translation": [-274.41634282908143, 3043.962809946151, -19.03000351277244]}