{"rotation": [-0.9994638573188592, -0.0064023690287818204, 0.000877094535425128, -0.03209732526710391], "translation": [-237.23562373689074, 3058.785727115454, -19.287418730082013]}