{"rotation": [-0.7805998962553067, -0.0032422309367163764, -0.01135065187692524, -0.6249195569085083], "translation": [-274.10147490672796, 3050.0719935869924, -19.052038423739027]}