{"rotation": [-0.9995504734486708, -0.008480548598893427, 0.0019116487199264507, -0.028692802637101136], "translation": [-251.13556840683748, 3057.6076219651645, -19.348173541087125]}