{"rotation": [-0.689516460584215, -0.012071075747716794, -0.010281924234101819, -0.7240964174388338], "translation": [-274.40579435174124, 3043.831628952869, -19.03103333452443]}