{"rotation": [-0.999549272791426, -0.008200312606472075, 0.0019299492419335097, -0.028814604477782807], "translation": [-251.3501275886272, 3057.5952191430747, -19.35019089775784]}