{"rotation": [-0.9999543874925937, -0.008453232284559704, 0.0012559033061038396, 0.0042647983704775525], "translation": [-231.2419367527319, 3058.903669842995, -19.295548963726247]}