{"rotation": [-0.999654298838589, -0.007083652679221921, 0.0021837867344406824, -0.02522569629856832], "translation": [-212.58268700642878, 3059.2165706417077, -19.221566889890337]}