{"rotation": [-0.6833261726105516, -0.01205857202295216, -0.010056353722950509, -0.7299443830977679], "translation": [-274.326269104381, 3042.6172244253407, -19.02574458335922]}