{"rotation": [-0.7725131484891509, -0.003068241308183315, -0.010074091499706204, -0.6349114379085555], "translation": [-274.16219064156985, 3049.7623182439806, -19.050800531257288]}