{"rotation": [-0.9998856060918093, -0.007497236436576994, 0.0021554832968370807, -0.012958397585595166], "translation": [-220.627699894918, 3058.90587846211, -19.271119715162367]}