{"rotation": [-0.9999106343072957, -0.008418762211636462, 0.0002440938021850339, -0.010382112512454699], "translation": [-234.55924637857572, 3058.893068838198, -19.288450779786835]}