{"rotation": [-0.999669504636547, -0.008977635796399796, 0.004593984480238887, -0.023646963057085957], "translation": [-257.9776791058906, 3057.2006109316994, -19.41901477991522]}