{"rotation": [-0.6895162645587222, -0.01207109775456592, -0.010281899689339636, -0.7240966040845409], "translation": [-274.4057915713928, 3043.8315969813934, -19.031033444718304]}