{"rotation": [-0.9980263186455637, -0.008669835332187905, 0.0036096669408058704, -0.06209083306473709], "translation": [-241.20255711818663, 3058.380620322558, -19.295272053637994]}