{"rotation": [-0.9985990348131312, -0.007081511204421001, 0.0014265326543570981, -0.052419317755294986], "translation": [-239.47832989530363, 3058.5903867629763, -19.286097385451296]}