{"rotation": [-0.9995672024203641, -0.00901465842412306, 0.0015171956334015704, -0.02796143587931965], "translation": [-250.29572164174954, 3057.657857751653, -19.338128461147907]}