{"rotation": [-0.9984787654676099, -0.006872920473846733, 0.0018030827460209754, -0.05467784530364056], "translation": [-239.74478020144326, 3058.5610364273957, -19.289027732543936]}