{"rotation": [-0.9996538003709787, -0.00676968842373454, 0.002299979022962397, -0.025321153587445612], "translation": [-212.36844401617785, 3059.228027627253, -19.22044180442098]}