{"rotation": [-0.9994459507997715, -0.01568934571516415, -0.005800706000270942, -0.028774774905624616], "translation": [-264.5207911521511, 3056.902048147015, -19.37841112581464]}