{"rotation": [-0.9999462009351028, -0.008435635821872614, 0.0013516049790875948, 0.005882894501543201], "translation": [-230.50895112113227, 3058.8957173091476, -19.293191789853825]}