{"rotation": [-0.9427767274818055, 0.0025647701074237032, -0.01067706665216612, -0.3332438511371195], "translation": [-271.3705404392369, 3054.8146676333517, -19.192102695939422]}