{"rotation": [-0.9999356419722869, -0.008993475122308536, 0.0016097210609387564, 0.00672592869430985], "translation": [-229.58394738280768, 3058.881392363845, -19.294569901241083]}