{"rotation": [-0.721492374755041, -0.009260595040372447, -0.01052133373972689, -0.6922805039044267], "translation": [-274.44634922863787, 3047.239208910353, -19.031945185351393]}