{"rotation": [-0.9138670236498015, 0.0001979472181135472, -0.013210509108565284, -0.4057986031906032], "translation": [-272.1903060200776, 3054.029946687028, -19.151336065730376]}