{"rotation": [-0.9996679976424021, -0.00787617111738637, 0.002505061124642023, -0.02440461200105268], "translation": [-213.65115231860904, 3059.165517776312, -19.23160086208698]}