{"rotation": [-0.9993280385903016, -0.006671402091763661, 0.0008784773510050304, -0.0360304310123308], "translation": [-237.6799827464682, 3058.7544537114727, -19.28538203754024]}