{"rotation": [-0.9996137973971188, -0.017342935164109174, -0.0038932987330511995, -0.021361668431578613], "translation": [-263.6009348095182, 3056.950352303679, -19.394721083004622]}