{"rotation": [-0.7725133660357881, -0.003068238741463288, -0.010074126373152543, -0.6349111726729177], "translation": [-274.16218909215223, 3049.7623267930226, -19.05080056567747]}