{"rotation": [-0.9991008843760101, -0.013362118094375233, -0.00596592439503511, -0.03979050621969081], "translation": [-265.3363138210434, 3056.846285463603, -19.363309003232732]}