{"rotation": [-0.6819255625362334, -0.012147957935510868, -0.010072585733999535, -0.7312513229350563], "translation": [-274.2967889907005, 3042.2323331005477, -19.02256867110603]}