{"rotation": [-0.9996049529701886, -0.008483526222348645, 0.0035829339139162504, -0.026554290893757843], "translation": [-256.5710505145742, 3057.2782130867763, -19.409186608871252]}