{"rotation": [-0.6850122809320748, -0.012019210824056171, -0.010274477523078748, -0.7283599032449762], "translation": [-274.35532749598036, 3043.018355078753, -19.028282574282503]}