{"rotation": [-0.7370734782815759, -0.007998840465686191, -0.010125766496869323, -0.6756894072115937], "translation": [-274.37874249256356, 3048.181689585588, -19.035750458454178]}