{"rotation": [-0.9999515914772513, -0.009015020817742511, 0.0006920093462772699, -0.0038813947019872854], "translation": [-233.39787524948605, 3058.906723053825, -19.29440204631461]}