{"rotation": [-0.9634694645951822, 0.002297188616374091, -0.009459081138345243, -0.2676412514937708], "translation": [-270.54393277592044, 3055.402568954931, -19.22327911424934]}