{"rotation": [-0.9997404932731901, -0.01048117626037349, 0.0026975300520418895, -0.020045308321298236], "translation": [-259.5773609130196, 3057.121079859515, -19.418718452358643]}