{"rotation": [-0.9993897242571602, -0.013550447428621465, 0.0027393275170031124, -0.03207897299534547], "translation": [-245.61214940775108, 3057.9236275186013, -19.31054833920356]}