{"rotation": [-0.999955504615129, -0.00902205718821589, 0.0013679725806977653, 0.0023916364719075286], "translation": [-231.78908204281325, 3058.906649900644, -19.294449104194477]}