{"rotation": [-0.9999390676047524, -0.008970198768233868, 0.0018444844177450462, 0.006163966988031628], "translation": [-228.84152892760542, 3058.870110348252, -19.291497533391375]}