{"rotation": [-0.9984453185839216, -0.006864429530309122, 0.0018879598065539773, -0.05528346057225131], "translation": [-239.82043955038384, 3058.552431289332, -19.289612865710154]}