{"rotation": [-0.9996361322924506, -0.007254947616263541, 0.0010667419368664583, -0.025958251330078185], "translation": [-236.54762003995657, 3058.8260987655053, -19.28879862481094]}