{"rotation": [-0.9999363264566049, -0.009113101285032291, 0.001765322460001211, 0.006417012860443122], "translation": [-229.02697877780662, 3058.8728755964203, -19.29291075840328]}