{"rotation": [-0.9990259296547958, -0.013905507726635834, 0.0024594436521022983, -0.041806457266286214], "translation": [-244.54040638721452, 3058.0008219890565, -19.304420272830612]}