{"rotation": [-0.9999279521412646, -0.008230978721471027, 0.00024758363565701206, -0.008733854716392762], "translation": [-234.28227995071995, 3058.8977715947326, -19.28874298307416]}