{"rotation": [-0.7938466368708443, -0.0042861061826604055, -0.013503188112904336, -0.6079529672050531], "translation": [-273.982836849187, 3050.563395309829, -19.059325666240174]}