{"rotation": [-0.9986103326960469, -0.01290430188577656, 0.0032189659958625065, -0.05099530060161239], "translation": [-243.65240605461136, 3058.0835434320147, -19.302244301670918]}