{"rotation": [-0.8768691581570446, -0.001951686938114094, -0.012721949208637505, -0.48055678374088573], "translation": [-272.91613303139036, 3053.0713126447545, -19.12297674728095]}