{"rotation": [-0.9996453962297632, -0.007076965360300456, 0.0027943038552187068, -0.025518429103170374], "translation": [-211.5188674407888, 3059.2708600674555, -19.212097180423328]}