{"rotation": [-0.6803121143567794, -0.012209577773213375, -0.010227739826076134, -0.7327494432669727], "translation": [-274.2609208070299, 3041.734558834649, -19.01718421322579]}