{"rotation": [-0.9986763651959324, -0.007294579332442992, 0.001263632335910499, -0.050899017129242975], "translation": [-239.30698754112217, 3058.608849260287, -19.28613125454278]}