{"rotation": [-0.9980099925211332, -0.009060773937137393, 0.0038500883771396587, -0.06228269441117658], "translation": [-241.37515845504728, 3058.358033948296, -19.297170831199914]}