{"rotation": [-0.9288972172807748, 0.0010921162227286862, -0.012386922321364022, -0.3701288034800775], "translation": [-271.7981955607673, 3054.4349933178974, -19.1711375743958]}