{"rotation": [-0.9996563780968849, -0.008905388610131383, 0.004474883306862024, -0.024244488101640243], "translation": [-257.74685747680957, 3057.214673863843, -19.417847935254837]}