{"rotation": [-0.9990259215228363, -0.013905474375466234, 0.002459459961117166, -0.0418066617244275], "translation": [-244.54038573360555, 3058.00082368041, -19.304420195936373]}