{"rotation": [-0.9683880747264793, 0.0015708780828114176, -0.009325188259617766, -0.249269151588227], "translation": [-270.2883898559835, 3055.5526814397463, -19.232427690616856]}