{"rotation": [-0.8384381368054871, 0.00033133121701755456, -0.014281636097507221, -0.5448095225307157], "translation": [-273.4757488446231, 3052.020104365201, -19.08263332903527]}