{"rotation": [-0.6738264924078644, -0.008781552064306601, -0.015904815243657267, -0.7386662164501104], "translation": [-273.8970132262218, 3038.4093255325997, -19.02952962316578]}