{"rotation": [-0.9995789903733764, -0.01118432282448148, -0.0006966392761544477, -0.026763176583102184], "translation": [-248.26941823161408, 3057.7710610227255, -19.313646281563546]}