{"rotation": [-0.9999501814143769, -0.009914623517634998, 0.0011277846367242165, -0.0002510610914035068], "translation": [-232.5076413005427, 3058.9084579961677, -19.29522772206497]}