{"rotation": [-0.9998122397734757, -0.006252678212044844, 0.0022228144000013507, -0.018205721915538153], "translation": [-217.9197912429004, 3058.987335783849, -19.257339758502958]}