{"rotation": [-0.9999115712963603, -0.008972304088458895, 0.0020912938444871557, -0.009590299111295903], "translation": [-222.0554517749226, 3058.87471408739, -19.27627924274458]}