{"rotation": [-0.9981846601814063, -0.010883305657720933, 0.0038989620961333176, -0.059107833077047], "translation": [-242.5953889865358, 3058.2043244046913, -19.300631435424187]}