{"rotation": [-0.9980263178492792, -0.008669849955547981, 0.00360967436646965, -0.06209084339035727], "translation": [-241.20256249235405, 3058.3806196319697, -19.29527208697909]}