{"rotation": [-0.9999390672515281, -0.008970213625398998, 0.0018444696955498573, 0.006164007073382399], "translation": [-228.84155383037228, 3058.870110774115, -19.291497459708406]}