{"rotation": [-0.7401501839044521, -0.007652947733016309, -0.010066065659839935, -0.672322699289064], "translation": [-274.35997603640976, 3048.340039301667, -19.038177108225117]}