{"rotation": [-0.9952507097365163, -0.007573300351691703, -0.009404920444609619, -0.09659305027885964], "translation": [-267.45238219645717, 3056.5597090515807, -19.311844447749394]}