{"rotation": [-0.9994291610919546, -0.015518102982262914, -0.005806245758312327, -0.029441942005549237], "translation": [-264.5816961809829, 3056.898864812652, -19.376592425157835]}