{"rotation": [-0.9995551744132728, -0.008019268401767598, 0.0018855202849041798, -0.028663381712691244], "translation": [-255.1744987797469, 3057.363926154588, -19.387546583057734]}