{"rotation": [-0.6964657163446981, -0.011993096023602889, -0.010816184810487888, -0.7174083089499177], "translation": [-274.4539439344075, 3044.821197390721, -19.03128237345383]}