{"rotation": [-0.6850122602931047, -0.012019211374407321, -0.010274480215785323, -0.7283599226085717], "translation": [-274.3553270757935, 3043.0183510734687, -19.02828260146285]}