{"rotation": [-0.9995383550945389, -0.007119837382007971, 0.0019637196787336687, -0.02947080615763058], "translation": [-253.11178905922526, 3057.4890970076663, -19.37217081131192]}