{"rotation": [-0.9999442461644423, -0.008116649596788953, 0.00043564635771197623, -0.006740532189616697], "translation": [-233.9325620556853, 3058.9021539437003, -19.29042820667448]}