{"rotation": [-0.9991008847981868, -0.013362120163700676, -0.005965924682297403, -0.03979049488126801], "translation": [-265.3363131012317, 3056.846285517863, -19.363309016706875]}