{"rotation": [-0.6773940117803495, -0.011953271158964699, -0.01099659152490842, -0.7354410561612387], "translation": [-274.13522287701403, 3040.5585463205343, -19.02650493360317]}