{"rotation": [-0.999535951925196, -0.007526134581650799, 0.0018862212303301642, -0.029456413167959505], "translation": [-253.56353166215322, 3057.4607701821415, -19.37699202325888]}