{"rotation": [-0.9996384935712438, -0.007816645452909544, 0.003064806716168435, -0.025541910348884166], "translation": [-210.45618440902996, 3059.324355235231, -19.207458084008795]}