{"rotation": [-0.9999582199346262, -0.008889088230949763, 0.002091718854448937, 0.00040891054052545053], "translation": [-226.19233197013494, 3058.8448768036246, -19.28678437452556]}