{"rotation": [-0.7499178567510966, -0.006070333625139061, -0.009418861620682555, -0.6614360469624344], "translation": [-274.3068353380848, 3048.8187552181835, -19.043269515665983]}