{"rotation": [-0.9995746162290875, -0.011392573384718614, -0.0005849272625786307, -0.026841269013289808], "translation": [-248.15386847486843, 3057.77719732847, -19.31423408745578]}