{"rotation": [-0.9998737444052022, -0.008861891115838896, 0.0003465017983254919, -0.013184918334037071], "translation": [-234.98605353269858, 3058.883559836201, -19.288137289161735]}