{"rotation": [-0.9995791377074894, -0.009237406570209631, 0.0012025687910366784, -0.02747310699778104], "translation": [-249.88499262449028, 3057.6810561569428, -19.333557242539616]}