{"rotation": [-0.9995622356682163, -0.017281722630864485, -0.004825018348949984, -0.0235244189471113], "translation": [-263.93815034873745, 3056.9332022000563, -19.387924457967436]}