{"rotation": [-0.9995480940965619, -0.007913377876695542, 0.0019018419184082286, -0.02893732945226291], "translation": [-251.5627023500912, 3057.582822171206, -19.353555599119765]}