{"rotation": [-0.681463325799597, -0.011921647106123515, -0.010116943322026388, -0.7316852174113185], "translation": [-274.29362139012784, 3042.1116869477346, -19.019450311416634]}