{"rotation": [-0.809481806239225, -0.0029212962209262386, -0.014371518366582563, -0.5869617797232717], "translation": [-273.8180782721503, 3051.1082791450976, -19.066644102626434]}