{"rotation": [-0.999751590166438, -0.013722623879067255, 0.0024252761121099672, -0.017394412589457984], "translation": [-261.1186633388716, 3057.056691588613, -19.423371419234634]}