{"rotation": [-0.6886143332845197, -0.012174312453427198, -0.010111400168130774, -0.7249550646061056], "translation": [-274.4040458356278, 3043.6862910175764, -19.02877406567479]}