{"rotation": [-0.9998978537860933, -0.008065956789249026, 0.002268686669256982, -0.011579093048903082], "translation": [-221.24341936258045, 3058.890764102765, -19.272974214803263]}