{"rotation": [-0.9997260908104092, -0.01556064399173712, -0.000637083524150161, -0.017470084031946727], "translation": [-262.5906147669108, 3056.99777188761, -19.408145309245384]}