{"rotation": [-0.999917616154884, -0.008339698199042395, 0.00022757356257084476, -0.009754924261964991], "translation": [-234.45791366101332, 3058.8949148846496, -19.287575703782384]}