{"rotation": [-0.9994781340134532, -0.016046598606625495, -0.005625006793690941, -0.0274649886348878], "translation": [-264.38838172237536, 3056.9122129086613, -19.38021157394522]}