{"rotation": [-0.999561506389337, -0.008928030414368442, 0.001640137864397486, -0.028185016682364398], "translation": [-250.5022635315383, 3057.6449147534304, -19.341164515839818]}