{"rotation": [-0.9997481221909933, -0.014573937464651725, 0.002003073833098017, -0.016949342688681448], "translation": [-261.54165138236147, 3057.037316041925, -19.42222642599096]}