{"rotation": [-0.9996157689913838, -0.009180764603943547, 0.003856465759180231, -0.025868042386305003], "translation": [-257.0438628585865, 3057.2526190627163, -19.413163301498503]}