{"rotation": [-0.9988279742824159, -0.007916975158190705, 0.0008937916961145941, -0.04774097225271088], "translation": [-238.9610747701853, 3058.6439734314204, -19.283854469626775]}