{"rotation": [-0.7342028635925028, -0.008103122671390652, -0.01007533086090041, -0.6788070286934165], "translation": [-274.3885588910981, 3048.0273401163518, -19.03627631347006]}