{"rotation": [-0.9998737432915146, -0.008861907464657058, 0.0003465066198971317, -0.013184991674801859], "translation": [-234.98606400162032, 3058.883559568121, -19.28813730066816]}