{"rotation": [-0.9913108030365584, -0.0035052537949287433, -0.009935008242808348, -0.13111788813911826], "translation": [-268.2617700061359, 3056.3683316755896, -19.292386670196894]}