{"rotation": [-0.9997453482244242, -0.015000843010369936, 0.0011559871040288869, -0.01681895081205909], "translation": [-261.9599269953445, 3057.017807718645, -19.41870972183942]}