{"rotation": [-0.9991774041106958, -0.007495535718720376, 0.0009214629927304358, -0.0398432298496741], "translation": [-238.09621972137933, 3058.721270016531, -19.28397556946615]}