{"rotation": [-0.6843161450883023, -0.012089601369591096, -0.010070164803033792, -0.7290156698528844], "translation": [-274.35125989856624, 3042.8757186650537, -19.024035181894007]}