{"rotation": [-0.8639130175376368, -0.0013835604554752916, -0.013255477187957892, -0.5034646722601303], "translation": [-273.11896940142555, 3052.7328737299717, -19.109901577793888]}