{"rotation": [-0.6954055634496596, -0.012173757148694491, -0.010661656053302547, -0.7184352657340445], "translation": [-274.44547795388456, 3044.669687036839, -19.031150209463412]}