{"rotation": [-0.9995492728117957, -0.008200353148541397, 0.0019299388445871727, -0.02881459292972474], "translation": [-251.3500975164056, 3057.5952208728086, -19.350190711335223]}