{"rotation": [-0.9879955851467198, -0.002129903827204124, -0.009761294119208345, -0.15415869867573467], "translation": [-268.728023662283, 3056.2288680893857, -19.280781930381327]}