{"rotation": [-0.992253824422387, -0.004069831642723559, -0.009915530949084862, -0.12376375331875021], "translation": [-268.10052154687975, 3056.410935479235, -19.296983717636223]}