{"rotation": [-0.9990259303940626, -0.013905510758560313, 0.002459442169464579, -0.041806438679182364], "translation": [-244.54040826481534, 3058.0008218352978, -19.304420279820995]}