{"rotation": [-0.9995864928520484, -0.007780191537323988, 0.0026220365492000824, -0.027557881843843435], "translation": [-255.87026743868554, 3057.321136134736, -19.397674528614697]}