{"rotation": [-0.715320828539685, -0.009881297854436859, -0.010734301486996823, -0.6986438627667152], "translation": [-274.4619559519446, 3046.7657189681363, -19.030530300694853]}