{"rotation": [-0.9995387347772916, -0.007189655788332841, 0.0019770164842237464, -0.02944007362894158], "translation": [-253.25655630801867, 3057.47931377956, -19.373774295981036]}