{"rotation": [-0.9989010701048822, -0.007968213171001692, 0.0008272628867084169, -0.04617873274895309], "translation": [-238.7860813047674, 3058.6608227860393, -19.286275286103166]}