{"rotation": [-0.9997792660411227, -0.006759735130336601, 0.002459730783614461, -0.019740184895635775], "translation": [-217.0732906159989, 3059.0174342122723, -19.25268744840402]}