{"rotation": [-0.7499204588606532, -0.006069880060615705, -0.009418662374059063, -0.6614331037507577], "translation": [-274.3068221825545, 3048.8188775073736, -19.0432699013601]}