{"rotation": [-0.9999061657129776, -0.008985484674979102, 0.0022035251609622544, -0.01010273780675727], "translation": [-221.8512839278233, 3058.879132109593, -19.27628111822216]}