{"rotation": [-0.7038521701263086, -0.011489740469125018, -0.01090836479863029, -0.7101697797357038], "translation": [-274.46675036497834, 3045.7023005023334, -19.030551322464447]}