{"rotation": [-0.9995383549451994, -0.007119841726193801, 0.001963724092764829, -0.029470809879033413], "translation": [-253.11174862636912, 3057.4890994451844, -19.372170381045528]}