{"rotation": [-0.9995565467392837, -0.006583013385603589, 0.0010004165578143768, -0.029023662279491082], "translation": [-236.88914697038248, 3058.807113967343, -19.287612723928493]}