{"rotation": [-0.9998542721141486, -0.009113210722158411, 0.00037289793265985345, -0.014430692033007193], "translation": [-235.15882659193025, 3058.8787684538406, -19.287991137130692]}