{"rotation": [-0.8094819738310779, -0.002921282887399024, -0.014371529785094681, -0.5869615483832565], "translation": [-273.81807649902026, 3051.1082848766496, -19.066644163578808]}