{"rotation": [-0.9995664695815988, -0.011643355878113791, -0.00018412772686220876, -0.027042027458282374], "translation": [-247.9738227877028, 3057.7866503683804, -19.312297090034882]}