{"rotation": [-0.6746762356575364, -0.008781111781208085, -0.015355448977267868, -0.7379018087127642], "translation": [-273.96868164956277, 3039.128038109219, -19.03045363447942]}