{"rotation": [-0.781562020134903, -0.003336861280448635, -0.011556944628428467, -0.6237115607957736], "translation": [-274.0939751861326, 3050.107947825569, -19.052198613414514]}