{"rotation": [-0.9997422235413816, -0.015107224632811637, 0.0006396396421711964, -0.016936619897607537], "translation": [-262.17191659645414, 3057.010982528854, -19.415184587224473]}