{"rotation": [-0.9996490914519024, -0.00676446376591647, 0.0026567509550700997, -0.02547307723280797], "translation": [-211.73037376770782, 3059.2605138738973, -19.214278440819175]}