{"rotation": [-0.9988279699760969, -0.007916972405196423, 0.0008937902637284799, -0.047741062832002745], "translation": [-238.9610844740323, 3058.6439724821785, -19.283854457148237]}