{"rotation": [-0.9996824559185045, -0.0075413588353661866, 0.0027343435842921843, -0.02388804305142315], "translation": [-214.08045491975676, 3059.145300301579, -19.23366990142309]}