{"rotation": [-0.9993897227194234, -0.01355045891398845, 0.0027393221127631376, -0.03207901651199496], "translation": [-245.612143935652, 3057.9236278374597, -19.310548295248086]}