{"rotation": [-0.9996904721718102, -0.007364703713141133, 0.0027302840332740583, -0.023606493539251695], "translation": [-214.29132533785886, 3059.13625642901, -19.236554016216456]}