{"rotation": [-0.9996679977113105, -0.007876171055865048, 0.002505061904160571, -0.024404609118246597], "translation": [-213.65115546799905, 3059.165517635249, -19.231600880931982]}