{"rotation": [-0.9999342920368248, -0.009201819046388263, 0.0016946927044755946, 0.006623152700100245], "translation": [-229.21311128542726, 3058.876098514136, -19.292492991680255]}