{"rotation": [-0.9939046522418203, -0.005735062746930954, -0.00972107142034771, -0.10966381389408086], "translation": [-267.77766770322813, 3056.489734986339, -19.3047936816693]}