{"rotation": [-0.9995903562607864, -0.010400958583817923, -0.0005653345679977682, -0.026657459139950046], "translation": [-248.71093417203176, 3057.7469232495764, -19.317996714654814]}