{"rotation": [-0.9823417728303477, -0.0010191365419187502, -0.008834042808268983, -0.18688382059691536], "translation": [-269.32619717545595, 3056.012269354977, -19.26558895997474]}