{"rotation": [-0.9999356416028499, -0.008993516307750686, 0.0016097367420056833, 0.0067259247944647365], "translation": [-229.58390256604358, 3058.8813917458033, -19.294569667235013]}