{"rotation": [-0.9975889177383856, -0.01090252689865228, -0.007728980105669595, -0.0681010203984263], "translation": [-266.60036742171695, 3056.7057514473804, -19.333683217342585]}