{"rotation": [-0.9995762620233749, -0.007672239311019604, 0.0022727672064348546, -0.02798691966896525], "translation": [-255.63848190627252, 3057.3358175267836, -19.39329277020093]}