{"rotation": [-0.9020373927810099, -0.0005305932061051467, -0.01327337684061092, -0.4314534481991479], "translation": [-272.4534626700855, 3053.7202471959704, -19.141122952375248]}