{"rotation": [-0.913866963888131, 0.00019794806663872333, -0.013210509446577251, -0.4057987377637025], "translation": [-272.19030743082106, 3054.029945093954, -19.151335998399535]}