{"rotation": [-0.9996264101399702, -0.009223831349061648, 0.004053408187282272, -0.025407301469998284], "translation": [-257.27886395436104, 3057.240463514445, -19.415233769233144]}