{"rotation": [-0.6776315345457621, -0.012053658429675748, -0.010812488915908008, -0.7352233013112817], "translation": [-274.14921552384345, 3040.6728805324537, -19.024456972023753]}