{"rotation": [-0.9999385038543245, -0.008827025464432904, 0.0015159162380372745, 0.006540193344603176], "translation": [-229.95257826072736, 3058.8876780627897, -19.29417738338963]}