{"rotation": [-0.7401502897691304, -0.007652936650215935, -0.010066062303609123, -0.6723225829205798], "translation": [-274.35997561416156, 3048.3400447709178, -19.0381771236348]}