{"rotation": [-0.9999561103189671, -0.00876664312159396, 0.0012334845586577084, 0.0030662550422172834], "translation": [-231.60091517821, 3058.9066139226675, -19.296111950651266]}