{"rotation": [-0.6757549580442566, -0.009796258567313046, -0.013843546393818679, -0.7369312221774361], "translation": [-274.04204709905355, 3039.7867922021906, -19.03031971946155]}