{"rotation": [-0.9997630933749785, -0.008734026843838633, 0.0006272910481017982, -0.019926876481931022], "translation": [-235.85255521947323, 3058.8560156288304, -19.286823547544454]}