{"rotation": [-0.9998387911681288, -0.0069428345875631485, 0.002216881161666744, -0.016409575291874808], "translation": [-218.9720735775897, 3058.9511330683995, -19.261781030159923]}