{"rotation": [-0.674839748500758, -0.008818608991504542, -0.015155825993348655, -0.7377559534950212], "translation": [-273.9806262637446, 3039.239725485001, -19.03021392381731]}