{"rotation": [-0.9984436771880336, -0.01132528296201542, -0.006593780341374149, -0.05420778089792838], "translation": [-266.0627680704831, 3056.771606372599, -19.349581238510122]}