{"rotation": [-0.9996570258288757, -0.006940847337356508, 0.002712887042319124, -0.025105688461019883], "translation": [-209.18814329424268, 3059.3894928322516, -19.194538858135655]}