{"rotation": [-0.9997461255729542, -0.014780877209550777, 0.0016815915815172429, -0.016922834293825056], "translation": [-261.7555402784575, 3057.030445430528, -19.419518466666414]}