{"rotation": [-0.9996381564593891, -0.00775107479124754, 0.0030293484661693317, -0.025579289238070173], "translation": [-210.6662796749874, 3059.312851749063, -19.208624252187473]}