{"rotation": [-0.9997618216357701, -0.006559144717786456, 0.0022625700436739436, -0.020691988712911683], "translation": [-216.43118372009047, 3059.042267458227, -19.249694306323132]}