{"rotation": [-0.9995926648279707, -0.00983432295439453, 2.271928928018854e-05, -0.026791603124465383], "translation": [-249.0906961390804, 3057.7267278780223, -19.32310906472066]}