{"rotation": [-0.999100868728991, -0.013362041399999655, -0.005965913748375628, -0.039790926449973875], "translation": [-265.3363404990594, 3056.8462834525544, -19.363308503848266]}