{"rotation": [-0.999511507982506, -0.006410860824972931, 0.0009993507855168757, -0.030572006346118785], "translation": [-237.06630766150045, 3058.796599637334, -19.287551497186797]}