{"rotation": [-0.9994781388037649, -0.016046663603802646, -0.005624988282342019, -0.027464780126045793], "translation": [-264.38836049877733, 3056.91221400375, -19.380211954816463]}