{"rotation": [-0.999955894585145, -0.008906285998318891, 0.002432464232038842, 0.0017233896536603165], "translation": [-226.7699395629511, 3058.8475156200125, -19.286963255891347]}