{"rotation": [-0.9998910129236215, -0.007562730845884964, 0.002157764538355626, -0.012494455927489925], "translation": [-220.83471246022066, 3058.899851437784, -19.271175847332774]}