{"rotation": [-0.8511226433059347, -0.00045570677948244246, -0.014051782915465383, -0.5247786064428946], "translation": [-273.3053087936278, 3052.3840168743445, -19.095806611759777]}