{"rotation": [-0.6786721780312566, -0.012344958651734489, -0.010236022639937777, -0.7342662327812113], "translation": [-274.2032035236882, 3041.1354980240844, -19.018579545012177]}