{"rotation": [-0.9995336013904121, -0.007804551122237789, 0.001937770870276448, -0.029460375376892514], "translation": [-253.7940627721374, 3057.446876768418, -19.377681510050625]}