{"rotation": [-0.9963452914261636, -0.008687928173538112, -0.008797197035356167, -0.08451739159064145], "translation": [-267.1172202123977, 3056.623449612737, -19.319875698630426]}