{"rotation": [-0.9997209549418015, -0.0062564431014254275, 0.0026721146666693614, -0.02262142730199436], "translation": [-215.14828288949184, 3059.0968621473903, -19.241620713139334]}