{"rotation": [-0.999742222397894, -0.015107254585387081, 0.000639452927526988, -0.016936667729092917], "translation": [-262.1719839655042, 3057.0109804275885, -19.415183525268294]}