{"rotation": [-0.9997260884927754, -0.015560706410347968, -0.0006372286421346282, -0.017470155769314533], "translation": [-262.59065726308364, 3056.9977705098972, -19.408144632380427]}