{"rotation": [-0.9996715676487047, -0.00772370058907661, 0.000949363694291749, -0.024417206895295147], "translation": [-236.3725518259928, 3058.8342329828656, -19.287349127301873]}