{"rotation": [-0.801195092490468, -0.0037357396561688316, -0.013910661190177956, -0.5982298567638226], "translation": [-273.90752551172505, 3050.8236003328393, -19.062908410950783]}