{"rotation": [-0.8979751806337997, -0.0007822843879706538, -0.013122874637610887, -0.43984969382514855], "translation": [-272.537649043691, 3053.616105292168, -19.1379199101049]}