{"rotation": [-0.6827336814214732, -0.012023287561650563, -0.010049498470426839, -0.7304992596775065], "translation": [-274.32279488847064, 3042.4887572969733, -19.020847301172108]}