{"rotation": [-0.6838158870941964, -0.011924142840423512, -0.010160009766208952, -0.7294864094530131], "translation": [-274.33939675677766, 3042.7517170579044, -19.025141642724275]}