{"rotation": [-0.9992236030717493, -0.01419117573235483, 0.0023402411330805954, -0.03667867046504919], "translation": [-245.0740115969181, 3057.959042626801, -19.307279769756114]}