{"rotation": [-0.9995916554984532, -0.00958067034358779, 0.0003903062348368478, -0.026918036233578985], "translation": [-249.2868136451955, 3057.716100492835, -19.324954603855126]}