{"rotation": [-0.9999608920549168, -0.008628293037632993, 0.0013094181615230093, -0.0014326004572780737], "translation": [-225.42073963440484, 3058.84425611825, -19.281993803386822]}