{"rotation": [-0.9999534674863658, -0.008780229155212274, 0.0026002598918967424, 0.0030346476681818862], "translation": [-227.33940142180367, 3058.8524642034913, -19.287997994585336]}