{"rotation": [-0.6743742502813339, -0.008730609866132576, -0.01574680759855272, -0.7381701599626664], "translation": [-273.94548636660113, 3038.9051959870694, -19.030596725090284]}