{"rotation": [-0.9980519601075166, -0.008265206878689146, 0.0033584685286235844, -0.06174699968369919], "translation": [-241.02947131452703, 3058.402899717323, -19.294742428210746]}