{"rotation": [-0.7765392651526877, -0.002983002903527942, -0.010699572469796947, -0.6299709441861306], "translation": [-274.13163991841265, 3049.922158593988, -19.052214150497733]}