{"rotation": [-0.6814633218043366, -0.011921647515866073, -0.010116943484902571, -0.7316852211234214], "translation": [-274.2936212370699, 3042.1116856789436, -19.01945032627525]}