{"rotation": [-0.9995524846594952, -0.008681594116609206, 0.0018814071911555505, -0.02856432463065358], "translation": [-250.92377134166966, 3057.6208613491044, -19.345293723758047]}