{"rotation": [-0.9999242836428544, -0.009094690545817095, 0.0015337635316412148, -0.00814623561096185], "translation": [-222.6592531092475, 3058.864503609645, -19.277088061499395]}