{"rotation": [-0.9995596923594999, -0.011768258394691653, 0.0002404915377710467, -0.027237321240496108], "translation": [-247.78453377316433, 3057.7968005893754, -19.315391721648787]}