{"rotation": [-0.9999524592703279, -0.008739423063733445, 0.00256801531584153, 0.0034795087403029137], "translation": [-227.52618164008393, 3058.8537848850974, -19.290456469795224]}