{"rotation": [-0.9995814707131352, -0.011054962244262266, -0.0007659440848364179, -0.026722360419739785], "translation": [-248.34051002328093, 3057.767292920347, -19.313839964659994]}