{"rotation": [-0.9999462007700202, -0.008435643700927942, 0.0013516121381292616, 0.00588290961868595], "translation": [-230.50894113553204, 3058.8957171483407, -19.293191854589047]}