{"rotation": [-0.9998710657230545, -0.007715156205207426, 0.002244377779846033, -0.01390291562780195], "translation": [-220.21509120219747, 3058.9157050840554, -19.270710535052764]}