{"rotation": [-0.9999279517057768, -0.008230984611965229, 0.000247581338585712, -0.008733899088508775], "translation": [-234.28228806357433, 3058.89777148723, -19.288742940307017]}