{"rotation": [-0.9997879542589215, -0.006603017798811714, 0.002391604086701927, -0.019357864153921555], "translation": [-217.2842366813134, 3059.00990785238, -19.254448320608574]}