{"rotation": [-0.9997260924178263, -0.015560600700232479, -0.0006369828750685254, -0.01747003427725747], "translation": [-262.5905852929568, 3056.9977728431427, -19.40814577868964]}