{"rotation": [-0.9995730717617701, -0.00914867021806644, 0.0013380259670034134, -0.027716163668369966], "translation": [-250.08624626844593, 3057.6697235442066, -19.33719791388741]}