{"rotation": [-0.9999051091774998, -0.00848197240627774, 0.00026228085865391386, -0.010851727677323002], "translation": [-234.63604852457073, 3058.8915543097874, -19.287782248710556]}