{"rotation": [-0.9995480937438078, -0.007913298113209025, 0.0019018536170433455, -0.02893736268063819], "translation": [-251.56276608156264, 3057.5828184465436, -19.3535561926126]}