{"rotation": [-0.9788737222046192, -0.0004996399861424232, -0.008853763848937511, -0.2042733394324028], "translation": [-269.6035150542165, 3055.893978534737, -19.259444454309854]}