{"rotation": [-0.9996563760517532, -0.008905412174612663, 0.004474849278509361, -0.024244570052089683], "translation": [-257.7468242369925, 3057.2146754830737, -19.417847731197458]}