{"rotation": [-0.9979138328915036, -0.011035404381965645, -0.007325820882163882, -0.06318650427359646], "translation": [-266.423010926603, 3056.729102923631, -19.339060853827714]}