{"rotation": [-0.9995314442258407, -0.011691099916855168, 0.0034486769579511727, -0.02807698013994492], "translation": [-246.6936928296667, 3057.8594008610808, -19.31763030393122]}