{"rotation": [-0.9997879562635278, -0.006602979528849631, 0.002391591757985191, -0.019357775197659993], "translation": [-217.28427950383085, 3059.0099064072647, -19.25444838943518]}