{"rotation": [-0.6755525436118054, -0.009433707530208515, -0.01418077268833176, -0.737115100691755], "translation": [-274.0293339300803, 3039.6776077052864, -19.029990401326767]}