{"rotation": [-0.9996624872475423, -0.00790039133267557, 0.002331861789163134, -0.024638543533338844], "translation": [-213.43718073542456, 3059.1752690618223, -19.22967325214524]}