{"rotation": [-0.6999419347894817, -0.011818620605605871, -0.011020893579241759, -0.7140169101883043], "translation": [-274.4619164026898, 3045.2587672735954, -19.031017317956316]}