{"rotation": [-0.999724138671255, -0.006268830761700426, 0.0026362077902300518, -0.022481074871661684], "translation": [-215.24517469452516, 3059.092926336053, -19.241914219285647]}