{"rotation": [-0.9996396786013559, -0.007546788348250111, 0.0030500363472189245, -0.025578432901277037], "translation": [-210.880344400351, 3059.302303100693, -19.209058524130032]}