{"rotation": [-0.9823418204658975, -0.001019147930279355, -0.008834049016412134, -0.1868835698482305], "translation": [-269.3261928558275, 3056.012271093722, -19.265589073941157]}