{"rotation": [-0.9999550124913164, -0.00877388888073669, 0.002515686621679306, 0.00258131521156973], "translation": [-227.14739776581848, 3058.8505455466766, -19.28893751044555]}