{"rotation": [-0.9995565476020052, -0.006583018105029694, 0.001000418099033779, -0.02902363144432973], "translation": [-236.8891435979928, 3058.807114168012, -19.287612749394505]}