{"rotation": [-0.9981087188358989, -0.007619562698325903, 0.0030986348664201516, -0.06092065421522907], "translation": [-240.78100405116894, 3058.4346881146867, -19.29321679634116]}