{"rotation": [-0.9995926648228749, -0.009834339685937542, 2.270354964619275e-05, -0.02679159718632195], "translation": [-249.09068665891348, 3057.726728395733, -19.323108939107406]}