{"rotation": [-0.9995330080707265, -0.008161930407999592, 0.0019920366453514008, -0.029379932932250937], "translation": [-254.2498302663993, 3057.4188757725883, -19.381935015599318]}