{"rotation": [-0.7401500347992404, -0.007652963342593978, -0.01006607038692516, -0.672322863188309], "translation": [-274.3599766311225, 3048.340031598496, -19.03817708652148]}