{"rotation": [-0.999752065193171, -0.012409283082638172, 0.002640084572887432, -0.018298846652528396], "translation": [-260.465156934345, 3057.0840001667734, -19.42363992409268]}