{"rotation": [-0.9995864948177055, -0.007780214397743924, 0.002622098158258581, -0.027557798228940687], "translation": [-255.870318372456, 3057.321133147806, -19.39767526155765]}