{"rotation": [-0.9989726489410315, -0.007906385839131471, 0.0009067133735847097, -0.044612930878384874], "translation": [-238.61694167284364, 3058.676353681096, -19.285779968111964]}