{"rotation": [-0.9989512017224482, -0.013667096938897347, 0.0025439127224740595, -0.0436260879130795], "translation": [-244.3610565744515, 3058.015911626434, -19.304456073344383]}