{"rotation": [-0.9986103448405068, -0.012904348981820917, 0.003218937242560635, -0.050995052680705734], "translation": [-243.6524316875121, 3058.083540837865, -19.302244375789208]}