{"rotation": [-0.9991106642552312, -0.007760791885433662, 0.0009420505309402478, -0.04143384150159044], "translation": [-238.27090355387662, 3058.706848364012, -19.285911316275566]}