{"rotation": [-0.6739674838247313, -0.008736961422357938, -0.015836553015974194, -0.738539572291585], "translation": [-273.9092994986235, 3038.5379540112467, -19.030108987655126]}