{"rotation": [-0.9995383550173769, -0.00711983962660065, 0.001963721959414658, -0.0294708080804382], "translation": [-253.11176816801654, 3057.489098267105, -19.37217058899808]}