{"rotation": [-0.678135646606692, -0.01223221226241918, -0.01046675926027461, -0.7347604131518508], "translation": [-274.1767557007775, 3040.9031120781437, -19.02095647223664]}