{"rotation": [-0.9995521810394272, -0.017180003266552807, -0.004957429414881916, -0.023993931747047524], "translation": [-263.99976608717986, 3056.9305787884537, -19.386730857405475]}