{"rotation": [-0.9997035508593232, -0.008184242500392343, 0.0008718988886927936, -0.022914370300823213], "translation": [-236.2020115743302, 3058.842063781635, -19.287541540914393]}