{"rotation": [-0.9999270745443015, -0.00922487650014733, 0.0013910951841685003, -0.007668904812335708], "translation": [-222.86146420001626, 3058.862057415997, -19.275957671933618]}