{"rotation": [-0.9288968560917251, 0.001092070551556821, -0.012386971996246332, -0.37012970841258275], "translation": [-271.7982056657478, 3054.4349835545077, -19.171137050284504]}