{"rotation": [-0.9996511749377817, -0.0066228508416807195, 0.002479154408080856, -0.025446415968903586], "translation": [-211.94063305146625, 3059.24932460409, -19.21721988113953]}