{"rotation": [-0.9999459576965386, -0.008906830152823833, 0.000843339639815096, -0.005295171501762202], "translation": [-223.85402902933538, 3058.8508610310155, -19.277787463882692]}