{"rotation": [-0.9997048108933893, -0.009271087656973301, 0.004005572633359354, -0.02209736179158877], "translation": [-258.6651380526598, 3057.1649120659777, -19.420400394810166]}