{"rotation": [-0.9993595970393842, -0.006570420952900623, 0.0008876360288520985, -0.03516301289795359], "translation": [-237.5840791614292, 3058.761658921086, -19.286058121050853]}