{"rotation": [-0.6975347904046179, -0.011933879718163027, -0.01085746031353813, -0.7163692583057973], "translation": [-274.462040516971, 3044.9641472086682, -19.030509837548763]}