{"rotation": [-0.7570021194617439, -0.004718854865892037, -0.00901265001773403, -0.6533332194820957], "translation": [-274.2683004123871, 3049.1392990664062, -19.04418911037547]}