{"rotation": [-0.9982435927827324, -0.006987843595038138, 0.002560791466940419, -0.05877364934370317], "translation": [-240.33828715766955, 3058.4906743934657, -19.291471196368985]}