{"rotation": [-0.9998542715713936, -0.009113217878541482, 0.00037289847356414784, -0.014430725105294185], "translation": [-235.1588311156685, 3058.878768322778, -19.287991102714997]}