{"rotation": [-0.9999519456953129, -0.008783982704566198, 0.000712569896679888, -0.004294204483531879], "translation": [-224.25021882746034, 3058.8486681913123, -19.276991043913466]}