{"rotation": [-0.7499205868733081, -0.0060698577471267655, -0.009418652571950788, -0.6614329589567273], "translation": [-274.3068215353318, 3048.8188835234896, -19.043269920335938]}