{"rotation": [-0.9999270747233884, -0.009224881680682754, 0.001391082478469517, -0.007668877534737951], "translation": [-222.86147611751466, 3058.8620572808713, -19.275957631729465]}