{"rotation": [-0.9990259135084456, -0.01390544150664767, 0.002459476034257746, -0.04180686322552789], "translation": [-244.54036537870653, 3058.00082534731, -19.30442012015351]}