{"rotation": [-0.9999368730601512, -0.008130523951346601, 0.00033454027247945613, -0.0077480680023870015], "translation": [-234.10853032743745, 3058.900040186241, -19.289085487314868]}