{"rotation": [-0.7153207884537497, -0.009881301241498679, -0.010734301793514756, -0.6986439037569041], "translation": [-274.4619559438141, 3046.7657157084896, -19.030530307881826]}