{"rotation": [-0.9994132175829192, -0.006492442195033254, 0.0008821413543160188, -0.03361979389484471], "translation": [-237.41070326969495, 3058.773783169724, -19.28430691665711]}