{"rotation": [-0.8217978989201931, -0.001491457662331409, -0.014756833871811524, -0.5695860117124344], "translation": [-273.6781054434937, 3051.5144845616705, -19.07293841795731]}