{"rotation": [-0.9999404736377758, -0.008752154743069526, 0.001478088695335192, 0.006345409539395411], "translation": [-230.14006190350335, 3058.889872608712, -19.29504294543013]}