{"rotation": [-0.9952507315683004, -0.007573320316311933, -0.00940490981980092, -0.09659282480304116], "translation": [-267.45237611066307, 3056.559710220484, -19.311844631303515]}