{"rotation": [-0.705228667871291, -0.011348696639752312, -0.010967691478501646, -0.7088042344968712], "translation": [-274.4714656614419, 3045.851831632796, -19.029852848350338]}