{"rotation": [-0.9997488439329917, -0.012181455430651002, 0.002602749966714069, -0.018630268136788215], "translation": [-260.2427492459387, 3057.09217119413, -19.42319973922312]}