{"rotation": [-0.9991106653800297, -0.007760787520919244, 0.0009420514262926254, -0.04143381517601111], "translation": [-238.27090079420256, 3058.7068486038756, -19.285911339513692]}