{"rotation": [-0.9982773168505391, -0.011383591628421938, 0.0037133268998093675, -0.05743712829399634], "translation": [-242.87153360962373, 3058.170590670416, -19.30239413553684]}