{"rotation": [-0.9992411108334344, -0.0070979377014052025, 0.0009036866800158323, -0.03828844539982619], "translation": [-237.9259631959172, 3058.735155874074, -19.28442366756654]}