{"rotation": [-0.9997363651578682, -0.015270036650724236, 1.368251163777108e-05, -0.017147185611873308], "translation": [-262.3805541130215, 3057.004398232897, -19.412096270465504]}