{"rotation": [-0.7370733839735638, -0.007998847069300348, -0.010125766494865771, -0.6756895100090076], "translation": [-274.37874282432944, 3048.181684542834, -19.03575044759452]}