{"rotation": [-0.9996542990870533, -0.007083664280127495, 0.002183775841575268, -0.0252256841376509], "translation": [-212.58270320559046, 3059.2165698431177, -19.22156701258509]}