{"rotation": [-0.9788737544302152, -0.0004996446571393809, -0.008853763639305512, -0.20427318500559669], "translation": [-269.60351257012184, 3055.8939796365607, -19.259444541404388]}