{"rotation": [-0.7607516654700647, -0.004114618568737293, -0.009030693935328791, -0.6489671948300645], "translation": [-274.24450105237764, 3049.2940580363484, -19.046361374383114]}