{"rotation": [-0.9915637960834253, -0.003646412419682848, -0.009928411939396779, -0.12918733919953096], "translation": [-268.2205186760831, 3056.3794590163384, -19.293455574318177]}