{"rotation": [-0.9995359523844195, -0.007526090967527663, 0.0018862230435016717, -0.029456408612562678], "translation": [-253.56349841364374, 3057.46077218885, -19.37699176245908]}