{"rotation": [-0.8135837856909094, -0.002633062242224232, -0.014661604463970367, -0.5812568520014358], "translation": [-273.7741724089173, 3051.2466842257395, -19.067773123057624]}