{"rotation": [-0.9980925413562238, -0.010347486819454934, 0.004020693556177312, -0.0607292551322933], "translation": [-242.2448864952107, 3058.2475692866415, -19.29984266598287]}