{"rotation": [-0.9980099931414806, -0.00906075855947345, 0.0038500808550942216, -0.06228268717290533], "translation": [-241.37515135554855, 3058.358034865724, -19.297170804265072]}