{"rotation": [-0.9552542679612973, 0.0028139333155042436, -0.009800314686619283, -0.29561007958637864], "translation": [-270.9110194552945, 3055.1628126349565, -19.21065791623907]}