{"rotation": [-0.9995762627960204, -0.007672230983082655, 0.0022727945840125387, -0.027986892132966498], "translation": [-255.6384984053699, 3057.335816609062, -19.39329298228877]}