{"rotation": [-0.999812240985926, -0.006252696999887118, 0.002222801424817536, -0.018205650462260276], "translation": [-217.91983572746963, 3058.987334328152, -19.257339917065067]}