{"rotation": [-0.999540918013014, -0.007364410303561573, 0.002021209296855467, -0.02931950530893014], "translation": [-252.22132805558275, 3057.5430301194647, -19.360731437010493]}