{"rotation": [-0.9999552059358635, -0.008850497130780522, 0.0006670825159609693, -0.003287829560614433], "translation": [-224.64345996708408, 3058.846329578975, -19.27768738100055]}