{"rotation": [-0.998305069610604, -0.006971397076529112, 0.002321948874798685, -0.0577321068902865], "translation": [-240.1628064485238, 3058.5123450696037, -19.29054046210728]}