{"rotation": [-0.9996483831068144, -0.00710460132158087, 0.00304418107075182, -0.02536469502283956], "translation": [-209.82229806238382, 3059.357097768938, -19.20183847689867]}