{"rotation": [-0.994613411869622, -0.0067113963374109565, -0.009568844780151183, -0.10299298664397145], "translation": [-267.618944027393, 3056.5248747825062, -19.30770454464328]}