{"rotation": [-0.676981873300932, -0.011606024927996469, -0.011505997769580568, -0.7358182217250794], "translation": [-274.1100599579613, 3040.35367539301, -19.0293676712122]}