{"rotation": [-0.6740906405579167, -0.008727204893579588, -0.015851023106370953, -0.7384269694922067], "translation": [-273.9227739111826, 3038.677917393067, -19.030479637902246]}