{"rotation": [-0.9999363271709084, -0.00911306818640893, 0.0017653295024065642, 0.006416946620609419], "translation": [-229.0269334780613, 3058.8728748467847, -19.29291074013094]}