{"rotation": [-0.8436204277428502, 0.00021131978128210755, -0.014248730892716608, -0.536750876018724], "translation": [-273.4079133972249, 3052.173923830735, -19.087748409781476]}