{"rotation": [-0.6755525243812497, -0.009433667175284871, -0.014180809039489154, -0.7371151181333432], "translation": [-274.02933242275316, 3039.677594579822, -19.02999036786682]}