{"rotation": [-0.909971979980458, 0.00017992394906646828, -0.013234565058491113, -0.4144584533647856], "translation": [-272.2771538413616, 3053.9295511755977, -19.14877306965642]}