{"rotation": [-0.9995903564501651, -0.010400941444311302, -0.0005653203133445991, -0.026657459028330527], "translation": [-248.7109429073062, 3057.746922772738, -19.317996869173676]}