{"rotation": [-0.9998387901214932, -0.006942822627463449, 0.002216886910254125, -0.0164096433471092], "translation": [-218.97203338406757, 3058.951134433638, -19.26178081545249]}