{"rotation": [-0.9994291612205454, -0.01551810448278055, -0.005806245313648928, -0.02944193693724264], "translation": [-264.58169571434394, 3056.898864838009, -19.376592435978427]}