{"rotation": [-0.999592196851832, -0.010125006950484175, -0.0002829218797310753, -0.026699141978556933], "translation": [-248.89956611749147, 3057.736925044497, -19.32045385599608]}