{"rotation": [-0.999763088411763, -0.008733992212864894, 0.0006273110296764383, -0.019927140042445272], "translation": [-235.85258679111038, 3058.856014428016, -19.286823460308597]}