{"rotation": [-0.999694510059477, -0.016340008666307998, -0.0020892279864446485, -0.018426225879111347], "translation": [-262.9980193952152, 3056.978148487528, -19.402363183529502]}