{"rotation": [-0.6751767105563171, -0.009022367663920228, -0.014744530716546581, -0.7374534596962964], "translation": [-274.00458645390853, 3039.4580149400217, -19.029820594798014]}