{"rotation": [-0.717268120236519, -0.009668139814007052, -0.010670584479433011, -0.6966484833772156], "translation": [-274.4592632106998, 3046.924159742249, -19.030941680902252]}