{"rotation": [-0.9997481221566449, -0.014573969393107069, 0.0020030354486408773, -0.016949321797124908], "translation": [-261.5416861043496, 3057.0373149243437, -19.422226034386846]}