{"rotation": [-0.9522781304781359, 0.002770448799499891, -0.010008275952138653, -0.3050549479011636], "translation": [-271.0291531776828, 3055.0788198093314, -19.20611272734795]}