{"rotation": [-0.9020336442658815, -0.0005309457270627583, -0.013273370855142812, -0.4314612848624889], "translation": [-272.4535412168813, 3053.7201485067408, -19.141120020519597]}