{"rotation": [-0.9995401541948192, -0.008252596927578045, 0.0019279116505976845, -0.02911456599050347], "translation": [-254.70914683299458, 3057.3908463063613, -19.38538288800607]}