{"rotation": [-0.9996428274700453, -0.007271298579274293, 0.002903879709487524, -0.02555216600011281], "translation": [-211.30416361684303, 3059.2811853240582, -19.211697391717777]}