{"rotation": [-0.9683877101157086, 0.0015709345870416093, -0.009325194091321558, -0.24927056748949888], "translation": [-270.2884101591175, 3055.5526700874016, -19.232426910685405]}