{"rotation": [-0.9999004802086671, -0.008689723759436444, 0.002282716824455194, -0.01087692894897253], "translation": [-221.5424075658934, 3058.884238212999, -19.275861000606948]}