{"rotation": [-0.6753651238744028, -0.009188512215311528, -0.014488049700522755, -0.7372839460569155], "translation": [-274.016645229932, 3039.565064073332, -19.029771799036546]}