{"rotation": [-0.9999604622004727, -0.008533569318084876, 0.0008578786652160191, -0.0023486750959232014], "translation": [-225.03121561194214, 3058.844369939825, -19.28081130200298]}