{"rotation": [-0.6807421829734915, -0.012196717953152659, -0.010116394797549678, -0.7323516770977976], "translation": [-274.2664034806649, 3041.856286585017, -19.021242534576672]}