{"rotation": [-0.9997164859973778, -0.009343877235596609, 0.00358202642442256, -0.021605755482172882], "translation": [-258.8974275748457, 3057.154185268422, -19.418693081713545]}