{"rotation": [-0.9995791373894726, -0.009237405927438188, 0.001202575686280561, -0.02747311848277329], "translation": [-249.88500181246962, 3057.681055630317, -19.333557376743524]}