{"rotation": [-0.7645863256451242, -0.0037778801582353623, -0.009272353888587416, -0.6444435597562932], "translation": [-274.2222789524121, 3049.4478050906314, -19.04567998031975]}