{"rotation": [-0.9995383336119386, -0.007257065942292422, 0.0019666881431131835, -0.02943784591178675], "translation": [-253.33883941276653, 3057.4743813523055, -19.374431139641537]}