{"rotation": [-0.9996543691456721, -0.006975419369482493, 0.0028401946273368442, -0.025187676889049753], "translation": [-209.3996609602539, 3059.3783811718245, -19.196483349927696]}