{"rotation": [-0.9997178288916042, -0.015860937279329818, -0.0012026496267219173, -0.017642190871707417], "translation": [-262.7278971300027, 3056.9872463436604, -19.40689607833723]}