{"rotation": [-0.7099363458216373, -0.010584330995103159, -0.010949521139229748, -0.7041011751201871], "translation": [-274.46794933151165, 3046.306510314717, -19.030280999093126]}