{"rotation": [-0.9996441746824305, -0.007196378309006051, 0.0028154747010223635, -0.02553055551538305], "translation": [-211.395782978157, 3059.276776425176, -19.21292052744453]}