{"rotation": [-0.9980284873453881, -0.0101690784690659, 0.004146358402584102, -0.06179430396212893], "translation": [-241.89601832278896, 3058.2913913379866, -19.299580248953905]}