{"rotation": [-0.9997453484378156, -0.015000828659245862, 0.001156024746826931, -0.016818948340232957], "translation": [-261.95991018652467, 3057.0178084990766, -19.418709931679953]}