{"rotation": [-0.9990946745812131, -0.014109986733014585, 0.0023512918519833404, -0.04006508360756068], "translation": [-244.71802182710488, 3057.986518300069, -19.305215589971656]}