{"rotation": [-0.8426566764951235, 0.00027679497552620476, -0.014244095901749946, -0.5382627190087345], "translation": [-273.4203180713866, 3052.1462022130327, -19.086942292631704]}