{"rotation": [-0.9996904722133254, -0.007364702577173642, 0.0027302841971653924, -0.02360649211659677], "translation": [-214.2913265189668, 3059.1362563783737, -19.236554024883635]}