{"rotation": [-0.6986763755894497, -0.011883045737698529, -0.010985497131163079, -0.7152548037377778], "translation": [-274.4669538012496, 3045.111552902273, -19.030395932079696]}