{"rotation": [-0.698676409679586, -0.01188304576606684, -0.010985499409196292, -0.715254770402334], "translation": [-274.46695373429156, 3045.1115569287426, -19.030395941485846]}