{"rotation": [-0.99865027192525, -0.01177811982653958, -0.006241605512391366, -0.050199129849066326], "translation": [-265.88480378714667, 3056.7937019600427, -19.352814039970614]}