{"rotation": [-0.780599404793907, -0.003242182644435574, -0.011350546597802717, -0.6249201729653392], "translation": [-274.1014787055248, 3050.0719752334944, -19.052038344127418]}