{"rotation": [-0.9980284861655299, -0.010169060955671317, 0.0041463604521992424, -0.06179432576233199], "translation": [-241.89600661902588, 3058.2913928161774, -19.299580206030377]}