{"rotation": [-0.9999487363681163, -0.00870488348010197, 0.002449590266786964, 0.0045551231520425], "translation": [-228.00137431294357, 3058.858450547047, -19.29050499293685]}