{"rotation": [-0.9995937761811089, -0.007922776493030324, 0.003000069851815727, -0.027212346710949773], "translation": [-256.10444663508395, 3057.3079740321878, -19.401495251137092]}