{"rotation": [-0.868229812189253, -0.0017418058657889626, -0.013129128080452078, -0.4959854688738245], "translation": [-273.0536459034511, 3052.848659950964, -19.11464435799813]}