{"rotation": [-0.9999019380194829, -0.008849628245401333, 0.0023083536050643497, -0.01060518403586033], "translation": [-221.65062402483647, 3058.8824186611573, -19.274907441156834]}