{"rotation": [-0.998784290970937, -0.013364192585453455, 0.002743921893815419, -0.04736886486778379], "translation": [-244.0018412801176, 3058.0492676194212, -19.305175009011123]}