{"rotation": [-0.6739674776128728, -0.008736962887728433, -0.015836555100210092, -0.7385395778982995], "translation": [-273.9092992103885, 3038.537951093568, -19.0301089864395]}