{"rotation": [-0.999552484140395, -0.008681566116182418, 0.0018814129579468794, -0.028564350925891272], "translation": [-250.92380635169818, 3057.6208593676906, -19.345294060739988]}