{"rotation": [-0.9995937765749412, -0.007922784474387743, 0.003000093147901803, -0.027212327352195722], "translation": [-256.1044594160252, 3057.307973323611, -19.40149545790206]}