{"rotation": [-0.9853674844101049, -0.0014885388054148492, -0.009318064297968732, -0.17018189855935162], "translation": [-269.0276823814625, 3056.1264280849255, -19.274168786442903]}