{"rotation": [-0.9997665439607786, -0.00676767186328044, 0.002302855692048827, -0.02039002329408093], "translation": [-216.64454023568322, 3059.0339452886083, -19.25119138995179]}