{"rotation": [-0.9879957449572222, -0.0021299645576648056, -0.009761306289222582, -0.15415767284483345], "translation": [-268.72800351701204, 3056.2288745988153, -19.280782460230693]}