{"rotation": [-0.9986502568048243, -0.011778073592865198, -0.0062416211955445495, -0.050199439548175746], "translation": [-265.88481870487345, 3056.7937004437167, -19.352813657903436]}