{"rotation": [-0.999367257506891, -0.014941149031936614, -0.00600526375196626, -0.03171408986602509], "translation": [-264.76711415333347, 3056.8879338130787, -19.374631321606092]}