{"rotation": [-0.6759859570603963, -0.010178180265296537, -0.013413774630816468, -0.7367221057860153], "translation": [-274.05507491622154, 3039.8978046823677, -19.030669629639846]}