{"rotation": [-0.9998237721691166, -0.0063080215248432605, 0.0022051410312114057, -0.017543398273803218], "translation": [-218.34131302735574, 3058.9718362998315, -19.259429302649142]}