{"rotation": [-0.9324890797096477, 0.0016114050485715903, -0.011825871429190329, -0.3610009257065195], "translation": [-271.69367699614133, 3054.5320632483263, -19.176782837128552]}