{"rotation": [-0.9999519455218518, -0.00878398300166022, 0.000712571979769968, -0.004294243922237021], "translation": [-224.25020474247333, 3058.848668233628, -19.276991040564038]}