{"rotation": [-0.9998784990203065, -0.007622661716612882, 0.002190694597217728, -0.013419503807328073], "translation": [-220.42168135640753, 3058.9108151837945, -19.27086838300226]}