{"rotation": [-0.9980925370669759, -0.01034747809985013, 0.004020700564921381, -0.060729326648232246], "translation": [-242.24486651167717, 3058.2475717785937, -19.29984261525125]}