{"rotation": [-0.7970867375830445, -0.004118888516764243, -0.013620244279537015, -0.6036971562566542], "translation": [-273.94948494161923, 3050.673036065873, -19.060989321839156]}