{"rotation": [-0.9998542709029993, -0.009113226691494695, 0.0003728991396777675, -0.01443076583320309], "translation": [-235.15883668656838, 3058.8787681613762, -19.28799106033276]}