{"rotation": [-0.9992818056598572, -0.014165190470976075, 0.0024425291968681456, -0.03506072314169791], "translation": [-245.2565853184924, 3057.9466357850274, -19.30659299437021]}