{"rotation": [-0.9995400633636898, -0.007311308727049971, 0.002054287438576662, -0.02935960488031967], "translation": [-252.44056779912944, 3057.529285602936, -19.365048242701235]}