{"rotation": [-0.9995921968850533, -0.010124999776801638, -0.00028291380712154086, -0.02669914354076707], "translation": [-248.89957145977326, 3057.736924763937, -19.3204539223228]}