{"rotation": [-0.9997416293886563, -0.01123448648935582, 0.00269862260423004, -0.019574938484577895], "translation": [-259.80351716695907, 3057.112541024901, -19.419164945642752]}