{"rotation": [-0.9991008753783367, -0.013362073991876255, -0.005965918272757194, -0.03979074786982071], "translation": [-265.33632916202754, 3056.846284307168, -19.363308716065514]}