{"rotation": [-0.999655863596425, -0.007348256593803886, 0.002095289440878586, -0.02509516416516099], "translation": [-212.79621417305498, 3059.206268130307, -19.22350168385184]}