{"rotation": [-0.7805966039509, -0.003241907427175817, -0.011349946613009422, -0.6249236838594271], "translation": [-274.101500354281, 3050.0718706369794, -19.052037890463172]}