{"rotation": [-0.9986968158975311, -0.013189464812938341, 0.0030201381010715525, -0.04920961999377461], "translation": [-243.82935526529192, 3058.0654432091856, -19.302722330880044]}