{"rotation": [-0.8217977526193293, -0.0014914824862195715, -0.01475683553043712, -0.569586222687084], "translation": [-273.6781071431908, 3051.5144798461115, -19.072938350886655]}