{"rotation": [-0.8259058662034182, -0.0008451164705217355, -0.01466979182721307, -0.5636165213659718], "translation": [-273.63076443994936, 3051.6434856824117, -19.074523640331275]}