{"rotation": [-0.6903746355211072, -0.012126818727502884, -0.010248036753456414, -0.7232778032259448], "translation": [-274.41634308053005, 3043.96281295743, -19.0300035062749]}