{"rotation": [-0.9522776089161681, 0.002770458820306061, -0.010008290840970949, -0.3050565754565425], "translation": [-271.02917327093184, 3055.078805075856, -19.206111998997756]}