{"rotation": [-0.999566020040884, -0.00786885464603445, 0.0019732662755344464, -0.028318879327975877], "translation": [-255.4030599652767, 3057.349096114414, -19.391564318805358]}