{"rotation": [-0.7342028229004229, -0.008103125724625446, -0.010075329948507012, -0.6788070726833729], "translation": [-274.38855902370074, 3048.0273378451734, -19.036276307924116]}