{"rotation": [-0.9998337170420905, -0.006777537090611712, 0.002194500846011917, -0.016786525037047164], "translation": [-218.76234477418066, 3058.9583550540965, -19.260492083897454]}