{"rotation": [-0.9998118727083093, -0.009186302690745538, 0.000486776874095236, -0.017076126102029316], "translation": [-235.50740335943792, 3058.8684683689603, -19.2882220151477]}