{"rotation": [-0.9991773926966028, -0.007495606912832143, 0.0009214594349780862, -0.03984350277695023], "translation": [-238.09624967215157, 3058.721267524087, -19.28397544530648]}