{"rotation": [-0.9998910118943256, -0.007562695989741337, 0.002157763696989776, -0.01249455954150936], "translation": [-220.83466435031977, 3058.8998527043473, -19.271175660430774]}