{"rotation": [-0.6750278563234506, -0.008910362624825115, -0.014930679151846895, -0.7375873327581796], "translation": [-273.9941680590754, 3039.3637850905557, -19.02992448927017]}