{"rotation": [-0.7401502032881271, -0.007652945703771184, -0.01006606504531882, -0.6723226779821597], "translation": [-274.3599759590977, 3048.3400403030787, -19.0381771110466]}