{"rotation": [-0.6823053200069013, -0.012151715856668932, -0.010011850698787041, -0.7308977691425826], "translation": [-274.3099584483993, 3042.357888998094, -19.021599345123175]}