{"rotation": [-0.9996384932922634, -0.007816681531152758, 0.0030648025962908432, -0.025541910720613212], "translation": [-210.45624324740126, 3059.324352382404, -19.207458468843388]}