{"rotation": [-0.6810703399339167, -0.012066506888520793, -0.010034241165312211, -0.73204979712998], "translation": [-274.2796549057796, 3041.9819598329423, -19.020348864362553]}