{"rotation": [-0.960843965081851, 0.0026173050815275836, -0.009581062401734465, -0.276911949404772], "translation": [-270.66450327924724, 3055.326588033366, -19.220116450476016]}