{"rotation": [-0.980662988320125, -0.0007771546581663295, -0.008814539353756194, -0.1955039725060872], "translation": [-269.4669811550921, 3055.953710244431, -19.262464995031387]}