{"rotation": [-0.9958286385132821, -0.008148798078024015, -0.009132986950440085, -0.0904185177716921], "translation": [-267.28544973443064, 3056.5909659863582, -19.316333357157884]}