{"rotation": [-0.935996320849158, 0.001976329337832064, -0.011358249416609635, -0.3518209369116323], "translation": [-271.5894918492936, 3054.627023414942, -19.181673504540345]}