{"rotation": [-0.9999516275168953, -0.00864463002740152, 0.002581634151614629, 0.003917673175352221], "translation": [-227.7155473617819, 3058.855856809442, -19.290344017847215]}