{"rotation": [-0.6764653034616048, -0.010964265044408396, -0.012429311956783179, -0.7362879805544268], "translation": [-274.08131632536487, 3040.1175982912714, -19.03087164983554]}