{"rotation": [-0.9999342917376632, -0.009201830010038927, 0.0016946696056565045, 0.0066231885441934545], "translation": [-229.2131444044853, 3058.876099126407, -19.292492987427792]}