{"rotation": [-0.897978969279574, -0.0007821609212562183, -0.013123169548266507, -0.4398419504514032], "translation": [-272.537572415948, 3053.616204015131, -19.13792275722164]}