{"rotation": [-0.9994336733214803, -0.013137848878616342, 0.0029519291442606215, -0.030838541993787293], "translation": [-245.79133212754013, 3057.9131689986575, -19.312097062248938]}