{"rotation": [-0.9993897283497095, -0.013550416861266675, 0.002739341899940973, -0.032078857179380464], "translation": [-245.61216397129016, 3057.923626669986, -19.310548456187764]}