{"rotation": [-0.9995336014231576, -0.007804546603460057, 0.0019377710556947917, -0.029460375450805695], "translation": [-253.79405904959614, 3057.4468769933874, -19.377681481867075]}