{"rotation": [-0.7314320553812194, -0.008323967533231126, -0.010029253638706324, -0.6817897579142421], "translation": [-274.3977619782271, 3047.867054883622, -19.035858855600214]}