{"rotation": [-0.7262281214695769, -0.008902362232749312, -0.010311187603827791, -0.6873188073548148], "translation": [-274.42374074164496, 3047.551769700079, -19.033652308667328]}