{"rotation": [-0.9999427502522522, -0.008934265418796099, 0.002076263702051624, 0.005510376432534315], "translation": [-228.46842481970472, 3058.864476236057, -19.291550631681144]}