{"rotation": [-0.9995344572229838, -0.011688278346497218, 0.0031474434519928357, -0.028006188119172604], "translation": [-246.87618174256178, 3057.8488001485794, -19.31724904237587]}