{"rotation": [-0.9982435913956783, -0.00698784483152286, 0.0025607952860837602, -0.0587736725887666], "translation": [-240.33829105839177, 3058.490673913962, -19.291471212327895]}