{"rotation": [-0.999598118272789, -0.006866762882765974, 0.0010558626066654601, -0.027483352545988604], "translation": [-236.71886586550255, 3058.8169704004517, -19.288296278256542]}