{"rotation": [-0.9995439456003415, -0.00744448563124729, 0.0019817639893320426, -0.029198511244210093], "translation": [-252.00135435907896, 3057.555908180488, -19.357912177927062]}