{"rotation": [-0.9992236142812446, -0.014191178554487253, 0.0023402452612179127, -0.03667836373229398], "translation": [-245.07404480614264, 3057.959040301857, -19.307279840106197]}