{"rotation": [-0.9995439448019674, -0.0074444144398306475, 0.001981779679711575, -0.029198555660694465], "translation": [-252.00143038005717, 3057.555903679953, -19.35791295192664]}