{"rotation": [-0.9997538373844074, -0.013222296652424975, 0.0025162504570703237, -0.017638140208780264], "translation": [-260.9021512414215, 3057.064098577633, -19.423792760868363]}