{"rotation": [-0.8854497111197702, -0.0013028949508051425, -0.012395627953297668, -0.464568035868059], "translation": [-272.76944679569357, 3053.292101771751, -19.13044540674937]}