{"rotation": [-0.70251386179922, -0.011557571673860994, -0.010943588755952386, -0.7114920480104403], "translation": [-274.46161009165695, 3045.5562140815746, -19.031335688860374]}