{"rotation": [-0.6814633368341256, -0.011921645974453596, -0.010116942872177882, -0.7316852071588437], "translation": [-274.2936218128565, 3042.111690452011, -19.019450270378595]}