{"rotation": [-0.946050594979472, 0.002734352282190908, -0.01032325610045928, -0.32384290240804786], "translation": [-271.2628828430862, 3054.9019381957805, -19.195810805678143]}