{"rotation": [-0.999691874711671, -0.009134938614279582, 0.004413871397060861, -0.02265449781540528], "translation": [-258.4383727431701, 3057.178773885986, -19.420125901470385]}