{"rotation": [-0.6954056060045153, -0.012173752437838394, -0.010661658755083871, -0.7184352245830277], "translation": [-274.44547834928915, 3044.669693180756, -19.03115020341985]}