{"rotation": [-0.9997547827577207, -0.0127690976437497, 0.0025320237585542546, -0.017914054653074406], "translation": [-260.6795894322087, 3057.0723025316056, -19.425211500402103]}