{"rotation": [-0.9427762635239061, 0.0025647469057498073, -0.010677101565602, -0.3332451627726496], "translation": [-271.3705557876976, 3054.814654878066, -19.1921020090221]}