{"rotation": [-0.9999348376672338, -0.009128853584012735, 0.0011774579854648324, -0.006752632400556495], "translation": [-223.26030939413326, 3058.8567704662464, -19.27653063102614]}