{"rotation": [-0.999757461072102, -0.0063700900133758015, 0.0022245801875128497, -0.020964069902465184], "translation": [-216.21800762520633, 3059.0520949858706, -19.247714096862627]}