{"rotation": [-0.9999442462938465, -0.008116653366096295, 0.00043564808207547783, -0.006740508342442417], "translation": [-233.93255770883997, 3058.902153992973, -19.29042823218916]}