{"rotation": [-0.6895163633933848, -0.012071086658869561, -0.010281912064633872, -0.7240965099791126], "translation": [-274.40579297322745, 3043.8316131011834, -19.03103338915904]}