{"rotation": [-0.9999385037389343, -0.008827027046388797, 0.0015159218002458261, 0.006540207562388407], "translation": [-229.95255903003266, 3058.8876777199603, -19.294177437036478]}