{"rotation": [-0.6755525381228447, -0.0094336960117373, -0.014180783064011425, -0.7371151056700929], "translation": [-274.0293334998453, 3039.6776039588967, -19.02999039177648]}