{"rotation": [-0.9706826815366627, 0.0012208511938359178, -0.009289815644635296, -0.24018189068380086], "translation": [-270.15371015864815, 3055.6257388890567, -19.238268930492374]}