{"rotation": [-0.9996530451099892, -0.006582514426133697, 0.0023563659495411397, -0.02539502797138609], "translation": [-212.15399283187858, 3059.2386645975243, -19.219017763460815]}