{"rotation": [-0.7083145289221855, -0.010863031719230308, -0.010946645649054476, -0.7057284843398652], "translation": [-274.46574175251595, 3046.1523820122957, -19.030564882798707]}