{"rotation": [-0.9995842217904545, -0.009296820683867458, 0.001030758518977474, -0.027274350764391924], "translation": [-249.68736563099753, 3057.6929496154007, -19.328817341187825]}