{"rotation": [-0.7011563927290666, -0.01175536947284606, -0.010961993537199108, -0.7128263175005608], "translation": [-274.4683334169109, 3045.4041734516813, -19.030391795093117]}