{"rotation": [-0.6789268712600731, -0.012399103266901535, -0.010158550297981685, -0.7340309050544318], "translation": [-274.21643572103625, 3041.2514049291785, -19.01725835911014]}