{"rotation": [-0.7765394467221834, -0.002983005513105677, -0.010699598779930148, -0.6299707199136025], "translation": [-274.13163856118996, 3049.9221655216156, -19.052214183301096]}