{"rotation": [-0.999960462370737, -0.008533557669494233, 0.0008578915802761754, -0.002348640210827445], "translation": [-225.03122932820415, 3058.8443699132595, -19.280811344791097]}