{"rotation": [-0.9997416293595547, -0.01123444884577127, 0.0026986269873811282, -0.019574960971036108], "translation": [-259.80350497460154, 3057.1125414936005, -19.419164903950236]}