{"rotation": [-0.6745126955467298, -0.008767274647277015, -0.015575890643790747, -0.738046848155452], "translation": [-273.95693533574286, 3039.0159477311036, -19.03058755009284]}