{"rotation": [-0.9997574606809015, -0.0063700789260053015, 0.002224575698304171, -0.02096409240379138], "translation": [-216.21799192951426, 3059.052095616862, -19.247713934394408]}