{"rotation": [-0.9996067276267645, -0.00878821827562137, 0.0036027009078244453, -0.02638518237610625], "translation": [-256.72145420441115, 3057.269712236367, -19.41176777282032]}