{"rotation": [-0.9996624871746201, -0.007900387071097527, 0.002331854333859757, -0.024638548564089625], "translation": [-213.4371742773567, 3059.1752693592343, -19.2296732023593]}