{"rotation": [-0.9215154533078685, 0.00033628550521657883, -0.013042931445789378, -0.388122452540629], "translation": [-271.99575425662476, 3054.2373217902505, -19.16219391555436]}