{"rotation": [-0.9999511835284584, -0.00936559603961937, 0.0007938300506284842, -0.00304729465409261], "translation": [-233.22022406618677, 3058.908151558126, -19.29368060826796]}