{"rotation": [-0.999338294780365, -0.01391377454831083, 0.0025495133294405393, -0.03350939338565165], "translation": [-245.43360185031958, 3057.934522781748, -19.308770814700225]}