{"rotation": [-0.7314320732842895, -0.008323966089478921, -0.010029253598182969, -0.6817897387258408], "translation": [-274.39776192584355, 3047.8670559226766, -19.0358588583489]}