{"rotation": [-0.9997438020863642, -0.006275610763488807, 0.0023714985170502872, -0.021617652375536364], "translation": [-215.78789234585096, 3059.069986901117, -19.246512252469405]}