{"rotation": [-0.9997416293528584, -0.011234440184415535, 0.0026986279958937684, -0.01957496614491152], "translation": [-259.8035021692803, 3057.1125416014434, -19.41916489435724]}