{"rotation": [-0.6870428875742836, -0.012196024259028127, -0.009955786343319806, -0.7264462884096455], "translation": [-274.3888714431851, 3043.4108898152695, -19.026867711171224]}