{"rotation": [-0.9997340868541575, -0.00985784196653317, 0.002863760961006127, -0.02064890812621943], "translation": [-259.35589793434417, 3057.1341287389223, -19.41736573719884]}