{"rotation": [-0.9997416293164137, -0.011234393046652543, 0.0026986334845298574, -0.019574994302732872], "translation": [-259.8034869018591, 3057.112542188356, -19.41916484214918]}