{"rotation": [-0.9997453475816996, -0.01500088623458875, 0.0011558737275062072, -0.01681895825696407], "translation": [-261.95997762190893, 3057.01780536806, -19.41870908981218]}