{"rotation": [-0.9996387444279695, -0.007681925945578155, 0.002976545518831461, -0.025583370165278903], "translation": [-210.75379177048154, 3059.3085196340344, -19.210829340729216]}