{"rotation": [-0.9995345409126074, -0.008265195864253842, 0.0019439784718206009, -0.02930203077689229], "translation": [-254.47865719929857, 3057.405299320219, -19.383678070733772]}