{"rotation": [-0.9985270583877384, -0.012525844600834977, 0.003372513778855972, -0.05268247370214626], "translation": [-243.47401186445214, 3058.101969512855, -19.302783004781794]}