{"rotation": [-0.9995791379868055, -0.009237407134760211, 0.0012025627348965509, -0.027473096910433255], "translation": [-249.88498455462482, 3057.681056619482, -19.333557124667482]}