{"rotation": [-0.9998996061513177, -0.008497734349860543, 0.0022778068651422134, -0.011107552621711942], "translation": [-221.4444526674191, 3058.8860637682633, -19.27578441859831]}