{"rotation": [-0.9853675369351685, -0.001488549206534547, -0.009318074416689377, -0.17018159378952888], "translation": [-269.0276767659261, 3056.126430110545, -19.274168911287035]}