{"rotation": [-0.9999539872506877, -0.009339268194611153, 0.0013445993735824312, 0.0017301744320451918], "translation": [-231.96623422367944, 3058.9076398031953, -19.29529111797594]}