{"rotation": [-0.9999341734210818, -0.00913888919871727, 0.0016602553116891472, 0.006735954365308202], "translation": [-229.39961662358593, 3058.879310000257, -19.291729928438592]}