{"rotation": [-0.9980284846665629, -0.010169038705557904, 0.004146363056158684, -0.06179435345867518], "translation": [-241.89599174983232, 3058.291394694164, -19.29958015149762]}