{"rotation": [-0.6786721769059303, -0.012344958468638551, -0.010236022963856542, -0.7342662338198976], "translation": [-274.2032034633903, 3041.1354975418135, -19.018579554794144]}