{"rotation": [-0.9997209549360466, -0.0062564431161350196, 0.0026721147342732656, -0.022621427544269455], "translation": [-215.14828273486646, 3059.0968621537086, -19.24162071244321]}