{"rotation": [-0.6778859405963537, -0.012176650009879256, -0.01060696052133827, -0.7349897095366932], "translation": [-274.16323082537315, 3040.786062062135, -19.022449122391837]}