{"rotation": [-0.6771747485227065, -0.011787521138822674, -0.011241256648734384, -0.7356419295129719], "translation": [-274.12166543071623, 3040.4483988519123, -19.02821621876928]}