{"rotation": [-0.9999534676119102, -0.008780228659372745, 0.0026002564169839144, 0.003034610711719276], "translation": [-227.33938694115457, 3058.8524640381233, -19.28799797920706]}