{"rotation": [-0.9972239945013718, -0.010494295730446591, -0.008153237724756335, -0.07326458395741767], "translation": [-266.77326409713595, 3056.67894003413, -19.32976313171239]}