{"rotation": [-0.7970856494526518, -0.004118981420910684, -0.013620180788117222, -0.6036985937568495], "translation": [-273.9494955438777, 3050.672996809127, -19.06098902360008]}