{"rotation": [-0.8011953681319393, -0.0037357042532241034, -0.013910673882033571, -0.5982294875294987], "translation": [-273.90752285122534, 3050.823609825396, -19.062908425205013]}