{"rotation": [-0.9999498397776323, -0.008670139598579481, 0.0025114057944982003, 0.004340443406376729], "translation": [-227.9053098808856, 3058.85733186783, -19.290785724901752]}