{"rotation": [-0.9990946643612623, -0.014109954910388337, 0.002351306611581085, -0.040065348800451005], "translation": [-244.71799487540702, 3057.9865204015723, -19.305215476075855]}