{"rotation": [-0.67813564833813, -0.012232212740174749, -0.01046675821680935, -0.7347604115607578], "translation": [-274.17675579327647, 3040.903112824712, -19.02095645750735]}