{"rotation": [-0.985367444598051, -0.0014885309217635223, -0.009318056628364595, -0.17018212956321932], "translation": [-269.02768663782376, 3056.126426549582, -19.274168691815888]}