{"rotation": [-0.9988269539096682, -0.012313877050888222, -0.006101819639489848, -0.046431157347156186], "translation": [-265.70021795077514, 3056.81146498099, -19.35770662207492]}