{"rotation": [-0.9983723946258616, -0.006916226904707813, 0.00209621089725442, -0.05657148888176655], "translation": [-239.99032683938643, 3058.5328028465856, -19.29069692228662]}