{"rotation": [-0.9839058249413757, -0.001294437323398826, -0.009098540433324476, -0.17845130607655948], "translation": [-269.1762353673891, 3056.0705008131968, -19.270457670522557]}