{"rotation": [-0.7055054050910237, -0.01130949410234371, -0.010972903768348526, -0.7085293318652308], "translation": [-274.47216163983484, 3045.8811006052697, -19.029798197772045]}