{"rotation": [-0.972880918392517, 0.0008269692939829818, -0.009175182828895675, -0.2311230208559412], "translation": [-270.019026903012, 3055.6959103542185, -19.243611693127125]}