{"rotation": [-0.9996918751679946, -0.009134944403653643, 0.004413863826722405, -0.022654476819382003], "translation": [-258.4383836906512, 3057.1787733846445, -19.42012588770412]}