{"rotation": [-0.999651723205802, -0.007027633928913789, 0.0029383489714569517, -0.025266791611795295], "translation": [-209.60940860022245, 3059.367929552712, -19.19991403180605]}