{"rotation": [-0.9995504734290069, -0.008480542973625245, 0.0019116494154554338, -0.028692804938399433], "translation": [-251.13557270634118, 3057.607621706833, -19.348173587402115]}