{"rotation": [-0.9995375865051562, -0.011747365835923377, 0.002660158901248946, -0.02792017396049765], "translation": [-247.05673966979188, 3057.8377205915885, -19.317418200117654]}