{"rotation": [-0.9581038495709677, 0.002715135115357937, -0.00970551215945185, -0.2862436803011041], "translation": [-270.79150215384533, 3055.2444327587546, -19.214464682693766]}