{"rotation": [-0.9995864943246633, -0.007780208663693853, 0.002622082704936729, -0.027557819201960643], "translation": [-255.87030559680312, 3057.321133897013, -19.39767507771389]}