{"rotation": [-0.8135803818908256, -0.0026333639556177352, -0.014661412512597378, -0.581261619737439], "translation": [-273.77420963665486, 3051.2465693683425, -19.06777168521876]}