{"rotation": [-0.9997510486552734, -0.006288323783144431, 0.002278492436171546, -0.02128629063265464], "translation": [-216.00373344275872, 3059.0609151244794, -19.24659743999885]}