{"rotation": [-0.9252413403971463, 0.0006195488938536794, -0.012759960140446263, -0.37916389806582906], "translation": [-271.90023640082404, 3054.335178203909, -19.16582544142048]}