{"rotation": [-0.9989512213427393, -0.013667130507517618, 0.0025438753478924216, -0.04362563030781778], "translation": [-244.36109987204665, 3058.0159077990807, -19.304456300637273]}