{"rotation": [-0.9999385036963941, -0.008827027629598345, 0.0015159238508296218, 0.00654021280396813], "translation": [-229.95255194037563, 3058.887677593571, -19.294177456814047]}