{"rotation": [-0.7847393868210958, -0.0036521166909855097, -0.012158263344293598, -0.61969583946302], "translation": [-274.0648381601513, 3050.2254795285485, -19.05605563226107]}