{"rotation": [-0.9913107955074395, -0.0035052500859545804, -0.00993500865440385, -0.13111794513063152], "translation": [-268.2617712256867, 3056.3683313432093, -19.292386638430816]}