{"rotation": [-0.6838158488397766, -0.011924141682948038, -0.010160010218095197, -0.7294864453250856], "translation": [-274.3393957590306, 3042.751707870454, -19.025141704871025]}