{"rotation": [-0.9990424097499359, -0.007883164334866043, 0.0008763440925628579, -0.043027331571249966], "translation": [-238.44053853330573, 3058.691971265958, -19.285523534038333]}