{"rotation": [-0.9998908848978858, -0.008638826235257876, 0.00025111876638867273, -0.011980230330220465], "translation": [-234.80892030091783, 3058.8876478719035, -19.287702235288375]}