{"rotation": [-0.8300274635076837, -0.0003489076571757716, -0.014678097439457331, -0.5575292293162802], "translation": [-273.58039841746637, 3051.7740174207997, -19.07738781454391]}