{"rotation": [-0.6753651846316974, -0.009188549212844985, -0.014487982555080305, -0.7372838912605104], "translation": [-274.0166484280847, 3039.5650920936964, -19.029771768135177]}