{"rotation": [-0.6914504286511908, -0.012001373539543557, -0.010475645029065162, -0.7222482486046429], "translation": [-274.42896043684436, 3044.132227455947, -19.029713353758183]}