{"rotation": [-0.9997792648614117, -0.006759748219716175, 0.0024597246312737385, -0.01974024092861243], "translation": [-217.07325435837404, 3059.017435559191, -19.25268725486197]}