{"rotation": [-0.9989765682405847, -0.012862443919173159, -0.006004740068308921, -0.04294550895498509], "translation": [-265.5198868250612, 3056.8281525263974, -19.36066970182758]}