{"rotation": [-0.6895165497614139, -0.012071065736214902, -0.010281935400167383, -0.7240963325287144], "translation": [-274.40579561659086, 3043.8316434975445, -19.03103328439509]}