{"rotation": [-0.717268022134793, -0.009668149731228554, -0.01067058940350116, -0.6966485841695214], "translation": [-274.45926355510306, 3046.924152228335, -19.030941652816328]}