{"rotation": [-0.7847429914819339, -0.0036525958816720243, -0.012158983103086787, -0.6196912577995669], "translation": [-274.0648084393993, 3050.2256137368404, -19.056056825605715]}