{"rotation": [-0.9995762628696057, -0.007672230189945801, 0.002272797191400891, -0.027986889510490217], "translation": [-255.63849997671252, 3057.33581652166, -19.39329300248765]}