{"rotation": [-0.9980049048355137, -0.00949750285487107, 0.003992785306996697, -0.062290167998418806], "translation": [-241.54830205113947, 3058.3359112659587, -19.297847095550694]}