{"rotation": [-0.9959782326728548, -0.008294906742514619, -0.009051560577678993, -0.08875034543650179], "translation": [-267.2386357629689, 3056.5993653000082, -19.317645935283036]}