{"rotation": [-0.7117012126429516, -0.010206866589165236, -0.010866529821791225, -0.7023240863921836], "translation": [-274.46107085660657, 3046.4617439440362, -19.031700698429]}