{"rotation": [-0.6796509981734056, -0.012383402172524571, -0.010239100067892835, -0.7333596204198366], "translation": [-274.23407457784384, 3041.4890805248338, -19.019372193332277]}