{"rotation": [-0.8639129582011906, -0.001383556480655984, -0.013255479596400698, -0.5034647740251567], "translation": [-273.1189702771538, 3052.7328721453723, -19.10990151175782]}