{"rotation": [-0.9999550123404221, -0.008773867846276338, 0.002515707521192475, 0.0025814247907779823], "translation": [-227.14744438307915, 3058.8505459723488, -19.28893753429846]}