{"rotation": [-0.9999518763532236, -0.008228306713823833, 0.001236669168746462, 0.005197171890344665], "translation": [-230.87727522786187, 3058.9000641696243, -19.293606379463945]}