{"rotation": [-0.9996511749474767, -0.006622850032724014, 0.0024791538749382447, -0.025446415850523693], "translation": [-211.94063412408158, 3059.249324547305, -19.21721989087395]}