{"rotation": [-0.9902869921133582, -0.002997294559135428, -0.009909002585422006, -0.1386524473068023], "translation": [-268.4203213275658, 3056.324015320136, -19.28800865969988]}