{"rotation": [-0.9999615054873678, -0.008503725162163316, 0.0010776848858622813, -0.0018742457389833485], "translation": [-225.22681464139728, 3058.8442045008146, -19.281025435020595]}