{"rotation": [-0.9999586499816044, -0.008889264675941122, 0.001918099430984762, -1.3966429087641765e-05], "translation": [-225.9990104241543, 3058.844958840664, -19.285722342171642]}