{"rotation": [-0.9998710672970142, -0.0077151446598341545, 0.0022443653446324948, -0.01390281084555758], "translation": [-220.21513305834827, 3058.9157041466187, -19.270710555961006]}