{"rotation": [-0.743261992441017, -0.007232323855807973, -0.009984060126806952, -0.6688868533822733], "translation": [-274.3456517688971, 3048.504344779971, -19.03935273896864]}