{"rotation": [-0.9995330077470015, -0.008161948673626582, 0.0019920293673510153, -0.029379939364836165], "translation": [-254.24987078444664, 3057.418873300711, -19.38193522483887]}