{"rotation": [-0.9991773956477233, -0.007495588505599469, 0.0009214603548347187, -0.039843432211621954], "translation": [-238.09624192838154, 3058.7212681685105, -19.283975477407957]}