{"rotation": [-0.9995504732993186, -0.00848050587364222, 0.0019116540026346829, -0.02869282011600859], "translation": [-251.13560106259186, 3057.6076200030734, -19.348173892860626]}