{"rotation": [-0.6776315108767119, -0.012053644929815841, -0.010812502965151431, -0.7352233231409891], "translation": [-274.1492142113673, 3040.672870034026, -19.024457162593546]}