{"rotation": [-0.99953317803723, -0.008021100432272242, 0.001987057190477254, -0.029413254739525243], "translation": [-254.02022223322044, 3057.432592423195, -19.380685758095105]}