{"rotation": [-0.6762189578809003, -0.010571627187497601, -0.012923620436168065, -0.7365114674843154], "translation": [-274.06814455924996, 3040.0082517357414, -19.03090414596396]}