{"rotation": [-0.9215119394405458, 0.00033609633209335274, -0.013043159371492568, -0.38813078788133953], "translation": [-271.99584348371445, 3054.2372284134294, -19.162190048430666]}