{"rotation": [-0.7038521392773034, -0.011489743388659138, -0.010908362473561337, -0.7101698102987564], "translation": [-274.4667502358559, 3045.702296996987, -19.030551326862973]}