{"rotation": [-0.9999356416682597, -0.008993509015768349, 0.0016097339656347838, 0.006725925484941822], "translation": [-229.5839105009603, 3058.881391855229, -19.294569708666433]}