{"rotation": [-0.999951876488467, -0.00822830325013096, 0.0012366686007755907, 0.005197151488036114], "translation": [-230.8772850969983, 3058.900064300312, -19.293606321279945]}