{"rotation": [-0.9995409176638548, -0.007364414851889333, 0.00202121651890751, -0.029319515571918347], "translation": [-252.22134414994227, 3057.543029186309, -19.360731658268868]}