{"rotation": [-0.9867244834471696, -0.0017717492516714243, -0.009574863329365652, -0.16211100105399917], "translation": [-268.8774365743232, 3056.1790716872706, -19.277789233864237]}