{"rotation": [-0.6750028343577223, -0.008899092456014154, -0.01495751801898979, -0.737609823970107], "translation": [-273.99246270318554, 3039.3482374112473, -19.029962099832005]}