{"rotation": [-0.998092537899753, -0.010347479792800542, 0.004020699204142262, -0.06072931276309165], "translation": [-242.24487039156998, 3058.24757129477, -19.299842625101043]}