{"rotation": [-0.999573072596287, -0.009148682107067882, 0.0013380009612785457, -0.027716130854600445], "translation": [-250.08622110171387, 3057.669724965506, -19.33719761206439]}