{"rotation": [-0.8563429116768638, -0.0008422637220840994, -0.013810582461122245, -0.5162222157411458], "translation": [-273.231779965602, 3052.5294367081337, -19.101270454277934]}