{"rotation": [-0.999804566124813, -0.006338881030801339, 0.002288997706994944, -0.01858517238954562], "translation": [-217.70957291551247, 3058.994505047831, -19.255796495345496]}