{"rotation": [-0.974977197593613, 0.00029616687417391153, -0.00904124232518778, -0.2221207608372184], "translation": [-269.88341910409196, 3055.7637364433513, -19.248710450405795]}