{"rotation": [-0.9998573559867024, -0.007787543278268835, 0.002216217548354742, -0.014822625568642315], "translation": [-219.80435671939614, 3058.926687751971, -19.26693489978902]}