{"rotation": [-0.9996918746607111, -0.009134937967750499, 0.00441387224247937, -0.02265450016013893], "translation": [-258.43837152060877, 3057.1787739419733, -19.42012590300772]}