{"rotation": [-0.6942815905488968, -0.012035933892039776, -0.01075881942203171, -0.7195223812536236], "translation": [-274.4465982344801, 3044.5360127551708, -19.03061345953821]}