{"rotation": [-0.9997438020494611, -0.006275611289110443, 0.0023714987666021608, -0.02161765390221394], "translation": [-215.78789136973901, 3059.0699869438577, -19.246512247205885]}