{"rotation": [-0.9996918747927438, -0.009134939642848576, 0.004413870052076869, -0.02265449408514746], "translation": [-258.43837468815406, 3057.1787737969153, -19.42012589902463]}