{"rotation": [-0.8384420792748328, 0.0003314637100824636, -0.014281484588337647, -0.5448034590850697], "translation": [-273.4756997370292, 3052.0202194888398, -19.08263621608272]}