{"rotation": [-0.9995907729409618, -0.009429624187514002, 0.000582553766938354, -0.0270005457367365], "translation": [-249.40828284266595, 3057.7082413662747, -19.32719951136919]}