{"rotation": [-0.9998045637669324, -0.006338930199826046, 0.002289009610703057, -0.01858528099701117], "translation": [-217.70951335638526, 3058.9945070478766, -19.25579628202249]}