{"rotation": [-0.9995864947786096, -0.007780213943061539, 0.0026220969328850387, -0.027557799891999538], "translation": [-255.8703173594086, 3057.3211332072137, -19.39767524697972]}