{"rotation": [-0.9683876056989296, 0.0015709507685929796, -0.009325195761387853, -0.24927097297196307], "translation": [-270.28841597347684, 3055.5526668363314, -19.232426687330264]}