{"rotation": [-0.9997461259729845, -0.014780842925617727, 0.001681635480484, -0.016922836243623764], "translation": [-261.7555107398227, 3057.0304463618118, -19.419518848867884]}