{"rotation": [-0.7052288727637787, -0.011348666439849256, -0.010967701863444774, -0.7088040309607458], "translation": [-274.4714664071333, 3045.851853419797, -19.029852752844988]}