{"rotation": [-0.9995981087255611, -0.008183596689996799, 0.0034239419801670263, -0.026924457261257452], "translation": [-256.3418335414021, 3057.2945481730917, -19.404230994044838]}