{"rotation": [-0.9999342917850473, -0.009201828273514396, 0.0016946732642614077, 0.00662318286687412], "translation": [-229.2131391587823, 3058.87609902943, -19.29249298810144]}