{"rotation": [-0.9995492728152493, -0.008200360022456266, 0.0019299370817153062, -0.028814590971749633], "translation": [-251.35009241765525, 3057.595221166085, -19.350190679727316]}