{"rotation": [-0.9995401537149293, -0.00825259502016531, 0.0019279135752510344, -0.029114582878948084], "translation": [-254.7091205038067, 3057.3908478289304, -19.385382737957823]}