{"rotation": [-0.9999348376762813, -0.00912885329113834, 0.0011774576969573777, -0.0067526315070288905], "translation": [-223.26030977791274, 3058.8567704612074, -19.27653063035479]}