{"rotation": [-0.9987842671872836, -0.0133641560852706, 0.0027439873170083855, -0.04736937285729535], "translation": [-244.0017927297137, 3058.049272124685, -19.3051749654517]}