{"rotation": [-0.7499204990697594, -0.006069873051891641, -0.00941865929519176, -0.6614330582705843], "translation": [-274.3068219792617, 3048.8188793970517, -19.04326990732044]}