{"rotation": [-0.7534016687377914, -0.0054056999633135825, -0.009140032246853018, -0.6574748388809601], "translation": [-274.2885867211306, 3048.977292176549, -19.043447525220024]}