{"rotation": [-0.99951528805504, -0.011866269726995069, 0.00356733769431068, -0.028559668919500264], "translation": [-246.33256324502835, 3057.8811404770618, -19.31577729233714]}