{"rotation": [-0.99995573115798, -0.008824947348388231, 0.0024548244726543054, 0.0021517122057250365], "translation": [-226.9568827328277, 3058.848927098758, -19.28902063826519]}