{"rotation": [-0.9986103209924139, -0.012904256499488793, 0.003218993705314929, -0.05099553952208714], "translation": [-243.65238135227918, 3058.0835459319997, -19.302244230241946]}