{"rotation": [-0.8053289888844297, -0.0033268086076725977, -0.01420399328968112, -0.5926486299499026], "translation": [-273.86449732370266, 3050.9712055195305, -19.06478633714271]}