{"rotation": [-0.9995376866926654, -0.008285874260300216, 0.0019689234725977756, -0.02918699212280287], "translation": [-254.63035664149942, 3057.3954393433055, -19.38460276448722]}