{"rotation": [-0.9995255509028624, -0.011710663726940343, 0.0036211114757286555, -0.028256344404120677], "translation": [-246.51379754962073, 3057.870699468343, -19.316505574006733]}