{"rotation": [-0.9995521839351148, -0.017180031496650237, -0.004957391011717432, -0.023993798837897384], "translation": [-263.9997478927061, 3056.9305795562586, -19.38673121067347]}