{"rotation": [-0.683326151921799, -0.012058576039432167, -0.010056356802450393, -0.7299444023564462], "translation": [-274.3262685632947, 3042.6172194699698, -19.025744632951113]}