{"rotation": [-0.6810703524518366, -0.012066504642147485, -0.01003423970093013, -0.7320497855408993], "translation": [-274.27965547763773, 3041.9819645970074, -19.020348806021797]}