{"rotation": [-0.688614086255848, -0.01217433713792035, -0.010111387489539993, -0.7249552990138854], "translation": [-274.40404182767526, 3043.6862471155414, -19.028774271593726]}