{"rotation": [-0.7067770462996896, -0.01109954169144141, -0.010934245931831706, -0.7072647660275666], "translation": [-274.4625729334536, 3046.0010412490174, -19.03117074894861]}