{"rotation": [-0.8259050921566627, -0.0008452291811715493, -0.014669798769615185, -0.5636176552782788], "translation": [-273.63077359210115, 3051.6434613480014, -19.07452321831988]}