{"rotation": [-0.9997618218933382, -0.006559155937732665, 0.002262573845082597, -0.02069197229587228], "translation": [-216.43119504103572, 3059.0422669714203, -19.24969440508463]}