{"rotation": [-0.9998573568083432, -0.007787546076540615, 0.00221623212869969, -0.014822566494738822], "translation": [-219.80438360447693, 3058.9266870746987, -19.2669349980642]}