{"rotation": [-0.6944706660628639, -0.012020256411305939, -0.010774594335462765, -0.7193399165421832], "translation": [-274.4485189808864, 3044.562937275988, -19.030564317546293]}