{"rotation": [-0.9581036052873521, 0.0027151394563831813, -0.009705524175156249, -0.28624449750797976], "translation": [-270.791512718141, 3055.2444256996228, -19.21446434333313]}