{"rotation": [-0.9997340871243168, -0.00985784839035761, 0.0028637541314988947, -0.020648892926645204], "translation": [-259.3559046457938, 3057.1341284447217, -19.41736573845782]}