{"rotation": [-0.9995835367362865, -0.0174148302780749, -0.004543678359699241, -0.022557299464394796], "translation": [-263.79559776744145, 3056.9391019097434, -19.392303997628453]}