{"rotation": [-0.9997438026904085, -0.006275602159892517, 0.0023714944322800915, -0.021617627386233684], "translation": [-215.78790832326348, 3059.069986201519, -19.24651233862475]}