{"rotation": [-0.6781356375006105, -0.012232209749778782, -0.010466764748128935, -0.7347604215198212], "translation": [-274.1767552142988, 3040.903108151749, -19.020956549701747]}