{"rotation": [-0.9988692322732545, -0.01350382203168472, 0.002656257694450481, -0.045506569893109326], "translation": [-244.1829188198594, 3058.032564643525, -19.303968282371052]}