{"rotation": [-0.6746762678281382, -0.008781113658675833, -0.01535540526878294, -0.7379017801858451], "translation": [-273.96868398151827, 3039.128060084033, -19.03045357655648]}