{"rotation": [-0.9980891238367964, -0.007815281278516233, 0.0031651201116722517, -0.061212778665181655], "translation": [-240.8571662237683, 3058.4249968086774, -19.294069138420795]}