{"rotation": [-0.9997453483876434, -0.015000832033468492, 0.0011560158962881071, -0.01681894892140637], "translation": [-261.95991413859844, 3057.017808315582, -19.418709882342547]}