{"rotation": [-0.9995152891609543, -0.011866243631278578, 0.003567348072025364, -0.028559639761559702], "translation": [-246.33257575173027, 3057.8811397519885, -19.315777384591655]}