{"rotation": [-0.9394285104152208, 0.0023257613682444575, -0.010940647748589851, -0.3425623547325927], "translation": [-271.4834443168134, 3054.7200898227134, -19.18614214765502]}