{"rotation": [-0.9999571136910762, -0.008944073226099027, 0.002246397770530238, 0.0008532466201885466], "translation": [-226.38430180487492, 3058.845857822338, -19.287099677647383]}