{"rotation": [-0.9995409183702129, -0.0073644056505025824, 0.002021201908506173, -0.029319494809623085], "translation": [-252.2213115906293, 3057.543031074108, -19.360731210657608]}