{"rotation": [-0.9995553329261182, -0.008879096632685428, 0.0017907363802854652, -0.028409352776169274], "translation": [-250.71245547152256, 3057.63286151811, -19.343190496194577]}