{"rotation": [-0.9989726477998087, -0.007906386920974607, 0.000906712414722724, -0.04461295626039846], "translation": [-238.61694444981057, 3058.676353432693, -19.285779967359076]}