{"rotation": [-0.9989010705728865, -0.007968213136231243, 0.0008272635772545691, -0.046178722619088626], "translation": [-238.78608020384104, 3058.6608228906025, -19.28627528774105]}