{"rotation": [-0.9992935218410379, -0.014371959838123746, -0.006031346396599973, -0.03419834553879143], "translation": [-264.9611943432574, 3056.876037103649, -19.370009606821434]}