{"rotation": [-0.6850119782271265, -0.01201921889587204, -0.010274517016107645, -0.728360187244318], "translation": [-274.3553213332101, 3043.0182963345865, -19.02828297292715]}