{"rotation": [-0.9991616051004949, -0.014183806888929236, 0.002378203776625272, -0.03833080565207608], "translation": [-244.8982351128062, 3057.971895174709, -19.305218602365]}