{"rotation": [-0.9995182120138373, -0.01665680857657924, -0.005383776080468156, -0.02563024650331028], "translation": [-264.19202569091595, 3056.921857290806, -19.384213680439196]}