{"rotation": [-0.9999176178331263, -0.008339677853910809, 0.00022758381485422452, -0.009754769388674018], "translation": [-234.4578877223051, 3058.894915328961, -19.287575826119525]}