{"rotation": [-0.9995981095828165, -0.008183655759170645, 0.0034240125630553954, -0.026924398504760517], "translation": [-256.34188012448413, 3057.294545511527, -19.404231689243392]}