{"rotation": [-0.9996746786848326, -0.007703495227717608, 0.0026424879537477104, -0.024170440936554582], "translation": [-213.86494783222582, 3059.1549447480365, -19.233059081398533]}