{"rotation": [-0.6736699724643813, -0.00882985897622326, -0.016016163610536677, -0.7388059855560867], "translation": [-273.8971157158547, 3038.412989285272, -19.029854812709402]}