{"rotation": [-0.7645863884679985, -0.00377787463089782, -0.009272359792400707, -0.6444434851688828], "translation": [-274.2222785602685, 3049.4478076712135, -19.045679989702418]}