{"rotation": [-0.9997453483933592, -0.015000831649063373, 0.0011560169045773331, -0.01681894885519676], "translation": [-261.9599136883621, 3057.0178083364867, -19.418709887963296]}