{"rotation": [-0.9985210316356641, -0.006897363038008978, 0.0016572096576973037, -0.0539020354023996], "translation": [-239.64988796740704, 3058.571701457499, -19.28874590431083]}