{"rotation": [-0.9999582174540083, -0.008662953887461598, 0.000746980716082753, -0.002821098359839192], "translation": [-224.83885830740743, 3058.845832890184, -19.27797651035006]}