{"rotation": [-0.9995314441204964, -0.011691101333833862, 0.003448682534572258, -0.028076982615170956], "translation": [-246.69368849685097, 3057.859401114923, -19.31763028685353]}