{"rotation": [-0.6742413903856986, -0.0087241627964297, -0.015855671991701268, -0.7382892618343795], "translation": [-273.9339802230033, 3038.790562214486, -19.03050143090001]}