{"rotation": [-0.993121290044125, -0.004772443983206259, -0.009790277951558637, -0.11658249224112247], "translation": [-267.9429579801887, 3056.451307989903, -19.299643505933044]}