{"rotation": [-0.7888416809950459, -0.00411764422099626, -0.012839710394686768, -0.6144485244249189], "translation": [-274.03021146135677, 3050.3754501531917, -19.056810317548333]}