{"rotation": [-0.8259057113941927, -0.0008451390126518269, -0.014669793215695722, -0.5636167481485187], "translation": [-273.6307662703843, 3051.643480815532, -19.074523555928728]}