{"rotation": [-0.9981861732811932, -0.007141682379382616, 0.002763541403834249, -0.05971367248753881], "translation": [-240.5102655415031, 3058.469390016086, -19.291844691751685]}