{"rotation": [-0.9427761288003937, 0.002564740168493055, -0.010677111703692049, -0.3332455436426397], "translation": [-271.3705602445462, 3054.814651174203, -19.19210180955625]}