{"rotation": [-0.9998737460356306, -0.008861867181169018, 0.0003464947395446116, -0.013184810963157463], "translation": [-234.9860382061971, 3058.8835602286667, -19.288137272316575]}