{"rotation": [-0.9997035524520899, -0.008184265536073126, 0.0008718958621371058, -0.022914292699366397], "translation": [-236.2020025250476, 3058.8420641821685, -19.287541590262165]}