{"rotation": [-0.7314320162596942, -0.00832397068809705, -0.010029253727257346, -0.681789799844451], "translation": [-274.3977620926962, 3047.8670526130977, -19.035858849593836]}