{"rotation": [-0.9994781389409317, -0.016046665464955295, -0.0056249877522813645, -0.0274647741555284], "translation": [-264.3883598910532, 3056.912214035108, -19.380211965722395]}