{"rotation": [-0.7067770278315813, -0.011099544765521144, -0.010934246519320588, -0.7072647844256134], "translation": [-274.46257288644154, 3046.001039381006, -19.03117075375167]}