{"rotation": [-0.9999442460286941, -0.008116645642711636, 0.00043564454882085124, -0.006740557205770074], "translation": [-233.93256661561128, 3058.902153892011, -19.29042817990905]}