{"rotation": [-0.9995916555696878, -0.009580678618055232, 0.00039029319959026776, -0.026918030832260006], "translation": [-249.28680611281527, 3057.7161009018805, -19.324954498360647]}