{"rotation": [-0.9999279500472944, -0.008231007044676155, 0.00024757259067168403, -0.008734068070401437], "translation": [-234.28231895967764, 3058.8977710778204, -19.288742777437047]}