{"rotation": [-0.9999061656745769, -0.008985484543599284, 0.002203525964768598, -0.010102741548954677], "translation": [-221.85128256375623, 3058.879132130954, -19.27628111735365]}