{"rotation": [-0.7888414749166313, -0.004117628256302757, -0.012839682881096858, -0.6144487896744607], "translation": [-274.0302132967639, 3050.375442487201, -19.056810243319635]}