{"rotation": [-0.6745126309713101, -0.00876725108903367, -0.015575997510433514, -0.7380469051964502], "translation": [-273.9569305304364, 3039.015901655301, -19.030587529608425]}