{"rotation": [-0.6792162551706907, -0.01232314629687796, -0.010226245428488448, -0.7337634787052878], "translation": [-274.22949269141776, 3041.3739212473306, -19.01661252285067]}