{"rotation": [-0.9999555046141905, -0.009022057532997004, 0.0013679726705420252, 0.002391635512278792], "translation": [-231.7890823038789, 3058.906649900949, -19.294449104343062]}