{"rotation": [-0.9995861632399503, -0.01074137036162291, -0.0007395463993895928, -0.026675424890956975], "translation": [-248.52737995562543, 3057.7574685333166, -19.314548821894277]}