{"rotation": [-0.7025136372815164, -0.011557590482562122, -0.01094358264454701, -0.7114922694833962], "translation": [-274.461609037716, 3045.55618859207, -19.031335742609432]}