{"rotation": [-0.7888416662751621, -0.004117643080661026, -0.012839708429430394, -0.6144485433713172], "translation": [-274.03021159245753, 3050.3754496056213, -19.05681031224628]}