{"rotation": [-0.7499202126823907, -0.006069922971170713, -0.009418681224266288, -0.6614333822007455], "translation": [-274.3068234272062, 3048.8188659379175, -19.04326986486847]}