{"rotation": [-0.9996483827545093, -0.007104610474004225, 0.0030441859470927085, -0.025364705758715626], "translation": [-209.8223147106964, 3059.3570969149077, -19.201838663627797]}