{"rotation": [-0.7134576828986242, -0.010004020866830802, -0.010810642773679309, -0.7005434920704369], "translation": [-274.46173966869446, 3046.6140201397425, -19.03119600394034]}