{"rotation": [-0.9995730724854529, -0.009148680528059882, 0.001338004282351382, -0.02771613521267926], "translation": [-250.0862244441705, 3057.6697247767393, -19.337197652150188]}