{"rotation": [-0.9997963377271769, -0.006503310036851782, 0.00234637341404337, -0.018960077998031902], "translation": [-217.49784496851694, 3059.0025991015373, -19.254660963180903]}