{"rotation": [-0.7262281558399608, -0.0089023577912037, -0.010311185048211245, -0.6873187711345795], "translation": [-274.4237406666899, 3047.5517718609985, -19.033652309290236]}