{"rotation": [-0.9995456920262187, -0.007667184492839782, 0.0019316777739264623, -0.029084230344948194], "translation": [-251.78193154382026, 3057.569873843438, -19.354953067031712]}