{"rotation": [-0.9998045644527161, -0.00633891589916874, 0.002289006148546722, -0.018585249408868992], "translation": [-217.70953067897142, 3058.9945064661683, -19.255796344066983]}