{"rotation": [-0.6769447106795781, -0.011568596202377684, -0.011569057021527034, -0.7358520117418186], "translation": [-274.10806165840984, 3040.337360420153, -19.029516245513236]}