{"rotation": [-0.7370712055264756, -0.007998999607703028, -0.010125766448530301, -0.6756918845471312], "translation": [-274.37875048749714, 3048.1815680590507, -19.035750196762375]}