{"rotation": [-0.9999582200734178, -0.00888908702701415, 0.002091675104112204, 0.00040882109438846706], "translation": [-226.19229414778624, 3058.844876701241, -19.286784172274366]}