{"rotation": [-0.9980263203545113, -0.008669803948207426, 0.003609651004188982, -0.062090810904367695], "translation": [-241.20254558439706, 3058.3806218046707, -19.29527198208318]}