{"rotation": [-0.9999390673331398, -0.008970210192696592, 0.0018444730970678812, 0.006163997811785098], "translation": [-228.84154807666428, 3058.87011067572, -19.291497476732683]}