{"rotation": [-0.9867243435816009, -0.0017717057004640506, -0.009574836327914282, -0.16211185444520562], "translation": [-268.87745285200515, 3056.1790661304863, -19.277788841862574]}