{"rotation": [-0.768492691342632, -0.0034273312117936144, -0.00966126474926283, -0.6397764427651018], "translation": [-274.19672746066027, 3049.606686488387, -19.046133973626453]}