{"rotation": [-0.8053294717173262, -0.003326771781632449, -0.014204030681618747, -0.5926479731555665], "translation": [-273.86449238018207, 3050.9712224231353, -19.06478650065696]}