{"rotation": [-0.9997143875543513, -0.006311789300655013, 0.0027723002326753773, -0.02288272239207075], "translation": [-214.93582076593913, 3059.106920488488, -19.239590184032163]}