{"rotation": [-0.9999501814129086, -0.009914623655926817, 0.0011277854289499624, -0.0002510579193001133], "translation": [-232.5076403120282, 3058.908457993066, -19.295227728543594]}