{"rotation": [-0.9995861631569085, -0.01074137627472376, -0.0007395506113106726, -0.02667542550492089], "translation": [-248.5273759064092, 3057.75746874423, -19.314548777465806]}