{"rotation": [-0.9998237747089331, -0.0063080257414585865, 0.0022051453071585537, -0.017543251471719454], "translation": [-218.34139136354804, 3058.971833700288, -19.259429529854348]}