{"rotation": [-0.9999390679413973, -0.008970184608336389, 0.0018444984490068803, 0.006163928783942957], "translation": [-228.84150519356058, 3058.8701099423774, -19.291497603615603]}