{"rotation": [-0.9981365209441637, -0.010566893640919535, 0.003979263272732503, -0.05996658886470699], "translation": [-242.42088224052048, 3058.2254250454635, -19.30010465949844]}