{"rotation": [-0.9998856055039399, -0.007497249050819101, 0.0021554870157751843, -0.012958435029523898], "translation": [-220.62768262664682, 3058.9058788735533, -19.27111970261939]}