{"rotation": [-0.9999590101469876, -0.008860661280831012, 0.0017991282924674466, -0.00047942143300964236], "translation": [-225.80899553790658, 3058.8442115656403, -19.28385631200337]}