{"rotation": [-0.7765391895804999, -0.002983001817379297, -0.010699561519092593, -0.6299710375319783], "translation": [-274.1316404833104, 3049.922155710597, -19.052214136844526]}