{"rotation": [-0.6757549488139706, -0.009796243264576418, -0.013843563193009016, -0.7369312305293151], "translation": [-274.0420465740783, 3039.7867877117233, -19.03031970348196]}