{"rotation": [-0.9996570253708529, -0.006940873740242392, 0.0027129221686688276, -0.02510569560332465], "translation": [-209.18819283966252, 3059.389490446275, -19.194539417572493]}