{"rotation": [-0.9988279751182406, -0.007916975692527141, 0.0008937919741304585, -0.04774095467192025], "translation": [-238.96107288673824, 3058.6439736156613, -19.283854472048755]}