{"rotation": [-0.9990259211195975, -0.01390547272168921, 0.002459460769828641, -0.04180667186284774], "translation": [-244.54038470945966, 3058.000823764279, -19.304420192123438]}