{"rotation": [-0.6757549503793407, -0.009796245859777368, -0.013843560344023521, -0.7369312291129146], "translation": [-274.04204666311, 3039.7867884732646, -19.030319706191953]}