{"rotation": [-0.679650968978051, -0.012383406070257647, -0.010239110026704731, -0.7333596472721666], "translation": [-274.2340732212744, 3041.489069563715, -19.01937238992522]}