{"rotation": [-0.9999341734653531, -0.009138881368489159, 0.0016602540281039782, 0.006735958733255205], "translation": [-229.39962975891586, 3058.8793102217332, -19.29172991309558]}