{"rotation": [-0.9992236064157072, -0.014191176574236236, 0.002340242364561271, -0.03667857896241183], "translation": [-245.07402150369055, 3057.9590419332353, -19.307279790742534]}