{"rotation": [-0.9975889161057991, -0.010902526040638953, -0.007728981869377143, -0.06810104425082589], "translation": [-266.600368267787, 3056.7057513316663, -19.333683191867923]}