{"rotation": [-0.9995330076027805, -0.008161956811038061, 0.001992026124972099, -0.0293799422305791], "translation": [-254.24988883540226, 3057.4188721994783, -19.381935318055792]}