{"rotation": [-0.9995456259176824, -0.011868921475839494, 0.0014247462192062833, -0.027670209793924976], "translation": [-247.42093136472718, 3057.8172827259227, -19.31596891619081]}