{"rotation": [-0.9359963091831015, 0.001976328056931812, -0.01135825084798641, -0.35182096790938644], "translation": [-271.58949220621327, 3054.6270230955474, -19.18167348680751]}