{"rotation": [-0.9946134238102217, -0.006711411801330574, -0.0095688433459225, -0.10299287045792356], "translation": [-267.618941074182, 3056.5248754103736, -19.307704630236493]}