{"rotation": [-0.7806000312829985, -0.003242244204898216, -0.011350680802097035, -0.6249193876483802], "translation": [-274.1014738630119, 3050.0719986295685, -19.0520384456125]}