{"rotation": [-0.9997363641571707, -0.015270068768673404, 1.3602793793376553e-05, -0.017147215417234945], "translation": [-262.38058079247355, 3057.004397416436, -19.41209581145814]}