{"rotation": [-0.9996735564098659, -0.016590683533958626, -0.0026930897927273144, -0.019242585639543563], "translation": [-263.20279596583356, 3056.9705908519345, -19.399193718919115]}