{"rotation": [-0.7013825219124734, -0.01173530621904219, -0.01096127756927924, -0.7126041614653211], "translation": [-274.46934378614867, 3045.4319443817403, -19.030369370711703]}