{"rotation": [-0.9993382920952626, -0.013913790842674953, 0.0025495050680457024, -0.03350946732518944], "translation": [-245.43359323937173, 3057.934523330947, -19.308770746114966]}