{"rotation": [-0.9999474616748583, -0.008770738092552419, 0.002364930387954814, 0.004749225997988648], "translation": [-228.09279589695825, 3058.859651977188, -19.291111493420598]}