{"rotation": [-0.9995753113828202, -0.009192023772478878, 0.0012725523944828504, -0.027623978412015034], "translation": [-250.0067287994256, 3057.674186991366, -19.336315026016344]}