{"rotation": [-0.9999562108115395, -0.008961555680095115, 0.002363606511888685, 0.001296280632263163], "translation": [-226.57796238404936, 3058.846998195104, -19.2862274577807]}