{"rotation": [-0.7342029932553835, -0.008103112942438907, -0.010075333768187604, -0.6788068885220134], "translation": [-274.38855846856615, 3048.0273473533293, -19.03627633114201]}