{"rotation": [-0.6755524747886675, -0.009433563106299985, -0.01418090278339181, -0.7371151631124367], "translation": [-274.0293285355934, 3039.6775607313193, -19.02999028157228]}