{"rotation": [-0.9981365246698669, -0.010566919323588832, 0.0039792552076342485, -0.05996652286035598], "translation": [-242.42089743271364, 3058.2254231933775, -19.300104697636378]}