{"rotation": [-0.9983050718426638, -0.006971396364070587, 0.002321942038772927, -0.057732068654409836], "translation": [-240.16280050122998, 3058.5123457796954, -19.2905404390414]}