{"rotation": [-0.9995660197559131, -0.007868863738931453, 0.0019732618108400913, -0.0283188871710321], "translation": [-255.4030545370167, 3057.3490964264533, -19.39156426937977]}