{"rotation": [-0.9998573559882297, -0.007787543283470087, 0.0022162175754557585, -0.014822625458839538], "translation": [-219.80435676936844, 3058.926687750712, -19.26693489997169]}