{"rotation": [-0.6903746642776799, -0.012126814109405843, -0.010248042819735114, -0.7232777757690345], "translation": [-274.4163434764866, 3043.9628176993288, -19.030003496043165]}