{"rotation": [-0.9982435908262559, -0.00698784533913238, 0.0025607968539426073, -0.05877368213147692], "translation": [-240.3382926597409, 3058.4906737171127, -19.291471218879447]}