{"rotation": [-0.9994978367226603, -0.012230201356300076, 0.003401728386942951, -0.029033167334757713], "translation": [-246.1509796987856, 3057.8915873076744, -19.31513810761167]}