{"rotation": [-0.9581009946304504, 0.002715185847985624, -0.009705652584303436, -0.28625323083218696], "translation": [-270.7916256160369, 3055.2443502588826, -19.21446071662957]}