{"rotation": [-0.676944620269831, -0.011568504549880038, -0.01156921291166395, -0.7358520939039437], "translation": [-274.10805683323036, 3040.337321046, -19.029516594025644]}