{"rotation": [-0.9683875345825393, 0.001570961789541322, -0.009325196898837472, -0.24927124913837304], "translation": [-270.28841993352455, 3055.5526646220874, -19.232426535207257]}