{"rotation": [-0.9994705372651275, -0.012676330999316214, 0.0031900462386326043, -0.029795626799054543], "translation": [-245.9718887057526, 3057.9018560862296, -19.313352897696472]}