{"rotation": [-0.9999505211353603, -0.009866801567798261, 0.0011982066538515086, 0.00040719621534825607], "translation": [-232.32473692006604, 3058.909239216692, -19.293890200641545]}