{"rotation": [-0.9982408803799391, -0.011203862027849043, 0.0038438600919332272, -0.05809339853665544], "translation": [-242.7731950286474, 3058.1821079160454, -19.30007981772739]}