{"rotation": [-0.6932866839712208, -0.012091144712544192, -0.010573085041475343, -0.7204828852376958], "translation": [-274.4373199118741, 3044.3891894736435, -19.030628861260105]}