{"rotation": [-0.9999511835179259, -0.009365612389893665, 0.0007938367254766759, -0.003047246119869009], "translation": [-233.22021303098936, 3058.908151576253, -19.293680698055752]}