{"rotation": [-0.999584220702793, -0.00929682017195511, 0.0010308062581661406, -0.02727438899661399], "translation": [-249.68740199194104, 3057.692947642765, -19.328817876011406]}