{"rotation": [-0.9659802872357589, 0.0018997034722109817, -0.009473835913570865, -0.25843514124770495], "translation": [-270.4149875683777, 3055.4794085271483, -19.22844781132523]}