{"rotation": [-0.9982719704722814, -0.011088606973136126, -0.0067824297399758805, -0.057307193367030225], "translation": [-266.1972222695744, 3056.7563861816293, -19.34497786437583]}