{"rotation": [-0.9996679977146995, -0.00787617105283941, 0.00250506194249755, -0.024404608976469223], "translation": [-213.65115562288705, 3059.165517628311, -19.231600881858785]}