{"rotation": [-0.9769802409017565, -0.00015185577870029842, -0.008923543807033354, -0.21314304162531883], "translation": [-269.74351126173593, 3055.83047806974, -19.25457314220396]}