{"rotation": [-0.9996695027716995, -0.008977612692387069, 0.0045939662610982555, -0.02364705420386604], "translation": [-257.97764260001765, 3057.2006128485978, -19.41901467684058]}