{"rotation": [-0.9990423982178399, -0.007883169006606025, 0.0008763366100719427, -0.043027598628161814], "translation": [-238.44056671113628, 3058.69196871024, -19.28552340210371]}