{"rotation": [-0.999726404309564, -0.009556931612091405, 0.0031168616162012006, -0.021120292566568655], "translation": [-259.12635427568046, 3057.1440901400706, -19.418047927855294]}