{"rotation": [-0.6964654931560285, -0.011993136113493714, -0.010816166311646327, -0.7174085252319017], "translation": [-274.45394202922483, 3044.8211670704645, -19.031282478115685]}