{"rotation": [-0.674839721692472, -0.0088185964747905, -0.015155852017627456, -0.7377559776320769], "translation": [-273.9806243013065, 3039.2397075037275, -19.03021397796822]}