{"rotation": [-0.999593777001882, -0.00792279312674422, 0.0030001184025083842, -0.027212306365935808], "translation": [-256.1044732714703, 3057.307972555464, -19.40149568205062]}