{"rotation": [-0.998527069182208, -0.012525891233339553, 0.0033724953272865114, -0.05268225920049356], "translation": [-243.47403534289685, 3058.1019670356623, -19.302783081583772]}