{"rotation": [-0.9999404735561156, -0.008752156511953636, 0.0014780922575062321, 0.006345419138228946], "translation": [-230.1400539332005, 3058.8898724988694, -19.295042930050226]}