{"rotation": [-0.9998573567289283, -0.007787545806075689, 0.002216230719447021, -0.014822572204484234], "translation": [-219.80438100591894, 3058.9266871401596, -19.266934988565446]}