{"rotation": [-0.7432597458137864, -0.007232627492258495, -0.009984202516421313, -0.6688893444004734], "translation": [-274.3456613709956, 3048.5042330939036, -19.039352448883594]}