{"rotation": [-0.9992065245972567, -0.01387252408814248, -0.00603388781305569, -0.036843811903157345], "translation": [-265.1480099749197, 3056.8599191577823, -19.366985877682847]}