{"rotation": [-0.9996735549563747, -0.01659069537312308, -0.0026931290299563844, -0.019242645450883434], "translation": [-263.2028096337702, 3056.9705903110093, -19.399193522432075]}