{"rotation": [-0.9994638610881554, -0.006402370313652829, 0.000877103260806167, -0.03209720740178276], "translation": [-237.2356105279319, 3058.7857279940627, -19.287418779444454]}