{"rotation": [-0.9996407151238466, -0.007594302867641419, 0.003064552352017744, -0.02552206397454941], "translation": [-210.24287847290807, 3059.3346137830918, -19.206344612777215]}