{"rotation": [-0.9993596004972372, -0.006570416459333626, 0.000887638108936375, -0.03516291541014482], "translation": [-237.58406804386314, 3058.7616597322794, -19.28605814686254]}