{"rotation": [-0.8259054583405155, -0.0008451758603643388, -0.014669795485328426, -0.563617118850667], "translation": [-273.6307692624384, 3051.6434728600525, -19.074523417963285]}