{"rotation": [-0.9999515914701312, -0.009015025361779257, 0.0006920105228566723, -0.0038813857724339876], "translation": [-233.39787330680747, 3058.9067230679693, -19.29440204474968]}