{"rotation": [-0.9999270746668347, -0.009224880044724203, 0.0013910864907955098, -0.00766888614871631], "translation": [-222.8614723540941, 3058.8620573235426, -19.27595764442552]}