{"rotation": [-0.9996381564556918, -0.00775107418651043, 0.0030293487707074578, -0.02557928952974351], "translation": [-210.6662812501525, 3059.3128516655515, -19.2086242620667]}