{"rotation": [-0.706777004655915, -0.011099548623189813, -0.01093424725656152, -0.7072648075133575], "translation": [-274.46257282744426, 3046.0010370368336, -19.031170759779027]}