{"rotation": [-0.9995480939206177, -0.007913338092621862, 0.0019018477534009314, -0.02893734602576264], "translation": [-251.5627341377884, 3057.582820313436, -19.353555895139284]}