{"rotation": [-0.9788736634921692, -0.000499631475969854, -0.008853764230869218, -0.20427362078533784], "translation": [-269.6035195800313, 3055.893976527302, -19.25944429563076]}