{"rotation": [-0.9996361382790404, -0.00725501282373409, 0.0010667460199517522, -0.025958002396631607], "translation": [-236.54759201401268, 3058.8261001378614, -19.288798643525343]}