{"rotation": [-0.9999505211456349, -0.00986680009027678, 0.0011982076493353491, 0.0004072038566589913], "translation": [-232.32473489777962, 3058.9092392104685, -19.293890210488755]}