{"rotation": [-0.9806633299647283, -0.0007772051133369378, -0.00881455164925813, -0.1955022580276886], "translation": [-269.4669526156512, 3055.953722336945, -19.262466064942284]}