{"rotation": [-0.9998951227672896, -0.007754514915786166, 0.0021569103015693677, -0.01203987967375997], "translation": [-221.0380712087159, 3058.895176159542, -19.27261112414986]}