{"rotation": [-0.9177144730737866, 0.0001608693320050942, -0.013194944774011657, -0.397021426958761], "translation": [-272.09571576387594, 3054.1341282748476, -19.15626452540639]}