{"rotation": [-0.9994978380991372, -0.012230177273760875, 0.0034017384533444723, -0.029033128913337262], "translation": [-246.150988778419, 3057.8915867964142, -19.315138176592164]}