{"rotation": [-0.689516316339046, -0.012071091941436048, -0.010281906172861798, -0.7240965547819066], "translation": [-274.4057923058267, 3043.8316054266884, -19.031033415610256]}