{"rotation": [-0.9288932319380573, 0.0010916122953447524, -0.012387470424242307, -0.370138788319673], "translation": [-271.798307056208, 3054.434885589363, -19.171131791409216]}