{"rotation": [-0.9634694781891068, 0.0022971868221012487, -0.009459081099756142, -0.2676412025743849], "translation": [-270.54393210640586, 3055.402569364904, -19.223279139849247]}