{"rotation": [-0.9996371994285886, -0.009124355104612089, 0.004119571521205005, -0.02500489538020226], "translation": [-257.4232274721916, 3057.230547815861, -19.4174932412673]}