{"rotation": [-0.851122773820138, -0.0004557154390121503, -0.014051775745671218, -0.5247783949502364], "translation": [-273.3053070034123, 3052.384020505866, -19.09580675186422]}