{"rotation": [-0.9998288556407492, -0.006512062567955079, 0.0021975129819268168, -0.01717624539633634], "translation": [-218.5526161797537, 3058.964921538188, -19.259689216588328]}