{"rotation": [-0.9995456258711759, -0.011868920269542012, 0.0014247532202027536, -0.027670211630851902], "translation": [-247.4209293501533, 3057.8172828358847, -19.315968927083723]}