{"rotation": [-0.9998387912008361, -0.006942834961316264, 0.00221688098202339, -0.01640957316514867], "translation": [-218.97207483363724, 3058.9511330257355, -19.261781036869525]}