{"rotation": [-0.9999552057624058, -0.008850502860512859, 0.0006670767887863657, -0.003287868053709987], "translation": [-224.64344240590214, 3058.846329620584, -19.277687391267154]}