{"rotation": [-0.6843164316857935, -0.012089632842422813, -0.010070184125875384, -0.7290154000391412], "translation": [-274.3512669836438, 3042.8757832313754, -19.02403463363311]}