{"rotation": [-0.9995746160388826, -0.011392580981074095, -0.0005849180578808184, -0.02684127307293047], "translation": [-248.15386340322334, 3057.7771975923697, -19.314234048466535]}