{"rotation": [-0.9996428274039001, -0.007271300010659159, 0.0029038894213576335, -0.025552167076783996], "translation": [-211.30414444856828, 3059.281186266456, -19.21169730613272]}