{"rotation": [-0.9996517232179903, -0.007027634124163786, 0.0029383479115037557, -0.02526679119853319], "translation": [-209.60940686628535, 3059.367929640909, -19.19991401294546]}