{"rotation": [-0.999647040563563, -0.016956745058377833, -0.0033392769899596624, -0.020177024525923362], "translation": [-263.3996898821882, 3056.9582773650864, -19.39786925284171]}