{"rotation": [-0.9939046106781639, -0.005735001834059837, -0.009721077301889222, -0.10966419325714949], "translation": [-267.77767697552315, 3056.4897328916963, -19.304793408751998]}