{"rotation": [-0.9995916555630511, -0.009580677847142113, 0.00039029441405423243, -0.026918031335488434], "translation": [-249.28680681458985, 3057.7161008637704, -19.324954508189325]}