{"rotation": [-0.7970865347953048, -0.004118905830719825, -0.013620232447048514, -0.6036974241545674], "translation": [-273.9494869175069, 3050.6730287498463, -19.06098926625743]}