{"rotation": [-0.9998523148648929, -0.007647240268092134, 0.0021269146150996645, -0.015242847825035558], "translation": [-219.5933596014941, 3058.93225863838, -19.26765539150195]}