{"rotation": [-0.9996470400614517, -0.016956752241257745, -0.0033392854991360268, -0.020177041957689133], "translation": [-263.39969308560427, 3056.9582772394638, -19.39786920644599]}