{"rotation": [-0.9997453480561233, -0.015000854328964806, 0.0011559574155125746, -0.016818952761564875], "translation": [-261.95994025230067, 3057.017807103127, -19.41870955633932]}