{"rotation": [-0.9994291609762227, -0.015518101631797038, -0.005806246158509389, -0.02944194656702511], "translation": [-264.5816966009578, 3056.898864789831, -19.376592415419346]}