{"rotation": [-0.9980263182535467, -0.008669842531380556, 0.003609670596517268, -0.06209083814811944], "translation": [-241.2025597639306, 3058.3806199825763, -19.295272070052075]}