{"rotation": [-0.9902869535373517, -0.0029972803014417073, -0.009909003372493714, -0.13865272307700843], "translation": [-268.4203269683457, 3056.324013689731, -19.288008509023726]}