{"rotation": [-0.7888379421298448, -0.004117354575769828, -0.012839211219328265, -0.6144533367985844], "translation": [-274.030244760083, 3050.3753110700372, -19.056808970865315]}