{"rotation": [-0.6807421911518454, -0.012196714295090725, -0.010116391420591453, -0.7323516696033495], "translation": [-274.2664038335087, 3041.85628956067, -19.021242499846515]}