{"rotation": [-0.6751767207081654, -0.009022379052618462, -0.01474451504596331, -0.7374534505757353], "translation": [-274.004587223599, 3039.4580218521196, -19.02982059419693]}