{"rotation": [-0.6746762793929793, -0.008781114333596901, -0.01535538955624795, -0.7379017699308512], "translation": [-273.9686848198206, 3039.128067983646, -19.030453555733768]}