{"rotation": [-0.9995383335626086, -0.007257070722087167, 0.0019666883180987633, -0.029437846396731967], "translation": [-253.33884375442514, 3057.4743810913783, -19.37443117846247]}