{"rotation": [-0.9983716870575065, -0.011822792793551912, 0.003567068148389337, -0.05569086170399962], "translation": [-243.11785033105792, 3058.142100454776, -19.30363821326636]}