{"rotation": [-0.9999462009475205, -0.008435635229200312, 0.0013516044405756124, 0.005882893364413076], "translation": [-230.50895187226155, 3058.8957173212434, -19.293191784984362]}