{"rotation": [-0.9991616114245769, -0.014183811242862873, 0.0023781994212430796, -0.038330639462214544], "translation": [-244.8982530709532, 3057.9718937847615, -19.305218684649432]}