{"rotation": [-0.9999519455765679, -0.008783982907945999, 0.0007125713226878586, -0.004294231481840236], "translation": [-224.25020918538868, 3058.84866822028, -19.27699104162058]}