{"rotation": [-0.7238523762301797, -0.009090211795299931, -0.010394389799705351, -0.689816687342464], "translation": [-274.4291471391267, 3047.393233562633, -19.033326441551797]}