{"rotation": [-0.8342289949372982, 9.974854315882125e-05, -0.014546952750473362, -0.5512262332489347], "translation": [-273.5254189617629, 3051.900430211009, -19.080979215267547]}