{"rotation": [-0.9996542989750472, -0.007083659050512918, 0.0021837807520098326, -0.025225689619715396], "translation": [-212.58269590311127, 3059.2165702031166, -19.221566957275122]}