{"rotation": [-0.9996624872790446, -0.007900393173677281, 0.002331865009854196, -0.024638541360054347], "translation": [-213.43718352530982, 3059.1752689333393, -19.229673273652825]}