{"rotation": [-0.9997488441732436, -0.012181493899733208, 0.0026027608674891772, -0.018630228568134247], "translation": [-260.24277328117415, 3057.092170310109, -19.423199916112466]}