{"rotation": [-0.7684959309969228, -0.0034270999598871132, -0.009661555328762193, -0.6397725481572862], "translation": [-274.19670607307336, 3049.6068153156525, -19.04613413553326]}