{"rotation": [-0.9996543691184318, -0.006975418771176561, 0.0028401956707618885, -0.025187678018201116], "translation": [-209.3996647174329, 3059.3783809770957, -19.196483389547403]}