{"rotation": [-0.7011571294187817, -0.01175527012290941, -0.01096196710762335, -0.7128255949155323], "translation": [-274.4683375798775, 3045.404261538957, -19.030391569081317]}