{"rotation": [-0.9999582201297779, -0.008889086538098803, 0.0020916573372071552, 0.0004087847705304228], "translation": [-226.1922787882227, 3058.844876659665, -19.28678409014159]}