{"rotation": [-0.9996428274661647, -0.007271298663248869, 0.0029038802792505647, -0.025552166063277475], "translation": [-211.30416249230424, 3059.281185379345, -19.2116973866968]}