{"rotation": [-0.9999051068309479, -0.008482002257787967, 0.00026228336595996696, -0.010851920499413189], "translation": [-234.63607944438988, 3058.8915536773156, -19.287782118103436]}