{"rotation": [-0.8426572349575335, 0.0002767352292967738, -0.01424410778855781, -0.5382618444443604], "translation": [-273.42031100902625, 3052.146218223688, -19.08694279639024]}