{"rotation": [-0.9492167383706369, 0.002784182789237528, -0.01017161954463493, -0.3144461322373757], "translation": [-271.1461177685362, 3054.9920042876092, -19.201327363075393]}