{"rotation": [-0.7287308791405941, -0.008656283646532172, -0.010176713250033661, -0.6846698540521806], "translation": [-274.41732327688857, 3047.709827803617, -19.033812169015132]}