{"rotation": [-0.9987115845820626, -0.0074550839395198425, 0.001167318956578018, -0.05018196799144257], "translation": [-239.22819807580564, 3058.6171787302796, -19.286491213170436]}