{"rotation": [-0.8342292546233833, 9.976593774350578e-05, -0.014546942929325917, -0.5512258404943322], "translation": [-273.5254158147731, 3051.9004379407006, -19.080979382187834]}