{"rotation": [-0.9999442459716036, -0.008116643979781924, 0.00043564378807224314, -0.006740567726582341], "translation": [-233.93256853333708, 3058.9021538702723, -19.29042816865255]}