{"rotation": [-0.9993715759758351, -0.013688215622526223, 0.0026624630942634116, -0.032588298128598044], "translation": [-245.545961590686, 3057.927580218922, -19.309991315119227]}