{"rotation": [-0.6999419773571308, -0.011818617530564346, -0.011020891405197412, -0.7140168685442179], "translation": [-274.46191666358453, 3045.2587723181264, -19.03101729227715]}