{"rotation": [-0.9138669293384064, 0.0001979485571923376, -0.013210509641990291, -0.4057988155637715], "translation": [-272.1903082464075, 3054.029944172958, -19.15133595947389]}