{"rotation": [-0.9998489455288964, -0.007265224116731923, 0.0021691701842519954, -0.01563960817922224], "translation": [-219.38876344276187, 3058.9385741577667, -19.26432101180642]}