{"rotation": [-0.9728814570941341, 0.0008268301073878734, -0.009175151347606034, -0.23112075500074963], "translation": [-270.0189927272209, 3055.6959278149516, -19.243613083451688]}