{"rotation": [-0.9997453481082014, -0.01500085082660715, 0.0011559666021478102, -0.01681895215832159], "translation": [-261.95993615014817, 3057.017807293589, -19.418709607550742]}