{"rotation": [-0.9996470360521532, -0.016956809595465267, -0.0033393534436199665, -0.02017718114769791], "translation": [-263.399718664396, 3056.9582762363893, -19.397868835981274]}