{"rotation": [-0.9215159698870453, 0.00033631331619606817, -0.013042897937569402, -0.38812122713126845], "translation": [-271.9957411389057, 3054.237335517757, -19.16219448407137]}