{"rotation": [-0.6923182922797765, -0.012043099306838535, -0.010530546420234791, -0.7214148969393348], "translation": [-274.42748360811237, 3044.250014275214, -19.03114517452579]}