{"rotation": [-0.8011916775290227, -0.003736178266403295, -0.013910503949378396, -0.5982344312308232], "translation": [-273.9075584721693, 3050.8234827285023, -19.06290823441466]}