{"rotation": [-0.9992935079177575, -0.014371862040005996, -0.006031357305021947, -0.03419879155737791], "translation": [-264.96122830571716, 3056.8760349261, -19.37000887096568]}