{"rotation": [-0.8094822713312453, -0.002921259218415214, -0.01437155005463992, -0.5869611377203895], "translation": [-273.8180733514457, 3051.1082950510013, -19.06664427177887]}