{"rotation": [-0.8300281886675871, -0.0003488375396707633, -0.014678091930962624, -0.5575281499142817], "translation": [-273.58038980865155, 3051.774039484032, -19.077388228568857]}