{"rotation": [-0.9996423707943638, -0.009039908187961843, 0.004236110914123826, -0.024808585951245167], "translation": [-257.51050439326787, 3057.226220834584, -19.417147772352962]}