{"rotation": [-0.9998118701345668, -0.00918629180598284, 0.0004867837701783826, -0.017076282453641314], "translation": [-235.50742323265152, 3058.8684677272176, -19.288222002899673]}