{"rotation": [-0.9995842212724525, -0.00929682044006752, 0.0010307812549235251, -0.02727436897261385], "translation": [-249.6873829480168, 3057.6929486759273, -19.32881759589889]}