{"rotation": [-0.9999518764232603, -0.008228304920125738, 0.0012366688746186917, 0.005197161324863452], "translation": [-230.8772803386647, 3058.9000642373016, -19.293606349332947]}