{"rotation": [-0.9995359518656249, -0.0075261402393120925, 0.00188622099512401, -0.029456413758889494], "translation": [-253.56353597517818, 3057.460769921829, -19.376992057090078]}