{"rotation": [-0.9995861633102164, -0.010741365358229884, -0.0007395428354563735, -0.026675424371449045], "translation": [-248.52738338188541, 3057.7574683548523, -19.314548859487562]}