{"rotation": [-0.8053294459398135, -0.0033267737477044625, -0.014204028685334841, -0.5926480082205717], "translation": [-273.86449264410777, 3050.9712215206837, -19.064786491927194]}