{"rotation": [-0.9999555046187266, -0.009022055866554957, 0.0013679722362947763, 0.002391640150485038], "translation": [-231.78908104206167, 3058.9066498994744, -19.29444910362492]}