{"rotation": [-0.9996806742459768, -0.009080096178079103, 0.004558179941919511, -0.023137078210591085], "translation": [-258.20523229723807, 3057.189565818814, -19.42088587045381]}