{"rotation": [-0.8896859621852804, -0.0009705054921156087, -0.01242433446535358, -0.456402873262904], "translation": [-272.6964836260738, 3053.398936474561, -19.132344578119156]}