{"rotation": [-0.9999356417468246, -0.008993500257242073, 0.0016097306308876119, 0.006725926314285711], "translation": [-229.58392003172617, 3058.8813919866625, -19.29456975843041]}