{"rotation": [-0.9999534671192002, -0.008780230605308938, 0.002600270054377639, 0.003034755748402942], "translation": [-227.3394437708717, 3058.8524646871197, -19.287998039560037]}