{"rotation": [-0.9999487795643232, -0.008324849148848677, 0.0005121726185936088, -0.005733481811107193], "translation": [-233.7533797695301, 3058.9041587343154, -19.290529894019066]}