{"rotation": [-0.9999518761690747, -0.00822831143001277, 0.0012366699420996463, 0.00519719967027388], "translation": [-230.8772617899752, 3058.9000639916785, -19.29360645868765]}