{"rotation": [-0.9995791377445072, -0.009237406645029589, 0.0012025679884157025, -0.02747310566090342], "translation": [-249.8849915549901, 3057.6810562182445, -19.333557226917964]}