{"rotation": [-0.678135527393967, -0.012232179368063392, -0.0104668311047899, -0.7347605227015382], "translation": [-274.17674933201744, 3040.903060675557, -19.020957486371476]}