{"rotation": [-0.9991106657157902, -0.0077607862180791186, 0.0009420516935619951, -0.04143380731762923], "translation": [-238.27089997041924, 3058.7068486754765, -19.28591134645045]}