{"rotation": [-0.9999562108565119, -0.008961564695716882, 0.0023635996860731914, 0.001296196056048154], "translation": [-226.5779273961705, 3058.846997958389, -19.28622743947903]}