{"rotation": [-0.9980925352133745, -0.01034747433167016, 0.004020703593752309, -0.06072935755386758], "translation": [-242.24485787578737, 3058.2475728554923, -19.299842593327458]}