{"rotation": [-0.8768690776106728, -0.0019516902994581018, -0.01272195321090107, -0.48055693059374616], "translation": [-272.91613434214884, 3053.07131054505, -19.122976672328345]}