{"rotation": [-0.6783920745299202, -0.012324954967276302, -0.010320624177209694, -0.7345241816418562], "translation": [-274.1897475995565, 3041.017753113671, -19.019910336743006]}