{"rotation": [-0.9999212396727005, -0.008968281953696054, 0.0017043026305830517, -0.008612765104903932], "translation": [-222.45722043475695, 3058.8684757967794, -19.277066894942035]}