{"rotation": [-0.999848944115196, -0.007265115628783329, 0.0021691576531922157, -0.015639750691868883], "translation": [-219.38869510000137, 3058.9385760239097, -19.264320508821267]}