{"rotation": [-0.9608437216075307, 0.0026173385596285426, -0.00958106895107857, -0.27691279368062605], "translation": [-270.6645145744922, 3055.326580783801, -19.220116053013868]}