{"rotation": [-0.9359968783187965, 0.00197639054656305, -0.011358181017233465, -0.3518194556613595], "translation": [-271.5894747936115, 3054.627038677402, -19.181674351915586]}