{"rotation": [-0.9939045977668702, -0.005734982912189069, -0.00972107912892097, -0.10966431110184444], "translation": [-267.7776798558528, 3056.4897322410184, -19.304793323973392]}