{"rotation": [-0.9995660208282257, -0.007868829523391194, 0.0019732786109786446, -0.02831885765850122], "translation": [-255.4030749629438, 3057.3490952522857, -19.39156445536276]}