{"rotation": [-0.9998045651405155, -0.006338901556450674, 0.0022890026762075774, -0.01858521772782039], "translation": [-217.70954805250636, 3058.99450588275, -19.255796406293836]}