{"rotation": [-0.9999270743971159, -0.009224872242460313, 0.0013911056265041, -0.007668927230766255], "translation": [-222.86145440547307, 3058.86205752705, -19.275957704975657]}