{"rotation": [-0.9980115800657667, -0.009883832031486274, 0.004128283067707704, -0.06211403382423299], "translation": [-241.7226484980173, 3058.3132774059764, -19.298800494905926]}