{"rotation": [-0.9981846700508782, -0.010883381676564408, 0.0038989471186820454, -0.05910765339672589], "translation": [-242.59542498259495, 3058.2043200916028, -19.3006315821687]}