{"rotation": [-0.974976806674859, 0.00029625879994773656, -0.009041260832376054, -0.22212247585370348], "translation": [-269.8834450702789, 3055.7637236685814, -19.248709467709833]}