{"rotation": [-0.7401500765487034, -0.007652958971912271, -0.010066069063341348, -0.6723228172965239], "translation": [-274.35997646460436, 3048.3400337553844, -19.038177092598477]}