{"rotation": [-0.9993025574725461, -0.006773553548234268, 0.0008347569006514795, -0.03671267876462648], "translation": [-237.7531164315707, 3058.74887894725, -19.286154476290594]}