{"rotation": [-0.6833261673443237, -0.012058573045328893, -0.010056354506823208, -0.7299443879999771], "translation": [-274.3262689666509, 3042.617223163974, -19.025744595982584]}