{"rotation": [-0.7342028746276426, -0.008103121843394769, -0.010075331108329122, -0.6788070167639363], "translation": [-274.38855885513766, 3048.0273407322643, -19.036276314974057]}