{"rotation": [-0.9996981753079972, -0.007040040281601417, 0.0028541744478949574, -0.023363428834727584], "translation": [-214.50877434675544, 3059.125738355597, -19.236195842945463]}