{"rotation": [-0.9995526229105206, -0.011817660394261369, 0.0009080979917879559, -0.027460376791693115], "translation": [-247.60954876825247, 3057.806162529383, -19.31264438848559]}