{"rotation": [-0.9994978397902342, -0.012230147686641251, 0.00340175082063777, -0.029033081709877628], "translation": [-246.1509999333973, 3057.891586168297, -19.31513826133983]}