{"rotation": [-0.999748122214587, -0.014573915531603003, 0.002003100201055962, -0.016949357040002912], "translation": [-261.5416275303133, 3057.0373168096426, -19.422226694999345]}