{"rotation": [-0.999615769379906, -0.009180771692953777, 0.003856477095710987, -0.025868023166654534], "translation": [-257.04387294285715, 3057.2526185407773, -19.41316340486204]}