{"rotation": [-0.9999590102093184, -0.008860655636672663, 0.0017991150219698326, -0.0004794455404791029], "translation": [-225.80898543274634, 3058.8442115235416, -19.283856263114973]}