{"rotation": [-0.721492449165524, -0.009260593389559871, -0.010521335158785549, -0.6922804263545832], "translation": [-274.44634914552284, 3047.239214234238, -19.031945190942626]}