{"rotation": [-0.999540707093292, -0.011828603773122861, 0.002145854669326094, -0.027818236895217046], "translation": [-247.2450959690428, 3057.827022269774, -19.313997258802864]}