{"rotation": [-0.9997048106481098, -0.009271084796624907, 0.004005582640932117, -0.022097372274262898], "translation": [-258.6651330134152, 3057.1649123316047, -19.420400403795096]}