{"rotation": [-0.9997164855028867, -0.00934387626689221, 0.003582045475068164, -0.021605775623202556], "translation": [-258.89741872871525, 3057.154185666851, -19.418693133503258]}