{"rotation": [-0.999742223628617, -0.015107222347723584, 0.0006396538866691095, -0.016936616248533754], "translation": [-262.17191145685564, 3057.0109826891594, -19.415184668240315]}