{"rotation": [-0.9996407144781209, -0.0075943732630674035, 0.003064549540789059, -0.025522068656857282], "translation": [-210.242917742238, 3059.334611905908, -19.206344964332224]}