{"rotation": [-0.9999348376400911, -0.009128854462635925, 0.0011774588509872055, -0.006752635081139341], "translation": [-223.26030824279474, 3058.856770481363, -19.27653063304035]}