{"rotation": [-0.9996049527638601, -0.00848351413319141, 0.003582931119197208, -0.026554302900059158], "translation": [-256.5710400071566, 3057.2782137482523, -19.40918647157675]}