{"rotation": [-0.9998122409346568, -0.00625269620542978, 0.0022228019734824487, -0.018205653483712985], "translation": [-217.91983384640784, 3058.987334389707, -19.25733991036019]}