{"rotation": [-0.9215155166364019, 0.00033628891461864895, -0.013042927337952797, -0.3881223023153504], "translation": [-271.99575264850074, 3054.2373234731344, -19.16219398524999]}