{"rotation": [-0.9999507512597435, -0.009757244296879367, 0.000920379733560507, -0.0015633745398193617], "translation": [-232.86470681136697, 3058.9084020272467, -19.296001107502942]}