{"rotation": [-0.6932864478085391, -0.012091157831319387, -0.0105730663478338, -0.720483112539996], "translation": [-274.4373174294819, 3044.389156323306, -19.03062892639887]}