{"rotation": [-0.999659305664307, -0.007805149994124633, 0.0021378237537265227, -0.024814953997996325], "translation": [-213.2218391021029, 3059.185393500062, -19.22825971139688]}