{"rotation": [-0.917714634762788, 0.0001608701848779686, -0.013194938699059352, -0.3970210534162066], "translation": [-272.09571178790816, 3054.134132601446, -19.156264735626863]}