{"rotation": [-0.9997440978228462, -0.011777907718072555, 0.0026318317804463393, -0.019133562649108118], "translation": [-260.0244322014027, 3057.1041878313886, -19.42092155455843]}