{"rotation": [-0.9999507512594147, -0.009757244112800292, 0.0009203796594973854, -0.001563375942595347], "translation": [-232.86470715517885, 3058.908402026631, -19.29600110684829]}