{"rotation": [-0.9996522470964794, -0.006584576027625873, 0.002430615549698814, -0.025418897331422358], "translation": [-212.03198605587866, 3059.2447256686382, -19.217701424205178]}