{"rotation": [-0.9995383549633434, -0.007119841198395519, 0.001963723556480669, -0.02947080942690027], "translation": [-253.11175353877212, 3057.4890991490374, -19.372170433320925]}