{"rotation": [-0.999653045118815, -0.006582514329959761, 0.0023563658729670854, -0.025395027655998728], "translation": [-212.15399385706925, 3059.2386645464794, -19.21901777327089]}