{"rotation": [-0.9867242564774462, -0.0017716785781712859, -0.009574819512274643, -0.16211238590975705], "translation": [-268.87746298921724, 3056.1790626698858, -19.277788597736926]}