{"rotation": [-0.6757549326744635, -0.009796216507159724, -0.013843592567031859, -0.7369312451328918], "translation": [-274.0420456561417, 3039.786779859971, -19.030319675540525]}