{"rotation": [-0.9996624871687864, -0.007900386730171283, 0.0023318537374354864, -0.024638548966549823], "translation": [-213.4371737607113, 3059.175269383027, -19.229673198376442]}