{"rotation": [-0.7172680594134505, -0.009668145962684407, -0.01067058753235529, -0.6966485458684469], "translation": [-274.459263424231, 3046.9241550836223, -19.03094166348896]}