{"rotation": [-0.9993672575229974, -0.014941149167204718, -0.00600526372123711, -0.03171408930057633], "translation": [-264.7671141071457, 3056.887933815816, -19.374631322595935]}