{"rotation": [-0.990287068750796, -0.0029973228844195985, -0.009909001021770596, -0.1386518994432944], "translation": [-268.4203101212144, 3056.3240185591967, -19.28800895904311]}