{"rotation": [-0.9997132401139731, -0.015966669505857758, -0.0014417565738063013, -0.017788320429266407], "translation": [-262.79044998299, 3056.985196586782, -19.406191460326546]}