{"rotation": [-0.9995467980822332, -0.008150195104543977, 0.001903014946447923, -0.02891628083669806], "translation": [-254.94243179849667, 3057.3773118207564, -19.38600585483151]}