{"rotation": [-0.6870432916387231, -0.012196039044534576, -0.009955810924685223, -0.7264459056768677], "translation": [-274.3888738224159, 3043.4109588957026, -19.026869538467192]}