{"rotation": [-0.9999515914357678, -0.00901504729169572, 0.0006920162011311804, -0.0038813426776334176], "translation": [-233.3978639312719, 3058.9067231362337, -19.29440203719727]}