{"rotation": [-0.8259056052109054, -0.0008451544742410185, -0.014669794168051767, -0.5636169036980615], "translation": [-273.63076752587483, 3051.6434774773497, -19.07452349803728]}