{"rotation": [-0.6762189570643896, -0.010571625553787519, -0.01292362217136938, -0.7365114682269865], "translation": [-274.06814451156816, 3040.008251338024, -19.030904145255597]}