{"rotation": [-0.998134532026587, -0.007419490191739664, 0.0030004761479601526, -0.06052606285102704], "translation": [-240.6857380014496, 3058.446818223526, -19.2928694002986]}