{"rotation": [-0.9999459575077607, -0.008906833293885473, 0.0008433433076320897, -0.005295201283049716], "translation": [-223.85401685546753, 3058.8508611444763, -19.277787453248113]}