{"rotation": [-0.6923183200743659, -0.012043098976356937, -0.010530547621231571, -0.7214148702537608], "translation": [-274.42748391739593, 3044.2500182335043, -19.03114516179411]}