{"rotation": [-0.817673464456803, -0.0022010059276492593, -0.014810634062074682, -0.5754875378449088], "translation": [-273.72867776034576, 3051.3828428475117, -19.069339833142955]}