{"rotation": [-0.6999419694307412, -0.011818618103158289, -0.011020891810019464, -0.7140168762986341], "translation": [-274.4619166150029, 3045.2587713788002, -19.031017297058785]}