{"rotation": [-0.6856740679868015, -0.01212433335234583, -0.010135406444781548, -0.7277371411212922], "translation": [-274.36709154506445, 3043.1457439161154, -19.027367631841955]}