{"rotation": [-0.676218947375131, -0.010571606167094525, -0.012923642762424975, -0.7365114770400166], "translation": [-274.06814394573166, 3040.008246618456, -19.03090413684977]}