{"rotation": [-0.9999558945414527, -0.008906271323238596, 0.002432477756883298, 0.0017234717526677518], "translation": [-226.76997752273078, 3058.847515793569, -19.28696336950738]}