{"rotation": [-0.9999517950279053, -0.009680758058325033, 0.001243502289926405, 0.0010696943214333462], "translation": [-232.14215342593107, 3058.9085316866644, -19.29634071429431]}