{"rotation": [-0.9999242838585747, -0.009094711391608785, 0.0015337485742519176, -0.008146188675131468], "translation": [-222.65927237298345, 3058.864503385965, -19.27708803178538]}