{"rotation": [-0.9997879564171738, -0.006602976595583075, 0.0023915908130296556, -0.019357768379455582], "translation": [-217.28428278603582, 3059.0099062965023, -19.254448394710472]}