{"rotation": [-0.9997264048217727, -0.009556947343571723, 0.0031168317628968746, -0.0211202656083501], "translation": [-259.126368274708, 3057.144089517966, -19.418047884453372]}