{"rotation": [-0.6932864715471747, -0.012091156512644639, -0.010573068226883834, -0.7204830896919963], "translation": [-274.43731767900834, 3044.3891596555154, -19.030628919851136]}