{"rotation": [-0.999653800359704, -0.006769698614358836, 0.0022999784351254715, -0.025321151361460074], "translation": [-212.3684507957467, 3059.228027300018, -19.220441862726275]}