{"rotation": [-0.9996558635919296, -0.0073482559186393015, 0.0020952895320444443, -0.025095164534321684], "translation": [-212.79621365963925, 3059.206268154686, -19.22350167914718]}