{"rotation": [-0.9995255515267846, -0.011710660031316156, 0.0036211106053334373, -0.028256323976979175], "translation": [-246.51381001601888, 3057.870698766716, -19.316505628756875]}