{"rotation": [-0.9999509518696736, -0.009592689123973496, 0.0009232648213048349, -0.0022851153962749433], "translation": [-233.0465282757718, 3058.9083683102726, -19.29311283869497]}