{"rotation": [-0.9972239995896416, -0.010494301758813628, -0.008153233510240731, -0.07326451430509225], "translation": [-266.77326179174355, 3056.678940375934, -19.32976320087014]}