{"rotation": [-0.6843164095752488, -0.012089630414343086, -0.010070182635148405, -0.7290154208548539], "translation": [-274.35126643704257, 3042.875778250184, -19.02403467593063]}