{"rotation": [-0.9999555046248269, -0.009022053625477713, 0.001367971652307091, 0.002391646388072862], "translation": [-231.78907934513506, 3058.906649897492, -19.294449102659158]}