{"rotation": [-0.9989765784021939, -0.012862484861568187, -0.006004736879018101, -0.04294526076350033], "translation": [-265.5198728563732, 3056.828153838131, -19.360669987975687]}