{"rotation": [-0.7117011761524334, -0.010206871532151471, -0.010866531386555685, -0.7023241232738585], "translation": [-274.4610708205967, 3046.461740748854, -19.03170070269529]}