{"rotation": [-0.9552514417290352, 0.0028140664402825574, -0.00980036738485098, -0.2956192092943069], "translation": [-270.9111360044334, 3055.162731191022, -19.210653789101574]}