{"rotation": [-0.9994705403078411, -0.012676293438219079, 0.003190067844419759, -0.029795538400380534], "translation": [-245.97190528991547, 3057.9018551172876, -19.31335307478547]}