{"rotation": [-0.999951591452795, -0.009015036425520899, 0.000692013387571739, -0.0038813640309129705], "translation": [-233.39786857680755, 3058.9067231024087, -19.294402040939485]}