{"rotation": [-0.9999593551805764, -0.008828387841410355, 0.001682978967455837, -0.0007177302855176751], "translation": [-225.7128965091392, 3058.843914364386, -19.283403918285728]}