{"rotation": [-0.7645865197396532, -0.0037778630812371683, -0.009272372128726702, -0.6444433293145727], "translation": [-274.22227774086457, 3049.4478130634748, -19.045680009308175]}