{"rotation": [-0.9999442468799641, -0.00811667043884126, 0.0004356558924278135, -0.006740400328770617], "translation": [-233.93253802018774, 3058.902154216152, -19.29042834775558]}