{"rotation": [-0.9997638418173067, -0.006664214943323884, 0.0023051718289915975, -0.020555656562789352], "translation": [-216.52741432505047, 3059.0384367207357, -19.250105769685877]}