{"rotation": [-0.9999533224251473, -0.008866473352234266, 0.0006431450492914612, -0.003784836277687997], "translation": [-224.44649874963787, 3058.8468541424504, -19.27797858128033]}