{"rotation": [-0.9995896478546458, -0.009356220107325654, 0.0006811656175772927, -0.027065347966173683], "translation": [-249.48177374973483, 3057.7042210400286, -19.32870920734024]}