{"rotation": [-0.686308929013367, -0.01211344947202559, -0.010046788625096302, -0.7271398629814875], "translation": [-274.37936511338734, 3043.2794232796277, -19.026643216297572]}