{"rotation": [-0.9995387670554621, -0.007259989909046719, 0.0020729629773545673, -0.02941510707547934], "translation": [-252.66418800082636, 3057.5160689798354, -19.36724001926749]}