{"rotation": [-0.9998978539297094, -0.0080659819496777, 0.002268691397158506, -0.011579062194038758], "translation": [-221.2434326847629, 3058.890763843424, -19.272974258074818]}