{"rotation": [-0.9999554351397035, -0.00859762991902066, 0.0012564183182843219, 0.003691870440724117], "translation": [-231.4220959160679, 3058.9053063392025, -19.29569364919713]}