{"rotation": [-0.995828625553874, -0.00814878912832388, -0.009132994691423564, -0.09041866052530763], "translation": [-267.28545375849535, 3056.5909652659725, -19.316333236315092]}