{"rotation": [-0.7287309716932987, -0.008656272795471029, -0.01017670938359034, -0.684669755738015], "translation": [-274.4173230434061, 3047.7098335103783, -19.03381217612743]}