{"rotation": [-0.6736699378943294, -0.008829859203554283, -0.016016189508488866, -0.7388060165141618], "translation": [-273.8971157472605, 3038.412990018842, -19.02985487531639]}