{"rotation": [-0.9996530452264902, -0.0065825131566377695, 0.00235636493876364, -0.025395023808272712], "translation": [-212.15400636439526, 3059.2386639237316, -19.219017892953655]}