{"rotation": [-0.9989512222687655, -0.013667132091877202, 0.00254387358390035, -0.04362560870992913], "translation": [-244.36110191559115, 3058.01590761844, -19.30445631136483]}