{"rotation": [-0.9999571137793513, -0.008944071195953418, 0.0022463842792136003, 0.0008531999656765605], "translation": [-226.38428106600156, 3058.8458577111924, -19.287099651885818]}