{"rotation": [-0.9983050741055092, -0.006971395641785038, 0.0023219351084571567, -0.05773202989114142], "translation": [-240.16279447190433, 3058.5123464995804, -19.290540415657468]}