{"rotation": [-0.9995391127920277, -0.007283978285910684, 0.0020714431417459102, -0.029397530212029566], "translation": [-252.58103953024442, 3057.5209755865894, -19.36636869439527]}