{"rotation": [-0.9997048102508633, -0.00927108016410413, 0.004005598848848855, -0.022097389251637196], "translation": [-258.66512485202975, 3057.164912761806, -19.420400418346546]}