{"rotation": [-0.9988279693401418, -0.00791697199863608, 0.000893790052194663, -0.04774107620869143], "translation": [-238.96108590708985, 3058.6439723419953, -19.283854455305427]}