{"rotation": [-0.7607520586401184, -0.004114581910248279, -0.00903072409131394, -0.6489667337490516], "translation": [-274.2444988323456, 3049.2940742959836, -19.0463613782482]}