{"rotation": [-0.9999505211705559, -0.009866796506501256, 0.0011982100639131776, 0.0004072223909019183], "translation": [-232.3247299926592, 3058.9092391953714, -19.293890234373528]}