{"rotation": [-0.8094820720061563, -0.00292127507663445, -0.014371536474045021, -0.5869614128645272], "translation": [-273.81807546032246, 3051.1082882341857, -19.066644199284735]}