{"rotation": [-0.9994336792979772, -0.013137782638867144, 0.0029519546264718914, -0.030838374083682767], "translation": [-245.79135767319625, 3057.9131675393796, -19.31209725525415]}