{"rotation": [-0.6843165304835367, -0.012089643691943465, -0.010070190786971779, -0.7290153070271507], "translation": [-274.35126942604654, 3042.875805489103, -19.024034444632857]}