{"rotation": [-0.8094821156395172, -0.0029212716051835014, -0.01437153944691171, -0.5869613526339754], "translation": [-273.8180749986772, 3051.1082897264255, -19.066644215154106]}