{"rotation": [-0.9992411212989979, -0.007097877715470542, 0.0009036795566580128, -0.03828818355989921], "translation": [-237.92593473589739, 3058.7351581734933, -19.284423748580753]}