{"rotation": [-0.9996981755075326, -0.00704003154801192, 0.0028541767131313365, -0.02336342265173747], "translation": [-214.50877979679805, 3059.12573810292, -19.236195879624066]}