{"rotation": [-0.7970864368636323, -0.00411891419209333, -0.013620226732821806, -0.6036975535296325], "translation": [-273.9494878717124, 3050.67302521674, -19.060989239415665]}