{"rotation": [-0.9997164870079919, -0.009343879215386187, 0.0035819874896655876, -0.02160571431894329], "translation": [-258.89744565412497, 3057.1541844541352, -19.418692975867266]}