{"rotation": [-0.9995451463139154, -0.00752514043792769, 0.001945925706700364, -0.029139082257801496], "translation": [-251.91575751310498, 3057.5610350443385, -19.357749810392967]}