{"rotation": [-0.9706826599948823, 0.001220854341334756, -0.009289816392832335, -0.24018197769883648], "translation": [-270.1537114391893, 3055.625738206043, -19.2382688799484]}