{"rotation": [-0.9997879552648269, -0.006602998595082251, 0.0023915979001961686, -0.01935781951598916], "translation": [-217.28425816949874, 3059.0099071272257, -19.25444835514566]}