{"rotation": [-0.8011944920926349, -0.003735816770216584, -0.013910633544998536, -0.5982306610228708], "translation": [-273.90753130674574, 3050.823579656319, -19.0629083799051]}