{"rotation": [-0.7534014298878692, -0.005405745371350489, -0.009140048872010169, -0.6574751119749793], "translation": [-274.28858795485127, 3048.977281543262, -19.043447518024486]}