{"rotation": [-0.70385231333062, -0.011489726916340018, -0.010908375591844845, -0.7101696378587794], "translation": [-274.46675096438076, 3045.702316774521, -19.030551302046405]}