{"rotation": [-0.6975345505647591, -0.01193388219980815, -0.010857425559759772, -0.7163694923252071], "translation": [-274.4620384864893, 3044.9641144878465, -19.030509960317623]}