{"rotation": [-0.9989726556009908, -0.007906379525688591, 0.0009067189693315205, -0.044612782753498184], "translation": [-238.6169254669615, 3058.6763551307317, -19.285779972505622]}