{"rotation": [-0.9324856448543803, 0.00161107420371795, -0.011826388439020959, -0.36100978257785477], "translation": [-271.69377718618983, 3054.531970001252, -19.176777548870184]}