{"rotation": [-0.9997538373480115, -0.013222307620207268, 0.0025162483724874975, -0.017638134347212252], "translation": [-260.9021560043978, 3057.064098413269, -19.423792757104533]}