{"rotation": [-0.9997340862413558, -0.009857827395419202, 0.0028637764523274205, -0.020648942603302176], "translation": [-259.3558827108119, 3057.1341294062568, -19.41736573434275]}