{"rotation": [-0.9997132372688297, -0.015966743912674605, -0.0014418738509301165, -0.017788404034705108], "translation": [-262.7904837879991, 3056.98519550892, -19.406190900904598]}