{"rotation": [-0.9996945096403987, -0.01634001603206862, -0.0020892417529312815, -0.018426240523021168], "translation": [-262.9980239224703, 3056.978148325286, -19.402363113610573]}