{"rotation": [-0.9996264116795222, -0.009223838152247773, 0.004053437532852383, -0.0254072337461396], "translation": [-257.27889792757105, 3057.24046177582, -19.4152339982233]}