{"rotation": [-0.9996264118748572, -0.009223839015423304, 0.004053441256163449, -0.02540722515346302], "translation": [-257.2789022380284, 3057.2404615552264, -19.415234027277297]}