{"rotation": [-0.9996157691354427, -0.009180767232452956, 0.003856469962612985, -0.025868035259917797], "translation": [-257.0438665976981, 3057.2526188691886, -19.413163339824262]}