{"rotation": [-0.6870432796348952, -0.012196038605291027, -0.009955810194429085, -0.7264459170469871], "translation": [-274.3888737517369, 3043.410956843481, -19.026869484182363]}