{"rotation": [-0.9991008769615094, -0.013362081751846801, -0.00596591934999087, -0.03979070535073624], "translation": [-265.3363264627342, 3056.8462845106474, -19.363308766593462]}