{"rotation": [-0.6766987626821008, -0.011309674516583013, -0.011990404205011832, -0.7360754757861745], "translation": [-274.09471884358607, 3040.228216032203, -19.030410288784687]}