{"rotation": [-0.9999051082045438, -0.008481984783733236, 0.0002622818982686203, -0.010851807627945721], "translation": [-234.6360613449836, 3058.8915540475446, -19.28778219455636]}