{"rotation": [-0.7929400033006468, -0.004275974570623417, -0.013407810605172363, -0.6091371748808452], "translation": [-273.9914723419713, 3050.5301251243477, -19.059023420355324]}