{"rotation": [-0.9891789596286098, -0.002541410048735704, -0.00987275936622561, -0.14635933754127867], "translation": [-268.57280552925295, 3056.278448157269, -19.284821683235986]}