{"rotation": [-0.9998338431108932, -0.009225454318627372, 0.0003903058669395614, -0.015717023383803642], "translation": [-235.33066861897095, 3058.8736849754027, -19.287888465452745]}