{"rotation": [-0.9999507512567841, -0.009757242640167658, 0.0009203790669924025, -0.0015633871648032375], "translation": [-232.86470990567383, 3058.9084020217038, -19.296001101611054]}