{"rotation": [-0.7534012073621316, -0.00540578767595976, -0.009140064360914465, -0.65747536640422], "translation": [-274.28858910424526, 3048.9772716367106, -19.043447511321162]}