{"rotation": [-0.9983716748695146, -0.01182274619462003, 0.0035670911001534716, -0.05569108862054056], "translation": [-243.11781993963632, 3058.1421039322113, -19.303638171632322]}