{"rotation": [-0.9980569784191009, -0.010246857147719696, 0.00408346877836982, -0.06132369061190568], "translation": [-242.0705436289978, 3058.2693561521332, -19.299661672166316]}