{"rotation": [-0.9997538373592103, -0.013222304245505027, 0.0025162490138975935, -0.01763813615077176], "translation": [-260.9021545388666, 3057.064098463843, -19.423792758262596]}