{"rotation": [-0.999828856239496, -0.00651209364535417, 0.002197509356291003, -0.017176199224636132], "translation": [-218.5526444118828, 3058.964920631721, -19.25968931556825]}