{"rotation": [-0.9995480938949891, -0.007913332297560399, 0.001901848603342585, -0.028937348439905877], "translation": [-251.56273876807495, 3057.5828200428277, -19.35355593825836]}