{"rotation": [-0.9999597569586394, -0.008780105823521511, 0.0015751605771527686, -0.0009555491107036089], "translation": [-225.61607551793338, 3058.8436076877388, -19.282943200360762]}