{"rotation": [-0.9980263193499688, -0.008669822396138607, 0.0036096603719494493, -0.062090823930534715], "translation": [-241.20255236411572, 3058.3806209334653, -19.295272024144033]}