{"rotation": [-0.9999501814151429, -0.009914623445482756, 0.0011277842233890498, -0.0002510627464140758], "translation": [-232.50764181628935, 3058.9084579977866, -19.295227718684828]}