{"rotation": [-0.6769447198173753, -0.011568605465782702, -0.011569041265562694, -0.7358520034376125], "translation": [-274.1080621460946, 3040.3373643997347, -19.029516210288012]}