{"rotation": [-0.9581038488998598, 0.002715135127283834, -0.009705512192462037, -0.28624368254617816], "translation": [-270.79150218286804, 3055.244432739361, -19.214464681761452]}