{"rotation": [-0.6986763729445253, -0.011883045735497541, -0.010985496954419121, -0.7152548063241484], "translation": [-274.46695380644496, 3045.111552589876, -19.030395931349904]}