{"rotation": [-0.9996418203130221, -0.007348632768461783, 0.003011512177705462, -0.025556984800745114], "translation": [-211.0925383248588, 3059.2921251040257, -19.210528401915877]}