{"rotation": [-0.9996715666547238, -0.007723686628128695, 0.0009493667782219883, -0.024417251886341754], "translation": [-236.37255684833306, 3058.834232742508, -19.287349109201674]}