{"rotation": [-0.9999502669829258, -0.009880935112602567, 0.0010247886760732072, -0.0008834535899231679], "translation": [-232.68611979120155, 3058.9088881721036, -19.294211421344862]}