{"rotation": [-0.9922538149253957, -0.004069824507534547, -0.009915531479912693, -0.123763829651265], "translation": [-268.10052321232365, 3056.4109350407093, -19.29698368499647]}