{"rotation": [-0.703852167853224, -0.011489740684248585, -0.010908364627309416, -0.7101697819877183], "translation": [-274.4667503554649, 3045.702300244045, -19.03055132278853]}