{"rotation": [-0.9996418203136388, -0.007348634055037308, 0.003011513808417035, -0.02555698421452675], "translation": [-211.09253411039754, 3059.292125301378, -19.210528391130257]}