{"rotation": [-0.9989765707809929, -0.01286245415477199, -0.006004739270986254, -0.0429454469071141], "translation": [-265.5198833328892, 3056.8281528543307, -19.36066977336463]}