{"rotation": [-0.9994781290015118, -0.016046530602970156, -0.005625026161291393, -0.02746520678841028], "translation": [-264.38840392768117, 3056.912211762908, -19.380211175455866]}