{"rotation": [-0.7432621877995075, -0.007232297452634478, -0.009984047745095993, -0.6688866367716357], "translation": [-274.3456509338969, 3048.5043544918, -19.03935276419496]}