{"rotation": [-0.9997547828198637, -0.012769117547194297, 0.0025320228298685607, -0.017914037129082922], "translation": [-260.6796010756485, 3057.072302007393, -19.425211527085647]}