{"rotation": [-0.9996483842326804, -0.007104572073010831, 0.003044165487338292, -0.02536466071400014], "translation": [-209.8222448590605, 3059.3571004981773, -19.201837880166142]}