{"rotation": [-0.999953208749387, -0.008333386160265362, 0.0012034875002858755, 0.0047630457425350365], "translation": [-231.05695152152532, 3058.902360796075, -19.29438441843394]}