{"rotation": [-0.9995937766045656, -0.00792278507475533, 0.0030000949002622593, -0.02721232589600619], "translation": [-256.1044603774234, 3057.3079732703104, -19.40149547345522]}