{"rotation": [-0.9995814704643133, -0.011054975061601848, -0.0007659364915948847, -0.026722364642359536], "translation": [-248.34050338213356, 3057.767293269096, -19.313839939947826]}