{"rotation": [-0.9998183047472782, -0.006250289123439183, 0.0022187583795291645, -0.017870883845114056], "translation": [-218.13228973633517, 3058.9800191538916, -19.25746978718925]}