{"rotation": [-0.7025137744159174, -0.011557578994293103, -0.010943586377365764, -0.7114921342087299], "translation": [-274.46160968146074, 3045.5562041609433, -19.031335709779594]}