{"rotation": [-0.9995921968688686, -0.010125003271672619, -0.0002829177399313131, -0.026699142779690353], "translation": [-248.89956885712317, 3057.73692490062, -19.32045389000977]}