{"rotation": [-0.9793371555713507, -0.0005781216912538352, -0.00885034697846716, -0.20203978036784465], "translation": [-269.5679014256812, 3055.909655091086, -19.260521761002238]}