{"rotation": [-0.7401502398188972, -0.007652941879424586, -0.010066063887182848, -0.6723226378268385], "translation": [-274.3599758133923, 3048.3400421903552, -19.038177116364007]}