{"rotation": [-0.6964655012387969, -0.011993134661640214, -0.010816166981581025, -0.7174085173992609], "translation": [-274.45394209822064, 3044.8211681685107, -19.0312824743253]}