{"rotation": [-0.9997520661717253, -0.012409299316532459, 0.0026400864694008006, -0.018298781906811817], "translation": [-260.4651992623625, 3057.083998568899, -19.423640100075318]}