{"rotation": [-0.6803121337332776, -0.012209571659489259, -0.010227732868865568, -0.7327494254760831], "translation": [-274.2609216298699, 3041.7345655256618, -19.017184112035327]}