{"rotation": [-0.9999308057597242, -0.009212017156548612, 0.001267464162564393, -0.007205273569607796], "translation": [-223.06056651093377, 3058.8598363400242, -19.276193254224435]}