{"rotation": [-0.6799690099276832, -0.012372685257997687, -0.010185815576643584, -0.733065693753644], "translation": [-274.2470570723807, 3041.6072347089794, -19.0182946984321]}