{"rotation": [-0.7193637257365932, -0.009367128257732017, -0.01056661755994447, -0.6944900529135839], "translation": [-274.44917981549736, 3047.0823060414054, -19.03194981929458]}