{"rotation": [-0.9987525361950745, -0.007635132629976752, 0.0010660030509069525, -0.04933497573856232], "translation": [-239.13445186923917, 3058.626825879875, -19.286503755338778]}