{"rotation": [-0.9997339348375346, -0.008527327971521802, 0.0007545740556449225, -0.021419029621362436], "translation": [-236.0286988880722, 3058.84945194669, -19.288895009387666]}