{"rotation": [-0.9997143877445757, -0.006311780721648239, 0.0027722984039315695, -0.02288271666934802], "translation": [-214.9358263837532, 3059.1069202413405, -19.23959021367685]}