{"rotation": [-0.9980569781077012, -0.010246856512251254, 0.004083469069562346, -0.061323695766798844], "translation": [-242.0705418379609, 3058.2693563770804, -19.299661665816696]}