{"rotation": [-0.9997209539845708, -0.00625644554812128, 0.0026721259114518073, -0.022621467600408156], "translation": [-215.14825717013187, 3059.096863198236, -19.241620597350913]}