{"rotation": [-0.9996384935647052, -0.007816646298493364, 0.0030648066196087955, -0.025541910357596648], "translation": [-210.4561857880543, 3059.324355168368, -19.207458093028357]}