{"rotation": [-0.6923182604808805, -0.012043099684931871, -0.01053054504621303, -0.7214149274694392], "translation": [-274.4274832542693, 3044.250009746661, -19.031145189091667]}