{"rotation": [-0.675002834237117, -0.008899092399696093, -0.014957518176368478, -0.7376098240779636], "translation": [-273.9924626946843, 3039.348237333431, -19.029962099998595]}