{"rotation": [-0.9997354628375793, -0.006382953910647026, 0.0024607020105219253, -0.021959216514282884], "translation": [-215.57556654143875, 3059.0795392445298, -19.244465871835605]}