{"rotation": [-0.9999487797360258, -0.00832487259701517, 0.0005121812994009113, -0.005733417043363719], "translation": [-233.75336783873453, 3058.9041588503333, -19.29052998848562]}