{"rotation": [-0.9987525409677158, -0.007635152895576614, 0.001065993843271192, -0.04933487618225475], "translation": [-239.134440789371, 3058.626826999392, -19.286503704770446]}