{"rotation": [-0.999698175808718, -0.007040018365235327, 0.002854180132356062, -0.023363413318922367], "translation": [-214.50878802327756, 3059.1257377215206, -19.23619593498801]}