{"rotation": [-0.6803121367077399, -0.012209570720978977, -0.010227731800872717, -0.7327494227450255], "translation": [-274.2609217561834, 3041.734566552792, -19.017184096501705]}