{"rotation": [-0.99961576913326, -0.00918076719262706, 0.00385646989892461, -0.025868035367893283], "translation": [-257.0438665410449, 3057.2526188721204, -19.413163339243567]}