{"rotation": [-0.9998784995794541, -0.00762265972233086, 0.0021906920978298546, -0.013419463686367856], "translation": [-220.4217005207298, 3058.9108147456127, -19.270868436778397]}