{"rotation": [-0.9252414017300381, 0.0006195572408744137, -0.01275995454740681, -0.3791637485749498], "translation": [-271.9002347627628, 3054.3351798457957, -19.165825515907535]}