{"rotation": [-0.6746762957419722, -0.008781115287719835, -0.015355367343739178, -0.7379017554335627], "translation": [-273.9686860049107, 3039.128079151175, -19.03045352629678]}