{"rotation": [-0.6827336928364411, -0.012023286745988354, -0.010049498836292492, -0.7304992490173274], "translation": [-274.3227952463834, 3042.488760421266, -19.02084726702959]}