{"rotation": [-0.9999140749611247, -0.008962688992843732, 0.002031679494888442, -0.009348004016140837], "translation": [-222.15462119176217, 3058.8730747881395, -19.276039995725778]}