{"rotation": [-0.7134577242695406, -0.010004016728771112, -0.010810642697579385, -0.700543449997132], "translation": [-274.4617396928487, 3046.6140236169563, -19.031196004035944]}