{"rotation": [-0.9996570260529436, -0.006940834420836786, 0.002712869858205599, -0.02510568496694265], "translation": [-209.18811905619546, 3059.389493999492, -19.19453858445563]}