{"rotation": [-0.9983050706881502, -0.006971396732583618, 0.00232194557464832, -0.05773208843158742], "translation": [-240.16280357741635, 3058.5123454124064, -19.290540450972024]}