{"rotation": [-0.9999426837001764, -0.008966126079729084, 0.0009586582340192607, -0.005772250167991251], "translation": [-223.65699616341132, 3058.8531775780607, -19.276565403585032]}