{"rotation": [-0.9986763702001211, -0.007294603741459207, 0.0012636225189710088, -0.05089891568879654], "translation": [-239.30697629692952, 3058.60885045756, -19.286131251424536]}