{"rotation": [-0.9999166082419457, -0.008959094499480699, 0.00194035996705509, -0.009096493328247178], "translation": [-222.256767308351, 3058.871486215801, -19.27667902728332]}