{"rotation": [-0.9999494529965272, -0.008795658636338542, 0.0007905267138998648, -0.004806548513609899], "translation": [-224.05409034172024, 3058.8495278738046, -19.276561219117628]}