{"rotation": [-0.6773940906455864, -0.011953316797031604, -0.010996501699227583, -0.7354409841220216], "translation": [-274.13522820201564, 3040.5585899944676, -19.026504177815777]}