{"rotation": [-0.9997438024748172, -0.0062756052306294574, 0.002371495890188425, -0.021617636305245207], "translation": [-215.78790262071433, 3059.0699864512144, -19.246512307874788]}