{"rotation": [-0.9999507512622094, -0.009757245677472463, 0.0009203802890339281, -0.001563364018999383], "translation": [-232.8647042327779, 3058.908402031865, -19.296001112412835]}