{"rotation": [-0.8596190044256301, -0.0010083796712996116, -0.013547784494244174, -0.5107549392184324], "translation": [-273.18152293345673, 3052.6176422025683, -19.10535794219475]}