{"rotation": [-0.9999242838326236, -0.009094708883844376, 0.001533750373637099, -0.008146194321547302], "translation": [-222.65927005554158, 3058.8645034128735, -19.277088035360013]}