{"rotation": [-0.7083146993502315, -0.010863002185199595, -0.010946642733496645, -0.7057283137870981], "translation": [-274.46574211570515, 3046.1523980240877, -19.03056482591998]}