{"rotation": [-0.9996490917992342, -0.006764431198442077, 0.0026567342145625786, -0.025473073996692585], "translation": [-211.73040194580827, 3059.2605125107943, -19.214278556767628]}