{"rotation": [-0.9997510481895799, -0.006288319663097824, 0.0022785047126201072, -0.021286312407871058], "translation": [-216.00371964495503, 3059.0609156874957, -19.246597364176242]}