{"rotation": [-0.9996418203160755, -0.007348639138579645, 0.0030115202517164204, -0.025556981898249325], "translation": [-211.09251745813617, 3059.2921260811613, -19.210528348513712]}