{"rotation": [-0.9998785002250657, -0.007622657419654683, 0.0021906892119387036, -0.013419417361135099], "translation": [-220.42172264860704, 3058.9108142396726, -19.270868498870282]}