{"rotation": [-0.9981846645538166, -0.010883339335836524, 0.003898955460774112, -0.05910775347448632], "translation": [-242.5954049336268, 3058.204322493891, -19.300631500435507]}