{"rotation": [-0.7847428297985013, -0.0036525743879813194, -0.012158950818923221, -0.6196914633066716], "translation": [-274.0648097725328, 3050.2256077170487, -19.056056772077408]}