{"rotation": [-0.9986103212529406, -0.012904257509800001, 0.003218993088494928, -0.05099553420365197], "translation": [-243.65238190215985, 3058.0835458763495, -19.302244231831995]}