{"rotation": [-0.9999562108400839, -0.00896156140223088, 0.002363602179603689, 0.0012962269524841351], "translation": [-226.57794017755074, 3058.8469980448626, -19.28622744616472]}