{"rotation": [-0.9998710681830626, -0.007715138160419712, 0.0022443583442866215, -0.013902751858878331], "translation": [-220.21515662107456, 3058.9157036188967, -19.270710567730728]}