{"rotation": [-0.999958650000952, -0.008889264030492986, 0.0019180921849738153, -1.398713399967206e-05], "translation": [-225.99900062061232, 3058.844958804218, -19.285722288348527]}