{"rotation": [-0.9996695044176553, -0.008977633084495869, 0.004593982341711713, -0.02364697375571706], "translation": [-257.9776748209025, 3057.2006111567007, -19.41901476781644]}