{"rotation": [-0.9138671198286982, 0.00019794585251833359, -0.013210508564576666, -0.40579838661200307], "translation": [-272.1903037496606, 3054.029949250881, -19.151336174090932]}