{"rotation": [-0.985367501472397, -0.001488542184122537, -0.009318067584941777, -0.1701817995576912], "translation": [-269.02768055730735, 3056.12642874293, -19.27416882699735]}