{"rotation": [-0.9995981093661601, -0.008183640830387954, 0.0034239947243667234, -0.026924413354519124], "translation": [-256.34186835136006, 3057.2945461841937, -19.4042315135425]}