{"rotation": [-0.9999478119480515, -0.008846349182582404, 0.0008189426903273548, -0.005044285808121942], "translation": [-223.95304903429053, 3058.850123050528, -19.277198643035092]}