{"rotation": [-0.9999519456551492, -0.008783982773356423, 0.00071257037900611, -0.004294213615312739], "translation": [-224.25021556617142, 3058.8486682011107, -19.276991043137937]}