{"rotation": [-0.9983716697813079, -0.011822726740696824, 0.003567100681957856, -0.05569118335268804], "translation": [-243.1178072519561, 3058.142105383961, -19.303638154250663]}