{"rotation": [-0.9995524845855537, -0.008681590128176318, 0.0018814080125880348, -0.02856432837619606], "translation": [-250.92377632856326, 3057.620861066868, -19.345293771758374]}