{"rotation": [-0.999639678608606, -0.007546787184423463, 0.0030500363647158594, -0.02557843295923041], "translation": [-210.8803456381624, 3059.3023030411696, -19.20905852471878]}