{"rotation": [-0.9989726485322354, -0.007906386226657373, 0.00090671303011176, -0.044612939970449475], "translation": [-238.61694266757814, 3058.676353592116, -19.285779967842263]}