{"rotation": [-0.9997963384460655, -0.006503309113918754, 0.0023463693212956356, -0.018960040912858512], "translation": [-217.4978667232031, 3059.0025983751552, -19.254661040105933]}