{"rotation": [-0.9995336014072664, -0.007804548796396306, 0.001937770965712357, -0.029460375414936058], "translation": [-253.79406085612345, 3057.4468768842107, -19.377681495544387]}