{"rotation": [-0.9788737742952964, -0.0004996475365210619, -0.008853763510080196, -0.20427308981098782], "translation": [-269.60351103883096, 3055.893980315767, -19.259444595092795]}