{"rotation": [-0.9988719573553347, -0.012480143986823847, -0.006078550299873516, -0.04541046180609144], "translation": [-265.6480374533943, 3056.8162593332236, -19.35882777301108]}