{"rotation": [-0.9999487796434774, -0.008324859958287134, 0.0005121766203842108, -0.005733451953636875], "translation": [-233.75337426951796, 3058.9041587877996, -19.290529937567502]}