{"rotation": [-0.9999597572276143, -0.008780072633403068, 0.0015751069418471918, -0.0009556610091958511], "translation": [-225.6160307923569, 3058.843607504575, -19.2829429831634]}