{"rotation": [-0.999429150354522, -0.015517977689039036, -0.005806282887705522, -0.02944236520914566], "translation": [-264.5817351453318, 3056.898862695299, -19.376591521637643]}