{"rotation": [-0.9993382996806616, -0.013913744811096083, 0.0025495284064860836, -0.033509258445994505], "translation": [-245.43361756529956, 3057.934521779463, -19.30877093986869]}