{"rotation": [-0.6762189304461437, -0.010571572294838759, -0.012923678738932184, -0.7365114924380619], "translation": [-274.06814295710626, 3040.0082383724666, -19.03090412216252]}