{"rotation": [-0.9996806743024983, -0.009080096168282219, 0.004558180090826733, -0.023137075742987994], "translation": [-258.2052334162822, 3057.1895657659934, -19.420885869677733]}