{"rotation": [-0.9839059311017716, -0.001294453629737747, -0.009098559449034444, -0.1784507196637458], "translation": [-269.1762249938834, 3056.070504766841, -19.270457916463577]}