{"rotation": [-0.9931212450988152, -0.004772392295334886, -0.009790282653299617, -0.11658287683329457], "translation": [-267.9429669401644, 3056.4513058200027, -19.299643259124238]}