{"rotation": [-0.7847426849777113, -0.003652555135963658, -0.01215892190181893, -0.6196916473804831], "translation": [-274.06481096662395, 3050.225602325086, -19.05605672413192]}