{"rotation": [-0.6903741800336383, -0.012126891875460682, -0.010247940667141856, -0.723278238127213], "translation": [-274.41633680875333, 3043.962737848534, -19.03000366834954]}