{"rotation": [-0.9995336017549453, -0.007804500817609174, 0.0019377729344188925, -0.029460376199719227], "translation": [-253.79402133149406, 3057.446879272859, -19.37768119630127]}