{"rotation": [-0.999955731061923, -0.008824934463629006, 0.0024548318189062265, 0.002151801307865333], "translation": [-226.9569224341666, 3058.8489274315884, -19.28902064028991]}