{"rotation": [-0.999682456207271, -0.007541360342123092, 0.0027343443491233146, -0.023888030403704182], "translation": [-214.08046548290116, 3059.1452998594755, -19.233669947108755]}