{"rotation": [-0.9999554351557163, -0.008597636567672177, 0.0012564180274332046, 0.0036918507191697546], "translation": [-231.42210176407085, 3058.90530638733, -19.29569361975114]}