{"rotation": [-0.9996423728888163, -0.009039876415434932, 0.0042361441310212475, -0.024808507462393093], "translation": [-257.5105376121571, 3057.226219191946, -19.417147919752168]}