{"rotation": [-0.9998737436835333, -0.008861901709873067, 0.00034650492270390956, -0.013184965858852642], "translation": [-234.98606031655987, 3058.883559662486, -19.28813729661788]}