{"rotation": [-0.9999412333806307, -0.008920979460523707, 0.0019209832221269096, 0.005852839836214708], "translation": [-228.65506572062145, 3058.867201845502, -19.291575273059866]}