{"rotation": [-0.9996543693260463, -0.006975423331237991, 0.0028401877181710106, -0.025187669412236786], "translation": [-209.39963608163578, 3059.3783824612487, -19.19648308758129]}