{"rotation": [-0.9995407070805373, -0.0118286036911809, 0.002145857314120447, -0.027818237184334373], "translation": [-247.24509521897406, 3057.827022312891, -19.31399726629875]}