{"rotation": [-0.997588905493973, -0.010902520463552143, -0.007728993333476123, -0.0681011992914212], "translation": [-266.60037376724296, 3056.7057505795246, -19.333683026282454]}