{"rotation": [-0.7314321296458033, -0.008323961544333045, -0.010029253470609388, -0.6817896783179075], "translation": [-274.39776176093113, 3047.867059193775, -19.03585886700218]}