{"rotation": [-0.9998387903321291, -0.006942825034433514, 0.0022168857533509147, -0.016409629650993324], "translation": [-218.97204147301392, 3058.951134158883, -19.261780858662405]}