{"rotation": [-0.9998237737068089, -0.0063080240777229285, 0.0022051436200125293, -0.017543309394921994], "translation": [-218.3413604547011, 3058.971834725978, -19.2594294402067]}