{"rotation": [-0.9989512176386298, -0.013667124170079207, 0.002543882403860678, -0.043625716699372395], "translation": [-244.3610916978691, 3058.0159085216455, -19.304456257726784]}