{"rotation": [-0.9992818007694089, -0.01416519283719493, 0.0024425249775088167, -0.035060861864290443], "translation": [-245.25657005184692, 3057.946636778327, -19.30659289028527]}