{"rotation": [-0.9997354622247854, -0.006382951517664244, 0.0024607069164069907, -0.021959244558714466], "translation": [-215.575551235332, 3059.0795398457753, -19.244465800553805]}