{"rotation": [-0.9996593055290818, -0.007805147205451803, 0.0021378164354708715, -0.024814960953089663], "translation": [-213.22183020074638, 3059.185393926246, -19.228259624250832]}