{"rotation": [-0.9997792643955165, -0.006759753389005701, 0.002459722201576411, -0.01974026305729136], "translation": [-217.0732400394249, 3059.0174360911205, -19.25268717842798]}