{"rotation": [-0.9999404735456813, -0.008752156737977712, 0.0014780927126725294, 0.00634542036474655], "translation": [-230.14005291477298, 3058.889872484834, -19.295042928085014]}