{"rotation": [-0.7262281486040907, -0.008902358726265935, -0.010311185586235784, -0.6873187787598923], "translation": [-274.42374068246994, 3047.551771406068, -19.0336523091591]}