{"rotation": [-0.9996049526998652, -0.008483510383613228, 0.003582930252385954, -0.026554306623938602], "translation": [-256.5710367481715, 3057.2782139534156, -19.40918642899345]}