{"rotation": [-0.9980263195153509, -0.008669819358979201, 0.0036096588296961984, -0.06209082178598284], "translation": [-241.20255124794258, 3058.3806210768957, -19.295272017219332]}