{"rotation": [-0.6850123073307564, -0.012019210120118641, -0.010274474078919169, -0.7283598784775858], "translation": [-274.3553280334289, 3043.018360201791, -19.028282539516898]}