{"rotation": [-0.9995331778542902, -0.008021154067018605, 0.0019870672972859423, -0.02941324564704245], "translation": [-254.02029226257113, 3057.4325882352578, -19.38068609961533]}