{"rotation": [-0.9931212492025236, -0.004772397014662303, -0.009790282224010285, -0.11658284171835777], "translation": [-267.9429661220797, 3056.451306018124, -19.299643281658966]}