{"rotation": [-0.9997438016493542, -0.0062756169879555675, 0.002371501472269876, -0.021617670454613828], "translation": [-215.78788078662987, 3059.0699874072584, -19.246512190138247]}