{"rotation": [-0.9060185661559532, -0.00017223243983696218, -0.013347517763812627, -0.4230273890497423], "translation": [-272.3654927530547, 3053.828048429296, -19.14525158448383]}