{"rotation": [-0.9997209544564724, -0.006256444341934548, 0.002672120367931801, -0.022621447733855476], "translation": [-215.14826984941553, 3059.096862680184, -19.241620654433046]}