{"rotation": [-0.9999511140733435, -0.008641601877874609, 0.0006001913608388114, -0.004767803560758356], "translation": [-233.57531156981614, 3058.9056685597275, -19.292711346179058]}