{"rotation": [-0.9996735498794964, -0.01659073672563255, -0.002693266079992099, -0.019242854363348532], "translation": [-263.2028573739196, 3056.9705884216223, -19.399192836122644]}