{"rotation": [-0.9997630919262986, -0.008734016735583274, 0.0006272968804200526, -0.01992695341124353], "translation": [-235.85256443475484, 3058.856015278333, -19.286823522081495]}