{"rotation": [-0.8176740679716663, -0.0022009214880110923, -0.014810642885938696, -0.5754866804441053], "translation": [-273.72867088962136, 3051.38286292764, -19.069340118101398]}