{"rotation": [-0.8938644867548313, -0.0008201888212445429, -0.012760613191271851, -0.44815485421872014], "translation": [-272.6162043258744, 3053.5106003250535, -19.135992198192]}