{"rotation": [-0.6771747295072793, -0.011787504537717364, -0.011241280839331807, -0.7356419469134478], "translation": [-274.12166421626176, 3040.4483888943614, -19.028216355544135]}