{"rotation": [-0.9996428273966683, -0.007271300167157242, 0.002903890483188768, -0.025552167194499965], "translation": [-211.30414235283695, 3059.2811863694915, -19.21169729677537]}