{"rotation": [-0.9460504821826479, 0.0027343512760116344, -0.010323261732138789, -0.3238432317530949], "translation": [-271.2628867903319, 3054.9019350557714, -19.19581064586499]}