{"rotation": [-0.998009994255203, -0.00906073095162062, 0.003850067350603278, -0.0622826741778803], "translation": [-241.37513860966476, 3058.358036512802, -19.297170755908702]}