{"rotation": [-0.6738264407134408, -0.008781585264206807, -0.01590486538421799, -0.7386662621325096], "translation": [-273.8970133454383, 3038.40932743105, -19.029529772943974]}