{"rotation": [-0.7970867593456257, -0.004118886658681176, -0.013620245549364956, -0.6036971275066303], "translation": [-273.94948472957253, 3050.6730368510075, -19.060989327804037]}