{"rotation": [-0.9999061653371982, -0.008985483389333767, 0.0022035330267814847, -0.010102774426832441], "translation": [-221.85127057945328, 3058.879132318627, -19.276281109723275]}