{"rotation": [-0.99965586367015, -0.007348267666503181, 0.0020952879457585487, -0.025095158110925622], "translation": [-212.79622259307317, 3059.206267730488, -19.22350176100803]}