{"rotation": [-0.9099719186602436, 0.00017992391240599575, -0.013234564400117785, -0.4144585880185376], "translation": [-272.2771552292256, 3053.929549547595, -19.14877301090518]}