{"rotation": [-0.9996577123128066, -0.007606247176656891, 0.002087935127175304, -0.024944813976421776], "translation": [-213.01089996797114, 3059.196039512446, -19.22496667758434]}