{"rotation": [-0.9995496678581317, -0.008313771503771404, 0.00187297709070098, -0.028772115752920397], "translation": [-251.26612595156098, 3057.6000983941694, -19.351181756582495]}