{"rotation": [-0.9997260910570795, -0.015560637348352785, -0.0006370680788442103, -0.017470076396741592], "translation": [-262.5906102439264, 3056.997772034243, -19.40814538128526]}