{"rotation": [-0.999579137019294, -0.009237405179238616, 0.001202583712490369, -0.027473131851547337], "translation": [-249.885012507472, 3057.6810550173127, -19.333557532959908]}