{"rotation": [-0.9997022978886961, -0.006852554731769223, 0.0028066090531889526, -0.023248248005632615], "translation": [-214.60010775388932, 3059.1217258458923, -19.23844632537539]}