{"rotation": [-0.6764653017476693, -0.010964262727734306, -0.012429315152922435, -0.7362879821096505], "translation": [-274.0813162353258, 3040.1175975424544, -19.030871651529868]}