{"rotation": [-0.9995926648156653, -0.009834363354949593, 2.2681283822487155e-05, -0.026791588786021232], "translation": [-249.09067324794577, 3057.726729128105, -19.32310876141107]}