{"rotation": [-0.6803638659558282, -0.01220109436149761, -0.010218616573155538, -0.7327016603457048], "translation": [-274.2627282320131, 3041.754542163389, -19.01727164914364]}