{"rotation": [-0.9997276970182033, -0.006324643478546488, 0.00257207447646337, -0.022314012020173152], "translation": [-215.3622326283984, 3059.0881242745345, -19.242885168319955]}