{"rotation": [-0.9891788499003218, -0.002541359713381033, -0.009872751032304037, -0.14636008058120936], "translation": [-268.5728203054509, 3056.278443609223, -19.284821348372745]}