{"rotation": [-0.9999212396631665, -0.008968281881134176, 0.0017043031978835768, -0.008612766175087909], "translation": [-222.45721999837255, 3058.868475802965, -19.27706689604218]}