{"rotation": [-0.9998387889688803, -0.006942809456403613, 0.002216893240885962, -0.016409718292936117], "translation": [-218.9719891209517, 3058.951135937113, -19.261780579005368]}