{"rotation": [-0.999935641934649, -0.008993479318253677, 0.001609722658515304, 0.0067259282969963086], "translation": [-229.58394281690593, 3058.8813923008784, -19.294569877400775]}