{"rotation": [-0.876869181907893, -0.0019516859469485418, -0.012721948028482796, -0.48055674043811675], "translation": [-272.91613264488484, 3053.071313263898, -19.122976769382344]}