{"rotation": [-0.9996434699825807, -0.007311309314414112, 0.003106468649217793, -0.025491714925163833], "translation": [-210.03459329688724, 3059.3448054407577, -19.20237898231474]}