{"rotation": [-0.999645395878818, -0.007076992597300184, 0.0027943201566285455, -0.025518433512292583], "translation": [-211.51884980250907, 3059.2708609177503, -19.212097102388253]}