{"rotation": [-0.999956110345409, -0.008766645981997091, 0.001233484455277285, 0.0030662382825197934], "translation": [-231.6009201313699, 3058.906613954583, -19.296111931161906]}