{"rotation": [-0.9995383935640236, -0.007172861360974313, 0.002027444459724025, -0.029452322833863284], "translation": [-252.88875076952584, 3057.5026627295138, -19.369295266345855]}