{"rotation": [-0.9981861720409619, -0.0071416857548946625, 0.0027635466098576145, -0.05971369257485786], "translation": [-240.5102692850751, 3058.4693895455657, -19.29184470946051]}