{"rotation": [-0.9997276979018139, -0.0063246609340301884, 0.0025720589943234898, -0.02231396926901918], "translation": [-215.3622608508109, 3059.088123160642, -19.242885302299957]}