{"rotation": [-0.9996746782664798, -0.007703511144302869, 0.002642482826156372, -0.024170453727085216], "translation": [-213.8649386779939, 3059.1549451904193, -19.2330590209304]}