{"rotation": [-0.9427761264088507, 0.0025647400488967766, -0.010677111883658127, -0.3332455504036449], "translation": [-271.3705603236622, 3054.8146511084547, -19.192101806015422]}