{"rotation": [-0.998117344752387, -0.010447067952350928, 0.004003997326315961, -0.060304169682158716], "translation": [-242.34683381226023, 3058.2344768583894, -19.300074304262456]}