{"rotation": [-0.9995492727793373, -0.008200288547770022, 0.0019299554119850458, -0.02881461133069604], "translation": [-251.35014543425353, 3057.5952181166053, -19.35019100838608]}