{"rotation": [-0.9999549186823716, -0.009180319870758158, 0.0013110843254092429, 0.0020404381622344137], "translation": [-231.87984669642069, 3058.9071709004334, -19.29640118373567]}