{"rotation": [-0.6823054957318906, -0.01215167370207682, -0.010011842226158208, -0.7308976059172284], "translation": [-274.3099646107941, 3042.357943339668, -19.02159885331453]}