{"rotation": [-0.6823055231385365, -0.012151667127507343, -0.010011840904738976, -0.730897580460059], "translation": [-274.3099655718984, 3042.3579518149586, -19.02159877661072]}