{"rotation": [-0.9989512072400737, -0.013667106379040613, 0.0025439022120214653, -0.043625959225661606], "translation": [-244.36106875056942, 3058.0159105501043, -19.30445613726386]}