{"rotation": [-0.999946201169578, -0.008435624630824989, 0.0013515948107142484, 0.005882873029849397], "translation": [-230.5089653042194, 3058.895717537549, -19.293191697906657]}