{"rotation": [-0.8692851135534656, -0.001825762794981629, -0.013120187290497281, -0.4941335028411018], "translation": [-273.0367937691505, 3052.877658636631, -19.116000097345]}