{"rotation": [-0.8511229818270405, -0.00045572924013756645, -0.01405176431880997, -0.5247780578837454], "translation": [-273.3053041502555, 3052.3840262935996, -19.09580697515548]}