{"rotation": [-0.999704810589456, -0.009271084112628553, 0.004005585034047339, -0.02209737478098925], "translation": [-258.66513180837836, 3057.1649123951247, -19.420400405943653]}