{"rotation": [-0.999863930832147, -0.007783363944686609, 0.0022596088519351632, -0.01436778460405497], "translation": [-220.01009592397676, 3058.921614365648, -19.268494372284675]}