{"rotation": [-0.9996423729138354, -0.009039876035899624, 0.004236144527810121, -0.024808506524812923], "translation": [-257.5105380089698, 3057.226219172324, -19.417147921512942]}