{"rotation": [-0.9999524595011616, -0.008739429854941132, 0.002568012335735121, 0.00347942754370743], "translation": [-227.5261425723013, 3058.8537844426805, -19.290456458559795]}