{"rotation": [-0.8176739207730026, -0.0022009420830450153, -0.01481064073377825, -0.5754868895663111], "translation": [-273.7286725654104, 3051.382858030049, -19.069340048599074]}