{"rotation": [-0.7465046337582742, -0.006755300567430611, -0.009714826002942607, -0.6652749956577364], "translation": [-274.3309802838028, 3048.6617079069797, -19.039264677922734]}