{"rotation": [-0.9995896485853951, -0.009356239028102424, 0.000681111139427411, -0.02706531580808076], "translation": [-249.48174160466863, 3057.704222786309, -19.328708711048304]}