{"rotation": [-0.9999586500416436, -0.008889262672930692, 0.0019180769445376466, -1.4030682358933662e-05], "translation": [-225.99898000095598, 3058.8449587275654, -19.285722175143523]}