{"rotation": [-0.9999363273254852, -0.009113061023762161, 0.001765331026405343, 0.006416932286099981], "translation": [-229.02692367505313, 3058.8728746845622, -19.29291073617664]}