{"rotation": [-0.9963452982218943, -0.008687941954399744, -0.008797192644444533, -0.0845173105186037], "translation": [-267.1172177708997, 3056.6234500336964, -19.31987577975975]}