{"rotation": [-0.9996715754782628, -0.007723810560149348, 0.000949339402021533, -0.02441685249860718], "translation": [-236.37251226477065, 3058.834234876157, -19.2873492698792]}