{"rotation": [-0.6863089397320519, -0.012113448981101707, -0.010046787228280158, -0.7271398528921645], "translation": [-274.3793653223817, 3043.2794253511547, -19.026643204938306]}