{"rotation": [-0.677174734492405, -0.01178750888989903, -0.011241274497472482, -0.7356419423517014], "translation": [-274.1216645346451, 3040.448391504855, -19.02821631968699]}