{"rotation": [-0.9995383550730054, -0.007119838008405926, 0.0019637203152027796, -0.029470806694227986], "translation": [-253.11178322912045, 3057.4890973591364, -19.37217074927086]}