{"rotation": [-0.9996606866726379, -0.007843488608079686, 0.002192688672259777, -0.024742338693657894], "translation": [-213.31513958968884, 3059.1810272017633, -19.230031435354622]}