{"rotation": [-0.6833261370008197, -0.012058578936166233, -0.01005635902342303, -0.7299444162460381], "translation": [-274.3262681730564, 3042.617215896098, -19.025744668717355]}