{"rotation": [-0.9999534675455851, -0.008780228921325703, 0.0026002582527869175, 0.003034630235888151], "translation": [-227.33939459130883, 3058.8524641254876, -19.287997987331437]}