{"rotation": [-0.9999507512569896, -0.009757242755217077, 0.0009203791132818544, -0.0015633862880683755], "translation": [-232.86470969079141, 3058.9084020220885, -19.296001102020252]}