{"rotation": [-0.9252415066181158, 0.0006195715154895504, -0.012759944982497986, -0.3791634929238577], "translation": [-271.9002319614412, 3054.33518265366, -19.165825643291168]}