{"rotation": [-0.997913847741743, -0.011035403933826758, -0.007325799490316346, -0.06318627229956214], "translation": [-266.4230021746482, 3056.7291040298564, -19.33906111749286]}