{"rotation": [-0.999789144895369, -0.008934833757136149, 0.0005177828021429963, -0.01848151498360065], "translation": [-235.67792878844185, 3058.8625245645076, -19.288573598058765]}