{"rotation": [-0.9999543875157104, -0.008453233629191832, 0.0012559030822724415, 0.004264790351092268], "translation": [-231.24193982636316, 3058.903669867959, -19.29554896411136]}