{"rotation": [-0.9980925386340296, -0.010347481285509504, 0.004020698004315508, -0.06072930052027951], "translation": [-242.2448738125506, 3058.2475708681723, -19.299842633785797]}