{"rotation": [-0.9996381563621851, -0.007751058892513887, 0.0030293564725749193, -0.025579296906256765], "translation": [-210.6663210865873, 3059.312849553519, -19.208624511915602]}