{"rotation": [-0.9972240105987901, -0.010494314802007586, -0.008153224391561374, -0.07326436360278711], "translation": [-266.7732568037128, 3056.678941115472, -19.32976335050231]}