{"rotation": [-0.9995383934487614, -0.00717283015700775, 0.0020274400526281364, -0.029452334648393363], "translation": [-252.88881080581837, 3057.502659069185, -19.369295912911323]}