{"rotation": [-0.6975345898488793, -0.011933881793331887, -0.010857431252189072, -0.7163694539944474], "translation": [-274.4620388190716, 3044.9641198472923, -19.03050994020879]}