{"rotation": [-0.8768652495643301, -0.001951850049423617, -0.012722143420630522, -0.4805639098545112], "translation": [-272.9161966359837, 3053.071210754735, -19.122973110154515]}