{"rotation": [-0.9999539872122293, -0.0093392745445496, 0.001344598956051733, 0.0017301627073284752], "translation": [-231.96623743394787, 3058.9076398207767, -19.295291097690427]}