{"rotation": [-0.9823418339114038, -0.0010191511447359626, -0.0088340507687105, -0.18688349907238974], "translation": [-269.3261916365769, 3056.0122715844964, -19.265589106109115]}