{"rotation": [-0.7083145669256845, -0.010863025133480985, -0.010946644998918651, -0.7057284463085622], "translation": [-274.4657418335044, 3046.1523855827413, -19.030564870115352]}