{"rotation": [-0.9998951230835139, -0.007754529589012206, 0.002156916420493829, -0.012039842864948152], "translation": [-221.03808763662377, 3058.8951757907207, -19.272611217944437]}