{"rotation": [-0.7765394320003347, -0.002983005301518303, -0.010699596646676138, -0.6299707380978636], "translation": [-274.13163867123586, 3049.9221649599162, -19.05221418064135]}