{"rotation": [-0.9060148833451261, -0.000172602044273849, -0.013347558428526569, -0.4230352751835819], "translation": [-272.3655737391516, 3053.8279507305374, -19.145248363617036]}