{"rotation": [-0.9992935214825821, -0.01437195732028607, -0.006031346677440121, -0.0341983570216548], "translation": [-264.96119521762967, 3056.876037047588, -19.37000958787664]}