{"rotation": [-0.9980519583493556, -0.008265229269806199, 0.003358478785344706, -0.06174702454679286], "translation": [-241.02947973238892, 3058.4028986316225, -19.29474247724674]}