{"rotation": [-0.9999462008598661, -0.008435639412769515, 0.0013516082418366748, 0.005882901391214438], "translation": [-230.50894657017284, 3058.895717235859, -19.29319181935707]}