{"rotation": [-0.805329157429855, -0.003326795752586966, -0.014204006342309294, -0.5926484006788241], "translation": [-273.8644955980415, 3050.9712114201734, -19.064786394221372]}