{"rotation": [-0.9980519604953462, -0.00826520193947215, 0.003358466266111571, -0.0617469941991932], "translation": [-241.02946945764555, 3058.402899956815, -19.29474241739401]}