{"rotation": [-0.9989512112528817, -0.013667113244599198, 0.002543894568055907, -0.04362586563481189], "translation": [-244.36107760592802, 3058.0159097673213, -19.304456183750624]}