{"rotation": [-0.9492166486189609, 0.0027841813735363517, -0.010171625265873466, -0.3144464029975823], "translation": [-271.1461210974399, 3054.9920017599507, -19.201327224310273]}