{"rotation": [-0.9500142518391105, 0.0027759696222780126, -0.01012106608118225, -0.31203009360735], "translation": [-271.11626641303394, 3055.0144760572803, -19.202523065887284]}