{"rotation": [-0.9995504731445799, -0.008480461608139003, 0.0019116594757853794, -0.02869283822503348], "translation": [-251.13563489559124, 3057.6076179702486, -19.348174257315897]}