{"rotation": [-0.9999448194289153, -0.008880679375947293, 0.0022308888598673413, 0.005149249070537589], "translation": [-228.28025134530284, 3058.86222342889, -19.291186496203004]}