{"rotation": [-0.9997498735159305, -0.014261822296930857, 0.0021946203090597617, -0.017087260498710777], "translation": [-261.3271251544147, 3057.0445498764257, -19.424182894742874]}