{"rotation": [-0.99953839340665, -0.007172818756635763, 0.002027438442495261, -0.029452338964832965], "translation": [-252.88883274008316, 3057.502657731883, -19.369296149133927]}