{"rotation": [-0.999938503729097, -0.008827027181256006, 0.0015159222744433266, 0.006540208774503717], "translation": [-229.9525573905495, 3058.8876776907327, -19.294177441610024]}