{"rotation": [-0.9749767048879701, 0.0002962827353377514, -0.009041265651224243, -0.2221229224050525], "translation": [-269.88345183127853, 3055.7637203423055, -19.248709211837713]}