{"rotation": [-0.9999543875398178, -0.008453235031451053, 0.0012559028488482724, 0.004264781988018947], "translation": [-231.24194303172158, 3058.9036698939926, -19.29554896451297]}