{"rotation": [-0.9999459577975638, -0.008906828471865066, 0.0008433376769599077, -0.005295155564120044], "translation": [-223.8540355442568, 3058.8508609702963, -19.277787469573816]}