{"rotation": [-0.9999371387373595, -0.00887985844843419, 0.001603504807208734, 0.006655483454399361], "translation": [-229.77127857571608, 3058.884539994813, -19.293007694535422]}