{"rotation": [-0.9980284855483083, -0.010169051793859908, 0.00414636152441783, -0.06179433716670842], "translation": [-241.8960004964167, 3058.291393589466, -19.299580183575728]}