{"rotation": [-0.9996538003518457, -0.006769705716915166, 0.002299978025420951, -0.025321149810015656], "translation": [-212.3684555209007, 3059.2280270719443, -19.22044190336329]}