{"rotation": [-0.9999511835245547, -0.0093656020999527, 0.0007938325247034894, -0.00304727666457339], "translation": [-233.22021997592057, 3058.908151564845, -19.293680641548402]}