{"rotation": [-0.9981365235100755, -0.01056691132870831, 0.003979257718257124, -0.059966543407164945], "translation": [-242.42089270346332, 3058.2254237699217, -19.300104685764268]}