{"rotation": [-0.9999543874632023, -0.008453230574955988, 0.0012559035906894726, 0.004264808566553375], "translation": [-231.24193284482934, 3058.9036698112554, -19.295548963236637]}