{"rotation": [-0.999944246367429, -0.008116655509427922, 0.0004356490625959014, -0.006740494782284546], "translation": [-233.93255523710442, 3058.902154020992, -19.290428246697513]}