{"rotation": [-0.7011571264180104, -0.0117552705275935, -0.010961967215279486, -0.7128255978588538], "translation": [-274.46833756292165, 3045.4042611801506, -19.03039157000187]}