{"rotation": [-0.9995524841849109, -0.008681568517381808, 0.0018814124634109956, -0.028564348670921648], "translation": [-250.9238033493847, 3057.620859537609, -19.345294031841803]}