{"rotation": [-0.9995387667962609, -0.00725996183706832, 0.002072962051199653, -0.029415122876995946], "translation": [-252.66424765835467, 3057.5160654365604, -19.367240664019057]}