{"rotation": [-0.7342029070433647, -0.008103119411156856, -0.010075331835150948, -0.6788069817210873], "translation": [-274.3885587495051, 3048.027342541508, -19.036276319392027]}