{"rotation": [-0.9994978393707377, -0.012230155026081777, 0.0034017477527820625, -0.029033093419263075], "translation": [-246.1509971662708, 3057.891586324108, -19.315138240317147]}