{"rotation": [-0.6751767394089372, -0.009022400031799405, -0.014744486179099363, -0.7374534337747007], "translation": [-274.00458864145025, 3039.458034584929, -19.02982059308895]}