{"rotation": [-0.9997143872192766, -0.00631180441229997, 0.0027723034539488683, -0.02288273247246275], "translation": [-214.93581087033985, 3059.106920923831, -19.239590131813998]}