{"rotation": [-0.9986968045140769, -0.013189422771360615, 0.003020171081180328, -0.049209860261643014], "translation": [-243.82933081806243, 3058.0654456087864, -19.30272232186493]}