{"rotation": [-0.6789268652056507, -0.01239910320328494, -0.010158549475404186, -0.7340309106668045], "translation": [-274.21643538644605, 3041.2514022816167, -19.01725842033455]}