{"rotation": [-0.9138632987790694, 0.00019800010508857417, -0.013210530175670202, -0.40580699086274197], "translation": [-272.1903939482134, 3054.0298473929142, -19.151331869126732]}