{"rotation": [-0.6748397487743121, -0.008818609119226118, -0.015155825727794791, -0.7377559532487247], "translation": [-273.9806262837691, 3039.239725668484, -19.030213923264746]}