{"rotation": [-0.9999582171510435, -0.008662976664993115, 0.0007469670727377836, -0.0028211394153060776], "translation": [-224.8388419848049, 3058.84583292572, -19.27797647498439]}