{"rotation": [-0.8596190406227784, -0.0010083833420889664, -0.01354778207068616, -0.5107548783543577], "translation": [-273.1815224119304, 3052.617643184834, -19.105357985833034]}