{"rotation": [-0.9996552874479631, -0.007181141350560819, 0.0021369381048845864, -0.025162888979002675], "translation": [-212.6760478809989, 3059.212041203274, -19.22211636732677]}