{"rotation": [-0.6757549265749171, -0.009796206394824983, -0.013843603668251186, -0.7369312506519688], "translation": [-274.04204530922857, 3039.7867768925867, -19.030319664980556]}