{"rotation": [-0.9252413795079787, 0.0006195542165915423, -0.012759956573870416, -0.3791638027383129], "translation": [-271.90023535626347, 3054.3351792509097, -19.16582548891947]}