{"rotation": [-0.9997547826568411, -0.01276906533412213, 0.0025320252661068135, -0.01791408310009199], "translation": [-260.6795705311985, 3057.072303382569, -19.42521145708622]}