{"rotation": [-0.9999586500182099, -0.00888926345474112, 0.0019180857213959767, -1.4005603169723536e-05], "translation": [-225.99899187566876, 3058.8449587717087, -19.285722240337392]}