{"rotation": [-0.9994336748660848, -0.013137831759221737, 0.0029519357300348227, -0.030838498598101546], "translation": [-245.7913387297113, 3057.913168621512, -19.312097112130257]}