{"rotation": [-0.999592664822154, -0.009834342052838745, 2.270132306382131e-05, -0.02679159634629178], "translation": [-249.09068531781674, 3057.72672846897, -19.323108921337763]}