{"rotation": [-0.6810703796133598, -0.01206649976794123, -0.010034236523497294, -0.73204976039478], "translation": [-274.27965671846005, 3041.9819749341286, -19.0203486794334]}