{"rotation": [-0.9998337174510988, -0.006777570787614225, 0.002194504673953875, -0.016786486570194947], "translation": [-218.76236530319028, 3058.9583544371767, -19.260492146230252]}