{"rotation": [-0.9997630832535814, -0.0087339562220355, 0.0006273317958678339, -0.019927413952192868], "translation": [-235.85261960247084, 3058.856013180032, -19.28682336964871]}