{"rotation": [-0.9728810266463149, 0.000826941324105663, -0.009175176502659577, -0.23112256552704644], "translation": [-270.01902003531137, 3055.695913863007, -19.243611972516533]}