{"rotation": [-0.6783919663332123, -0.012324959473958674, -0.010320666747840377, -0.7345242808964202], "translation": [-274.18974207623774, 3041.01770860219, -19.01991129849613]}