{"rotation": [-0.9996981759273097, -0.0070400131745170435, 0.0028541814786757977, -0.023363409644126355], "translation": [-214.5087912624539, 3059.1257375713453, -19.236195956787565]}