{"rotation": [-0.9992236152117303, -0.01419117878874981, 0.002340245603890783, -0.036678338270690274], "translation": [-245.07404756280994, 3057.9590401088662, -19.307279845945864]}