{"rotation": [-0.680742201230221, -0.012196709787176026, -0.010116387259087374, -0.7323516603677669], "translation": [-274.266404268327, 3041.8562932276373, -19.021242457047702]}