{"rotation": [-0.9999582175419373, -0.008662947276741242, 0.0007469846757891964, -0.0028210864443157482], "translation": [-224.83886304471446, 3058.84583287987, -19.277976520614303]}