{"rotation": [-0.9999498390972583, -0.008670153860724113, 0.0025113420130617125, 0.004340608562397458], "translation": [-227.90538046766443, 3058.8573325838734, -19.290785750761373]}