{"rotation": [-0.9996483836896793, -0.007104586179498205, 0.003044173003166444, -0.025364677261038564], "translation": [-209.8222705188452, 3059.3570991818747, -19.201838167968006]}