{"rotation": [-0.9999524596597047, -0.008739434519449286, 0.002568010288863429, 0.0034793717742182422], "translation": [-227.52611573878355, 3058.8537841388124, -19.29045645084291]}