{"rotation": [-0.9997035424808263, -0.008184121326399384, 0.0008719148092048084, -0.02291477850574305], "translation": [-236.20205917603508, 3058.842061674695, -19.28754128133245]}