{"rotation": [-0.9997340856746777, -0.00985781392105573, 0.002863790777635278, -0.020648974485335786], "translation": [-259.35586863313705, 3057.134130023362, -19.417365731701178]}