{"rotation": [-0.6789268815010642, -0.01239910337450832, -0.01015855168936277, -0.734030895561163], "translation": [-274.2164362869911, 3041.251409407501, -19.017258255549752]}