{"rotation": [-0.9995660207165877, -0.007868833085557029, 0.0019732768619231235, -0.028318860731038755], "translation": [-255.4030728364089, 3057.3490953745277, -19.391564436000138]}