{"rotation": [-0.9996593056103733, -0.007805148881879402, 0.0021378208348846735, -0.02481495677199314], "translation": [-213.2218355518509, 3059.1853936700436, -19.228259676639194]}