{"rotation": [-0.999538333404136, -0.007257086077177776, 0.0019666888802399264, -0.02943784795461823], "translation": [-253.33885770200328, 3057.474380253146, -19.374431303174692]}