{"rotation": [-0.8309418515183306, -0.0002603843613689335, -0.01467112318373401, -0.5561657394516502], "translation": [-273.5694841800951, 3051.801854188505, -19.07791227828455]}