{"rotation": [-0.9996530452931254, -0.006582512430524568, 0.002356364360629536, -0.025395021427098076], "translation": [-212.15401410458483, 3059.2386635383436, -19.219017967019596]}