{"rotation": [-0.9999582200585235, -0.008889087156217003, 0.002091679799270296, 0.000408830693486145], "translation": [-226.19229820677003, 3058.8448767122277, -19.286784193979216]}