{"rotation": [-0.9995375864676052, -0.011747364064100164, 0.0026601677293407004, -0.02792017520919507], "translation": [-247.05673665166373, 3057.8377207675208, -19.317418211224144]}