{"rotation": [-0.9823417559273954, -0.001019132500887548, -0.008834040605379342, -0.18688390957225204], "translation": [-269.3261987082276, 3056.012268738003, -19.265588919535045]}