{"rotation": [-0.999748843638758, -0.012181408318735286, 0.0026027366168661177, -0.018630316595315766], "translation": [-260.2427198107165, 3057.092172276766, -19.423199522592892]}