{"rotation": [-0.9999493815288445, -0.008287030304911371, 0.0012642045828670113, 0.005564287517690242], "translation": [-230.69415448371555, 3058.8976518792456, -19.29426214226435]}