{"rotation": [-0.9996434698903511, -0.00731131646935595, 0.0031064700830455466, -0.02549171631504295], "translation": [-210.03460088707288, 3059.344805062985, -19.20237906306455]}