{"rotation": [-0.9999342921239629, -0.009201815852949075, 0.0016946994325880036, 0.006623142259606008], "translation": [-229.21310163866804, 3058.876098335798, -19.292492992918586]}