{"rotation": [-0.9996137879764373, -0.017343033405978224, -0.0038934593616932922, -0.021362000231162623], "translation": [-263.6009900300371, 3056.9503500750243, -19.39472022542587]}