{"rotation": [-0.9995926648258827, -0.009834329810246303, 2.271283986918567e-05, -0.026791600691275026], "translation": [-249.09069225452419, 3057.726728090157, -19.32310901324987]}