{"rotation": [-0.9991008851412053, -0.013362121845027601, -0.005965924915698024, -0.039790485668799704], "translation": [-265.3363125163849, 3056.8462855619505, -19.363309027654566]}