{"rotation": [-0.9980925417681347, -0.01034748765682825, 0.004020692883103765, -0.06072924826437426], "translation": [-242.24488841429746, 3058.247569047331, -19.29984267085479]}