{"rotation": [-0.9995115070387812, -0.006410858290264588, 0.0009993480799499075, -0.030572037819907014], "translation": [-237.06631123578262, 3058.7965994179376, -19.28755148351233]}