{"rotation": [-0.9995526229699404, -0.011817660322769267, 0.0009080925133095598, -0.027460374840760488], "translation": [-247.60955047348207, 3057.806162435196, -19.312644384796407]}