{"rotation": [-0.99972769787924, -0.0063246604880871785, 0.002572059389852614, -0.022313970361201998], "translation": [-215.36226012980038, 3059.0881231890994, -19.24288529887712]}