{"rotation": [-0.9995615084555861, -0.008928013686732272, 0.0016401191809648108, -0.02818494979018077], "translation": [-250.50221263128014, 3057.644917762646, -19.341163963283822]}