{"rotation": [-0.9995672012518669, -0.009014611206757383, 0.001517224371071698, -0.027961491314102995], "translation": [-250.29576920007582, 3057.657855016176, -19.338129017543647]}