{"rotation": [-0.9990259180448983, -0.013905460111639387, 0.002459466936253656, -0.04180674916830165], "translation": [-244.54037690034733, 3058.000824403781, -19.30442016304956]}