{"rotation": [-0.999177393711539, -0.007495600582302391, 0.0009214597513308962, -0.039843478508451095], "translation": [-238.09624700895034, 3058.721267745715, -19.28397545634666]}