{"rotation": [-0.6942818606257478, -0.012035911501662706, -0.010758841952694935, -0.7195221206885936], "translation": [-274.44660098781344, 3044.53605120873, -19.030613388335343]}