{"rotation": [-0.9999308055826355, -0.009212017566460772, 0.001267468721752601, -0.007205296819447032], "translation": [-223.06055589020542, 3058.8598364544473, -19.276193265574346]}