{"rotation": [-0.9995344572685915, -0.011688278868236854, 0.0031474361119492966, -0.02800618709860141], "translation": [-246.87618549010438, 3057.8487999312993, -19.31724904041042]}