{"rotation": [-0.9839058939095638, -0.0012944479169728054, -0.009098552787068392, -0.178450925107698], "translation": [-269.17622862813903, 3056.070503381722, -19.27045783030053]}