{"rotation": [-0.7193652025596522, -0.009367014644374491, -0.010566593649710871, -0.6944885250899433], "translation": [-274.44917859928285, 3047.082414146255, -19.03194959641631]}