{"rotation": [-0.9996563782145402, -0.008905387254475941, 0.004474885264499908, -0.024244483387062653], "translation": [-257.7468593890833, 3057.2146737706903, -19.417847946994247]}