{"rotation": [-0.9999279511281318, -0.008230992425263215, 0.0002475782916932102, -0.008733957944787], "translation": [-234.28229882466613, 3058.8977713446334, -19.288742883579584]}