{"rotation": [-0.9891789900021765, -0.0025414239819632994, -0.009872761673120617, -0.14635913186188165], "translation": [-268.57280143908207, 3056.2784494161997, -19.284821775928833]}