{"rotation": [-0.8768693171844242, -0.0019516803016142246, -0.012721941306731478, -0.48055649380058346], "translation": [-272.9161304434811, 3053.0713167903236, -19.122976895264284]}