{"rotation": [-0.701157320267807, -0.011755244385001157, -0.010961960260692636, -0.7128254077202636], "translation": [-274.4683386583205, 3045.4042843591255, -19.030391510532027]}