{"rotation": [-0.8639089274586967, -0.0013832864718328133, -0.013255643201066501, -0.5034716868891708], "translation": [-273.1190297643702, 3052.7327645033806, -19.109897025912574]}