{"rotation": [-0.9999571137363911, -0.008944072183957617, 0.0022463908449876988, 0.0008532226708724769], "translation": [-226.38429115891992, 3058.845857765284, -19.287099664423025]}