{"rotation": [-0.999546796624066, -0.008150224238198585, 0.0019030320423645886, -0.028916321904436375], "translation": [-254.94238692699147, 3057.3773144309084, -19.38600561965752]}