{"rotation": [-0.855341749744216, -0.0007711415406945011, -0.013859124078107118, -0.517878191435993], "translation": [-273.2461297404124, 3052.5016249791915, -19.10018240002074]}