{"rotation": [-0.8342295395705476, 9.978502440838718e-05, -0.01454693215281022, -0.5512254095338881], "translation": [-273.5254123616474, 3051.900446422305, -19.080979565345604]}