{"rotation": [-0.8300242816259841, -0.0003492153195730282, -0.014678121609400265, -0.5575339655177516], "translation": [-273.58043619064665, 3051.7739206112283, -19.077385997906713]}