{"rotation": [-0.674839732712788, -0.008818601620145255, -0.015155841319600313, -0.7377559677098472], "translation": [-273.9806251080227, 3039.2397148954465, -19.03021395570804]}