{"rotation": [-0.9997260925831754, -0.015560596246974822, -0.0006369725216216758, -0.01747002915915277], "translation": [-262.59058226106606, 3056.9977729414345, -19.408145826979517]}