{"rotation": [-0.9995115092115416, -0.006410864125988429, 0.00099935430904594, -0.03057196535699915], "translation": [-237.0663030066213, 3058.796599923059, -19.28755151499534]}