{"rotation": [-0.9460507317261528, 0.002734353502010542, -0.010323249273010525, -0.3238425031335205], "translation": [-271.2628780577243, 3054.901942002501, -19.195810999424157]}