{"rotation": [-0.6932864952858095, -0.01209115519396987, -0.01057307010593385, -0.7204830668439958], "translation": [-274.43731792853447, 3044.3891629877257, -19.03062891330345]}