{"rotation": [-0.9997879553296465, -0.006602997357610425, 0.002391597501543054, -0.019357816639559194], "translation": [-217.28425955417896, 3059.009907080497, -19.25444835737118]}