{"rotation": [-0.6838158853910886, -0.011924142788892074, -0.010160009786327176, -0.7294864110500576], "translation": [-274.3393967123584, 3042.751716648874, -19.02514164549107]}