{"rotation": [-0.680742203956339, -0.012196708567822047, -0.010116386133434633, -0.7323516578696174], "translation": [-274.2664043859417, 3041.8562942195217, -19.021242445470985]}