{"rotation": [-0.9999371385049095, -0.008879870399104746, 0.001603511095180109, 0.006655500918509146], "translation": [-229.77125176000226, 3058.8845395469716, -19.293007718977123]}