{"rotation": [-0.9984478205018151, -0.012149497802557422, 0.003526537208533225, -0.05423931206825703], "translation": [-243.2983925448017, 3058.120878869594, -19.302120671482275]}