{"rotation": [-0.9995864936687204, -0.007780201035133827, 0.00262206214589179, -0.027557847104392193], "translation": [-255.87028860011935, 3057.3211348937557, -19.397674833129486]}