{"rotation": [-0.968387682459389, 0.0015709388729660528, -0.009325194533663601, -0.2492706748875613], "translation": [-270.28841169913727, 3055.5526692263074, -19.232426851526476]}