{"rotation": [-0.9997510481428374, -0.006288319249561547, 0.0022785059448287032, -0.021286314593487544], "translation": [-216.0037182600453, 3059.060915744006, -19.246597356565776]}