{"rotation": [-0.9994705360796522, -0.012676345633509882, 0.003190037820793451, -0.029795661240096208], "translation": [-245.97188224439054, 3057.90185646374, -19.313352828700864]}