{"rotation": [-0.949216626928961, 0.0027841810314085335, -0.010171626648505988, -0.31444646843129515], "translation": [-271.14612190192514, 3054.992001149101, -19.201327190775377]}