{"rotation": [-0.9995553337277975, -0.008879113405171904, 0.001790716246414633, -0.028409320596844437], "translation": [-250.71242595235933, 3057.632863221755, -19.34319015333219]}