{"rotation": [-0.999534457229878, -0.01168827842536484, 0.003147442342451371, -0.028006187964900228], "translation": [-246.8761823090508, 3057.848800115735, -19.3172490420788]}