{"rotation": [-0.9997260922199495, -0.015560606029540824, -0.0006369952652590126, -0.017470040402202396], "translation": [-262.5905889212851, 3056.997772725513, -19.408145720900016]}