{"rotation": [-0.9997339327180412, -0.008527312958190059, 0.000754580160174355, -0.02141913431056305], "translation": [-236.02871144223786, 3058.8494514556064, -19.288895049774045]}