{"rotation": [-0.6819255757964194, -0.01214795862223606, -0.010072583919682467, -0.7312513105829044], "translation": [-274.2967894592318, 3042.232337137614, -19.022568635684863]}