{"rotation": [-0.9995730714406762, -0.009148665643587368, 0.001338035588346776, -0.02771617629398041], "translation": [-250.0862559517392, 3057.669722997339, -19.33719803001889]}