{"rotation": [-0.9995526229547046, -0.011817660341100572, 0.0009080939180476059, -0.027460375340999536], "translation": [-247.60955003624375, 3057.806162459346, -19.312644385742313]}