{"rotation": [-0.9995182116692755, -0.016656801939218254, -0.005383779643983069, -0.025630263505397127], "translation": [-264.19202767258105, 3056.9218571978154, -19.384213641151426]}