{"rotation": [-0.9999555046109058, -0.009022058739730898, 0.001367972984996931, 0.0023916321535775087], "translation": [-231.78908321760863, 3058.906649902017, -19.29444910486311]}