{"rotation": [-0.9998118677176056, -0.009186281584367238, 0.00048679024612199764, -0.01707642927962935], "translation": [-235.5074418951019, 3058.8684671245683, -19.28822199139817]}