{"rotation": [-0.679969013794566, -0.012372684249330808, -0.010185814982280857, -0.7330656901921263], "translation": [-274.2470572505926, 3041.607236171308, -19.018294675943352]}