{"rotation": [-0.6819256039120013, -0.012147960078299987, -0.010072580072784608, -0.7312512843926264], "translation": [-274.29679045265664, 3042.232345697408, -19.02256856058129]}