{"rotation": [-0.9999363265363643, -0.009113097589237397, 0.0017653232463567552, 0.0064170054640980525], "translation": [-229.02697371963345, 3058.872875512716, -19.292910756363018]}