{"rotation": [-0.9999558945978763, -0.00890629027485377, 0.002432460290699647, 0.0017233657287983077], "translation": [-226.7699285009113, 3058.847515569437, -19.286963222782123]}