{"rotation": [-0.9991392781130995, -0.007658916498920265, 0.0009222746742212954, -0.04075773962233691], "translation": [-238.19409845412153, 3058.7133377777855, -19.28760733510819]}