{"rotation": [-0.9806630507401912, -0.0007771638765289793, -0.008814541600195831, -0.195503659264037], "translation": [-269.4669759408245, 3055.9537124537887, -19.262465190508383]}