{"rotation": [-0.9999604619215383, -0.00853358840110024, 0.0008578575074382874, -0.002348732245568082], "translation": [-225.03119314161532, 3058.8443699833474, -19.280811231907183]}