{"rotation": [-0.9999270747103376, -0.009224881303153855, 0.0013910834043908999, -0.007668879522579146], "translation": [-222.86147524903302, 3058.862057290719, -19.275957634659328]}