{"rotation": [-0.9998337177023311, -0.006777591486018703, 0.0021945070252695686, -0.016786462941907086], "translation": [-218.76237791314708, 3058.9583540582335, -19.260492184518295]}