{"rotation": [-0.8094822495145735, -0.0029212609541407163, -0.014371548568206728, -0.5869611678356715], "translation": [-273.81807358226837, 3051.1082943048823, -19.06664426384416]}