{"rotation": [-0.6810701968832091, -0.01206653255934007, -0.01003425789979154, -0.7320499295661886], "translation": [-274.2796483707654, 3041.981905390771, -19.020349531062312]}