{"rotation": [-0.6828090183611121, -0.012017903999052816, -0.010051913187552695, -0.7304288969293823], "translation": [-274.32515504121847, 3042.50937836131, -19.020622105720427]}