{"rotation": [-0.9996490915957791, -0.006764450275375069, 0.002656744020589794, -0.025473075892300162], "translation": [-211.73038544002313, 3059.2605133092543, -19.214278488849033]}