{"rotation": [-0.9993025591161946, -0.006773545833197336, 0.0008347570709600297, -0.03671263544479532], "translation": [-237.7531118317401, 3058.7488793078473, -19.286154480996537]}