{"rotation": [-0.9995375865203943, -0.011747366554924098, 0.002660155318834891, -0.027920173453779878], "translation": [-247.05674089453947, 3057.837720520195, -19.31741819561069]}