{"rotation": [-0.9994978380729186, -0.012230177732475908, 0.0034017382616034915, -0.029033129645173857], "translation": [-246.1509886054736, 3057.8915868061526, -19.315138175278253]}