{"rotation": [-0.8639127146093383, -0.0013835401629765248, -0.013255489483690278, -0.5034651917972974], "translation": [-273.1189738722466, 3052.732865640177, -19.109901240662282]}