{"rotation": [-0.8135839417100849, -0.0026330484125974066, -0.01466161326242561, -0.5812566334624331], "translation": [-273.7741707024796, 3051.2466894904423, -19.067773188966072]}