{"rotation": [-0.9998573552719635, -0.007787540844084439, 0.002216204865080698, -0.014822676956350077], "translation": [-219.80433333237426, 3058.9266883411246, -19.266934814301216]}