{"rotation": [-0.9138673495373116, 0.00019794259099962207, -0.013210507265338716, -0.4057978693465163], "translation": [-272.1902983271052, 3054.0299553742534, -19.151336432893853]}