{"rotation": [-0.9999501814097805, -0.009914623950548504, 0.0011277871167352455, -0.0002510511613404805], "translation": [-232.50763820606258, 3058.908457986458, -19.295227742345833]}