{"rotation": [-0.9963452961486212, -0.008687937750069081, -0.0087971939840447, -0.08451733525244576], "translation": [-267.1172185157635, 3056.6234499052684, -19.319875755008447]}