{"rotation": [-0.9998337164531941, -0.006777488573551559, 0.002194495334527907, -0.016786580421753492], "translation": [-218.76231521644206, 3058.9583559423436, -19.260491994150765]}