{"rotation": [-0.9891788307457002, -0.0025413509266606214, -0.009872749577504187, -0.14636021028891966], "translation": [-268.57282288483646, 3056.2784428152977, -19.284821289917815]}