{"rotation": [-0.9522774868327017, 0.0027704611658952577, -0.01000829432602581, -0.30505695642159253], "translation": [-271.0291779741924, 3055.0788016271513, -19.206111828511236]}