{"rotation": [-0.9996558635375348, -0.00734824774914775, 0.002095290635151307, -0.025095169001166106], "translation": [-212.7962074473088, 3059.206268449674, -19.223501622220965]}