{"rotation": [-0.9980115793167802, -0.009883777351297982, 0.0041282683969531735, -0.062114055534466514], "translation": [-241.72262672343965, 3058.313280171436, -19.298800354589254]}