{"rotation": [-0.9995746161634996, -0.011392576004151545, -0.000584924088544897, -0.02684127041316594], "translation": [-248.1538667260253, 3057.7771974194698, -19.314234074011235]}