{"rotation": [-0.9999502669683713, -0.009880938278810793, 0.0010247930764384879, -0.0008834295466046261], "translation": [-232.68611295231545, 3058.908888159109, -19.29421147957068]}