{"rotation": [-0.9995345401929422, -0.008265166340597995, 0.0019440005354470129, -0.0293020621896162], "translation": [-254.4785951184024, 3057.4053029702213, -19.383677895485615]}