{"rotation": [-0.713457716175231, -0.010004017538391486, -0.010810642712468503, -0.7005434582288655], "translation": [-274.461739688121, 3046.6140229366306, -19.03119600401725]}