{"rotation": [-0.9995467978379995, -0.008150199984250395, 0.00190301780990791, -0.028916287715289483], "translation": [-254.94242428279784, 3057.37731225794, -19.386005815441465]}