{"rotation": [-0.9997963385439423, -0.006503308988261206, 0.0023463687640670732, -0.01896003586370341], "translation": [-217.4978696851087, 3059.0025982762586, -19.25466105057927]}