{"rotation": [-0.9996577124261413, -0.007606261502512186, 0.0020879336582424377, -0.024944805189226996], "translation": [-213.01091154260743, 3059.196038968451, -19.224966773377236]}