{"rotation": [-0.9982408675538528, -0.011203785918406775, 0.0038438940694943014, -0.05809363136186661], "translation": [-242.77315626517898, 3058.182112576644, -19.300079700576397]}