{"rotation": [-0.999906165497659, -0.00898548393831371, 0.002203529668019257, -0.01010275878979298], "translation": [-221.85127627930467, 3058.879132229368, -19.27628111335237]}