{"rotation": [-0.8979789408453697, -0.0007821618478958565, -0.013123167334913777, -0.4398420085669079], "translation": [-272.5375729910605, 3053.616203274203, -19.137922735853177]}