{"rotation": [-0.9996470403657617, -0.016956747887997194, -0.003339280342059442, -0.02017703139298265], "translation": [-263.3996911441399, 3056.958277315598, -19.397869234564627]}