{"rotation": [-0.9996746782077224, -0.007703513379778327, 0.002642482105989044, -0.024170455523508216], "translation": [-213.86493739228723, 3059.154945252552, -19.23305901243767]}