{"rotation": [-0.9099717403598148, 0.00017992380580859207, -0.013234562485769069, -0.4144589795501652], "translation": [-272.27715926470165, 3053.9295448138637, -19.148772840074756]}