{"rotation": [-0.9999493815171928, -0.008287030794233935, 0.0012642049255364033, 0.005564288804986761], "translation": [-230.69415382249747, 3058.897651871796, -19.29426214219107]}