{"rotation": [-0.9999019383763263, -0.008849706391851297, 0.0023083492779785216, -0.01060508612196282], "translation": [-221.65066574860677, 3058.882418008795, -19.27490741495495]}