{"rotation": [-0.6776656063982833, -0.012072295258123549, -0.01078629253854667, -0.7351919759391561], "translation": [-274.1511428399034, 3040.688391345103, -19.02418018555185]}