{"rotation": [-0.6850123018910281, -0.012019210265172437, -0.010274474788624779, -0.7283598835811693], "translation": [-274.3553279226816, 3043.0183591461346, -19.028282546680718]}