{"rotation": [-0.9999474609909768, -0.008770774975523725, 0.002364893572417633, 0.004749320205990757], "translation": [-228.09284208738222, 3058.859652618062, -19.291111526167533]}