{"rotation": [-0.757001905568563, -0.004718882529332185, -0.009012644304848128, -0.6533334671941069], "translation": [-274.26830155725, 3049.1392898167346, -19.044189100478135]}