{"rotation": [-0.999930805848669, -0.009212016950665126, 0.0012674618726553862, -0.007205261892086741], "translation": [-223.0605718453268, 3058.8598362825546, -19.276193248523768]}