{"rotation": [-0.9999412333283477, -0.00892097962996089, 0.0019209782780319077, 0.0058528501330709715], "translation": [-228.6550714591004, 3058.8672019336404, -19.29157527020775]}