{"rotation": [-0.9999487799606931, -0.008324903279190412, 0.0005121926583296087, -0.005733332294082647], "translation": [-233.7533522271615, 3058.9041590021416, -19.29053011209582]}