{"rotation": [-0.7693751435116173, -0.003364093291716292, -0.00976291852471171, -0.6387137518831757], "translation": [-274.19065824130837, 3049.642087353946, -19.04625738598713]}