{"rotation": [-0.9980569735308471, -0.01024684717234298, 0.00408347334941528, -0.06132377153174161], "translation": [-242.0705155138844, 3058.2693596832783, -19.299661572491694]}