{"rotation": [-0.9999448193407626, -0.008880683732173555, 0.002230883375413531, 0.0051492610522312], "translation": [-228.28025710813603, 3058.86222351536, -19.291186494474985]}