{"rotation": [-0.9983716700348733, -0.011822727710161428, 0.0035671002044592955, -0.05569117863181675], "translation": [-243.11780788423258, 3058.142105311614, -19.303638155116875]}