{"rotation": [-0.9946134252624558, -0.006711413682077547, -0.009568843171489273, -0.10299285632718796], "translation": [-267.61894071500745, 3056.5248754867357, -19.307704640646485]}