{"rotation": [-0.9988269639241719, -0.012313907832404734, -0.006101817249197994, -0.0464309340652694], "translation": [-265.7002065188436, 3056.811466034316, -19.357706892687467]}