{"rotation": [-0.999589648214632, -0.009356229428180292, 0.000681138780258617, -0.027065332124281402], "translation": [-249.48175791425973, 3057.7042219002906, -19.328708962853792]}