{"rotation": [-0.9999308059023563, -0.009212016826393107, 0.0012674604904580557, -0.0072052548434928965], "translation": [-223.06057506518556, 3058.859836247865, -19.27619324508283]}