{"rotation": [-0.9995521806235957, -0.01717999921262234, -0.0049574349296966505, -0.02399395083321782], "translation": [-263.9997686999632, 3056.9305786781933, -19.386730806675025]}