{"rotation": [-0.8426568964025916, 0.0002767714490805854, -0.01424410058245451, -0.5382623746290595], "translation": [-273.42031529042407, 3052.1462085175963, -19.086942490998233]}