{"rotation": [-0.9997416293428139, -0.011234427192381921, 0.0026986295086627293, -0.01957497390572448], "translation": [-259.80349796129843, 3057.112541763207, -19.419164879967767]}