{"rotation": [-0.9999166081623665, -0.008959095552889923, 0.001940362814982427, -0.009096500430874305], "translation": [-222.25676449944615, 3058.8714862604475, -19.276679026451802]}