{"rotation": [-0.8979792055774718, -0.0007821532205611807, -0.013123187941988817, -0.43984146749144915], "translation": [-272.5375676365736, 3053.616210172498, -19.137922934801136]}