{"rotation": [-0.9995456929626448, -0.007667275456533454, 0.0019316750294157282, -0.029084174364775405], "translation": [-251.78185396912468, 3057.569878495266, -19.35495216216994]}