{"rotation": [-0.9997722646376541, -0.006841295706287398, 0.002346695838275051, -0.020077563422842892], "translation": [-216.85662743297127, 3059.0260276501226, -19.253061843240545]}