{"rotation": [-0.993121267571489, -0.004772418139270665, -0.009790280302429313, -0.11658268453721074], "translation": [-267.9429624601768, 3056.4513069049535, -19.299643382528664]}