{"rotation": [-0.9995456258974622, -0.011868920951362329, 0.001424749263117791, -0.02767021059258892], "translation": [-247.42093048882555, 3057.8172827737326, -19.315968920926853]}