{"rotation": [-0.8511229502181571, -0.0004557271429077282, -0.014051766055244908, -0.5247781091046391], "translation": [-273.30530458382367, 3052.3840254140905, -19.095806941223977]}