{"rotation": [-0.9999448200769697, -0.008880647350877596, 0.0022309291791722595, 0.005149160986367691], "translation": [-228.28020897947508, 3058.862222793208, -19.2911865089045]}