{"rotation": [-0.9997510485687133, -0.006288323017336512, 0.0022784947180393067, -0.021286294680092636], "translation": [-216.00373087811116, 3059.060915229129, -19.246597425905456]}