{"rotation": [-0.999543944859153, -0.007444419539076763, 0.00198177855585268, -0.02919855247926334], "translation": [-252.0014249348828, 3057.555904002314, -19.357912896487104]}