{"rotation": [-0.9999371384369033, -0.008879873895416623, 0.0016035129348014856, 0.0066555060278438325], "translation": [-229.7712439147438, 3058.88453941595, -19.293007726127765]}