{"rotation": [-0.674512694995745, -0.008767274446268113, -0.01557589155562217, -0.73804684864215], "translation": [-273.9569352947422, 3039.015947337965, -19.030587549918085]}