{"rotation": [-0.9995182037360553, -0.01665664912188157, -0.005383861689671115, -0.02563065495820364], "translation": [-264.19207329806324, 3056.921855056792, -19.38421273659235]}