{"rotation": [-0.6742413704807023, -0.008724166944117435, -0.015855678331295885, -0.7382892798274197], "translation": [-273.93397883342413, 3038.7905481387256, -19.030501416352063]}