{"rotation": [-0.9999356417194182, -0.008993503312541935, 0.0016097317941715103, 0.006725926024979748], "translation": [-229.5839167070405, 3058.8813919408126, -19.294569741070916]}