{"rotation": [-0.9999493816810934, -0.008287023911096555, 0.0012642001053203046, 0.00556427069701431], "translation": [-230.69416312363086, 3058.8976519765893, -19.294262143221708]}