{"rotation": [-0.9981345306795542, -0.007419499061844427, 0.0030004803728413483, -0.06052608376815404], "translation": [-240.68574282251208, 3058.446817608243, -19.29286943053094]}