{"rotation": [-0.7684960801535491, -0.0034270893128030685, -0.009661568707343108, -0.6397723688450332], "translation": [-274.1967050883335, 3049.60682124699, -19.046134142990237]}