{"rotation": [-0.9998951225416839, -0.007754504447424902, 0.002156905936127735, -0.012039905934375175], "translation": [-221.038059488507, 3058.895176422672, -19.272611057233842]}