{"rotation": [-0.9995152888624724, -0.011866250674413135, 0.0035673452711196684, -0.02855964763117694], "translation": [-246.33257237621902, 3057.881139947683, -19.315777359692493]}