{"rotation": [-0.6923185099255169, -0.012043096718999084, -0.010530555824649837, -0.7214146879776934], "translation": [-274.4274860299581, 3044.2500452706436, -19.031145074830754]}