{"rotation": [-0.6786721784284305, -0.012344958716356583, -0.010236022525613505, -0.7342662324146162], "translation": [-274.2032035449704, 3041.1354981942977, -19.018579541559692]}