{"rotation": [-0.6799690298145085, -0.012372680070568014, -0.01018581251992097, -0.733065675437267], "translation": [-274.2470579889008, 3041.607242229522, -19.01829458277564]}