{"rotation": [-0.9995981091755435, -0.008183627695930104, 0.003423979029751206, -0.026924426419451187], "translation": [-256.341857993275, 3057.294546776012, -19.404231358959887]}