{"rotation": [-0.9020374034246059, -0.0005305922051421209, -0.013273376857604885, -0.43145342594734704], "translation": [-272.4534624470553, 3053.720247476191, -19.14112296070015]}