{"rotation": [-0.9980925410517679, -0.010347486200526822, 0.004020694053666449, -0.06072926020858113], "translation": [-242.24488507675522, 3058.2475694635236, -19.2998426623819]}