{"rotation": [-0.9941023763755558, -0.006006555234208621, -0.009692764263786758, -0.10784450333520908], "translation": [-267.7338697905181, 3056.499545921687, -19.30590785423482]}