{"rotation": [-0.9999501814145684, -0.009914623499596941, 0.001127784533390428, -0.00025106150515616225], "translation": [-232.50764142947935, 3058.9084579965725, -19.29522772121994]}