{"rotation": [-0.9999019382222558, -0.00884967265097233, 0.002308351146261464, -0.010605128397728054], "translation": [-221.65064773375533, 3058.882418290461, -19.274907426268044]}