{"rotation": [-0.9806630137042973, -0.0007771584069671487, -0.008814540267308423, -0.19550384512098917], "translation": [-269.4669790346232, 3055.953711142903, -19.262465074525373]}