{"rotation": [-0.9999561102885817, -0.008766639834639475, 0.0012334846774545072, 0.0030662743011680735], "translation": [-231.60090948642105, 3058.9066138859916, -19.296111973046955]}