{"rotation": [-0.9999176156633552, -0.008339704157729767, 0.00022757055987943393, -0.009754969621294544], "translation": [-234.4579212579489, 3058.8949147545186, -19.287575667952133]}