{"rotation": [-0.893864661054395, -0.000820187795270405, -0.012760632746822742, -0.44815450601549545], "translation": [-272.61620102140836, 3053.510604876468, -19.13599228958867]}