{"rotation": [-0.9997340864961409, -0.009857833453660135, 0.002863770011491326, -0.020648928268744454], "translation": [-259.35588904030914, 3057.1341291287986, -19.417365735530282]}