{"rotation": [-0.7607522626085096, -0.004114562892580846, -0.00903073973561478, -0.6489664945496523], "translation": [-274.24449768063107, 3049.2940827311436, -19.046361380253995]}