{"rotation": [-0.9995383548076235, -0.00711984572818075, 0.0019637281590952757, -0.029470813307294803], "translation": [-253.11171137847765, 3057.4891016906963, -19.372169984671622]}