{"rotation": [-0.9986502700129665, -0.01177811397933965, -0.006241607495849009, -0.050199169016895105], "translation": [-265.88480567380043, 3056.793701768272, -19.352813991650358]}