{"rotation": [-0.9999550124066339, -0.008773877075892647, 0.0025156983507890534, 0.002581376709009887], "translation": [-227.14742392810095, 3058.850545785568, -19.28893752383192]}