{"rotation": [-0.9999515913871596, -0.009015078309685643, 0.0006920242325644902, -0.0038812817237263864], "translation": [-233.3978506703793, 3058.9067232327857, -19.2944020265148]}