{"rotation": [-0.9996490914816918, -0.006764460972720673, 0.0026567495192966442, -0.02547307695525772], "translation": [-211.7303761844427, 3059.2605137569885, -19.214278450763707]}