{"rotation": [-0.7570020067462604, -0.004718869443721557, -0.009012647007209216, -0.6533333500191395], "translation": [-274.26830101569794, 3049.139294192098, -19.0441891051598]}