{"rotation": [-0.9997547827122972, -0.012769083095491985, 0.002532024437369355, -0.0179140674620906], "translation": [-260.67958092153276, 3057.072302914773, -19.42521148089801]}