{"rotation": [-0.678392093748171, -0.01232495416678465, -0.010320616615675392, -0.734524164011935], "translation": [-274.1897485806248, 3041.0177610199466, -19.01991016591309]}