{"rotation": [-0.7238523297619708, -0.009090215121693062, -0.010394391404036042, -0.6898167360354112], "translation": [-274.42914722793194, 3047.393230436681, -19.033326433588826]}