{"rotation": [-0.9995383934188592, -0.0071728220619033155, 0.00202743890931511, -0.029452337713383597], "translation": [-252.88882638076325, 3057.502658119603, -19.369296080646777]}