{"rotation": [-0.6803119703077958, -0.012209623223925234, -0.010227791547443908, -0.7327495755281723], "translation": [-274.26091468984646, 3041.734509092243, -19.017184965497417]}