{"rotation": [-0.7570019579324613, -0.004718875756954768, -0.009012645703438541, -0.653333406550924], "translation": [-274.2683012769732, 3049.1392920811777, -19.044189102901093]}