{"rotation": [-0.6781356409634866, -0.01223221070528992, -0.010466762661198418, -0.7347604183376354], "translation": [-274.17675539929877, 3040.9031096448853, -19.02095652024318]}