{"rotation": [-0.9992065330299216, -0.013872569603199205, -0.00603389316618362, -0.03684356519377245], "translation": [-265.1479933509851, 3056.8599203077024, -19.366986181579808]}