{"rotation": [-0.9988692202118409, -0.01350380142695412, 0.002656278034407928, -0.045506839567412555], "translation": [-244.18289334690553, 3058.0325669115878, -19.303968182798222]}