{"rotation": [-0.998976566825672, -0.012862438218333277, -0.006004740512387361, -0.04294554351329276], "translation": [-265.5198887700683, 3056.82815234375, -19.360669661984176]}