{"rotation": [-0.917714433344466, 0.00016086912244204002, -0.013194946266713891, -0.39702151874349295], "translation": [-272.0957167408275, 3054.1341272117406, -19.15626447375223]}