{"rotation": [-0.7465044608159267, -0.006755330303523096, -0.009714839499704917, -0.6652751892171449], "translation": [-274.33098107947905, 3048.661699604601, -19.03926465437243]}