{"rotation": [-0.9980099936022063, -0.009060747138635306, 0.003850075268545847, -0.06228268179711311], "translation": [-241.37514608282137, 3058.358035547089, -19.297170784260924]}