{"rotation": [-0.9995937769879412, -0.007922792844218296, 0.0030001175778681696, -0.027212307051201336], "translation": [-256.1044728190476, 3057.307972580547, -19.401495674731464]}