{"rotation": [-0.7193651769203907, -0.009367016616828974, -0.010566594064819499, -0.694488551614686], "translation": [-274.44917862040086, 3047.082412269435, -19.031949600285547]}