{"rotation": [-0.9997891372212138, -0.008934740408374183, 0.0005177985075273298, -0.018481974813355385], "translation": [-235.67798383017472, 3058.8625225349465, -19.288573529011142]}