{"rotation": [-0.9986968282526749, -0.013189510443430344, 0.0030201023055874314, -0.04920935921523131], "translation": [-243.8293817994811, 3058.0654406047533, -19.302722340662907]}