{"rotation": [-0.9993382961363393, -0.013913766319656915, 0.0025495175014449284, -0.03350935604618501], "translation": [-245.43360619884828, 3057.934522504403, -19.308770849335833]}