{"rotation": [-0.9997574610236798, -0.006370088640997692, 0.002224579631845328, -0.020964072687645656], "translation": [-216.2180056824171, 3059.0520950639734, -19.24771407675255]}