{"rotation": [-0.917714500791912, 0.00016086947821187446, -0.013194943732591417, -0.39702136292289925], "translation": [-272.0957150822819, 3054.134129016551, -19.156264561444193]}