{"rotation": [-0.9999557311721607, -0.008824949250636415, 0.002454823388086554, 0.002151699051083995], "translation": [-226.95687687149967, 3058.84892704962, -19.289020637966317]}