{"rotation": [-0.6863090723757636, -0.012113442905918391, -0.010046769942680148, -0.7271397280367803], "translation": [-274.3793679086841, 3043.2794509863, -19.026643064367427]}