{"rotation": [-0.9998996062496697, -0.008497789240862764, 0.0022778111394430225, -0.011107500897429214], "translation": [-221.4444745234836, 3058.8860633325585, -19.275784525842944]}