{"rotation": [-0.9996453964348209, -0.007076949445658172, 0.002794294330267022, -0.025518426526910085], "translation": [-211.51887774687663, 3059.270859570626, -19.212097226019136]}