{"rotation": [-0.9968079386004051, -0.009625451579593828, -0.008511064895319225, -0.07879623087082195], "translation": [-266.9439133968747, 3056.652314782022, -19.325417105847126]}