{"rotation": [-0.8135833028210628, -0.0026331050440427566, -0.014661577233301549, -0.5812575283655514], "translation": [-273.77417769021906, 3051.24666793181, -19.067772919076393]}