{"rotation": [-0.9998951230400922, -0.007754527574181168, 0.002156915580283305, -0.01203984791929248], "translation": [-221.03808538085133, 3058.895175841365, -19.272611205065164]}