{"rotation": [-0.9999389062052455, -0.009026345385068267, 0.0010918101069108152, -0.006286246633501388], "translation": [-223.45964131016217, 3058.8547505790993, -19.27615523694196]}