{"rotation": [-0.99958616313957, -0.010741377509327233, -0.0007395514907227652, -0.02667542563311121], "translation": [-248.52737506096838, 3057.757468788267, -19.314548768189553]}