{"rotation": [-0.9987525359626985, -0.007635131643262152, 0.0010660034992188087, -0.04933498058587294], "translation": [-239.1344524087084, 3058.6268258253667, -19.286503757800897]}