{"rotation": [-0.9998978535788805, -0.008065920487671104, 0.0022686798478197255, -0.011579137566437886], "translation": [-221.2434001412767, 3058.890764476946, -19.272974152371066]}