{"rotation": [-0.9996085819536129, -0.008915096765544975, 0.0036759704173528313, -0.02626197204779213], "translation": [-256.8062328201138, 3057.2651518633083, -19.411687673341966]}