{"rotation": [-0.6850123761273166, -0.012019208285614704, -0.010274465103230499, -0.7283598139322607], "translation": [-274.3553294340507, 3043.018373552738, -19.02828244891559]}