{"rotation": [-0.719365163075189, -0.00936701768195439, -0.010566594288978154, -0.6944885659380468], "translation": [-274.44917863180507, 3047.0824112559512, -19.03194960237494]}