{"rotation": [-0.6781356334605884, -0.012232208635015791, -0.010466767182881207, -0.7347604252323716], "translation": [-274.17675499846797, 3040.9031064097576, -19.02095658407003]}