{"rotation": [-0.9996470396886717, -0.01695675757400192, -0.0033392918165548397, -0.020177054899454736], "translation": [-263.399695463898, 3056.958277146199, -19.39786917200064]}