{"rotation": [-0.9995344573115474, -0.011688279359642792, 0.003147429198652484, -0.028006186137365777], "translation": [-246.87618901976654, 3057.848799726652, -19.31724903855921]}