{"rotation": [-0.8384414810119906, 0.0003314436043972914, -0.014281507579746371, -0.5448043792085436], "translation": [-273.4757071891619, 3052.0202020189904, -19.08263577797617]}