{"rotation": [-0.9922538177313256, -0.004069826615658578, -0.009915531323077206, -0.1237638070984768], "translation": [-268.10052272026087, 3056.4109351702737, -19.29698369464003]}