{"rotation": [-0.717266658028813, -0.009668287630173597, -0.010670657872646778, -0.6966499856850951], "translation": [-274.45926834380646, 3046.9240477473454, -19.030941262289684]}