{"rotation": [-0.999538393478353, -0.007172838168079954, 0.0020274411840728625, -0.029452331615219544], "translation": [-252.88879539255117, 3057.5026600089104, -19.369295746917025]}