{"rotation": [-0.9728809866283482, 0.0008269516636811822, -0.009175178841268417, -0.23112273384768658], "translation": [-270.0190225740827, 3055.6959125659196, -19.24361186923516]}