{"rotation": [-0.999957113763462, -0.00894407156137963, 0.0022463867076505943, 0.000853208363488694], "translation": [-226.38428479899875, 3058.845857731199, -19.28709965652284]}