{"rotation": [-0.9999474614473438, -0.008770750362887273, 0.0023649181400541537, 0.004749257339382492], "translation": [-228.09281126372363, 3058.859652190394, -19.291111504315353]}