{"rotation": [-0.9999557311257403, -0.008824943023745877, 0.0024548269383513266, 0.002151742111979804], "translation": [-226.95689605819067, 3058.8489272104684, -19.289020638944702]}