{"rotation": [-0.9998930370536638, -0.0076400132064615165, 0.002162175816350389, -0.012282900534677186], "translation": [-220.93127396765377, 3058.897483276734, -19.2714235925351]}