{"rotation": [-0.8854496865082789, -0.0013028973939465554, -0.012395627752598812, -0.46456808277516265], "translation": [-272.76944722389635, 3053.2921011355093, -19.130445389575844]}