{"rotation": [-0.9989977579544291, -0.013811637040982302, 0.0024943316463109594, -0.04250290100581571], "translation": [-244.47146742983992, 3058.0065096650883, -19.304166071738344]}