{"rotation": [-0.9996542987281604, -0.007083647523263895, 0.002183791575714203, -0.0252257017034205], "translation": [-212.58267980680142, 3059.216570996638, -19.221566835359212]}