{"rotation": [-0.9996396789052523, -0.0075467395645165735, 0.0030500370806321965, -0.025578435330492443], "translation": [-210.88039628527937, 3059.3023006056837, -19.209058548809487]}