{"rotation": [-0.999901938176496, -0.008849662629839335, 0.002308351701146594, -0.010605140953745366], "translation": [-221.6506423832954, 3058.8824183741176, -19.27490742962803]}