{"rotation": [-0.9891788529103321, -0.0025413610941513822, -0.009872751260915427, -0.14636006019856912], "translation": [-268.57281990011893, 3056.2784437339824, -19.284821357558506]}