{"rotation": [-0.6740906457316982, -0.00872720492183544, -0.01585102419739387, -0.7384269647454433], "translation": [-273.92277426279554, 3038.6779209078245, -19.030479636939273]}