{"rotation": [-0.9995903562482256, -0.010400959720621937, -0.0005653355134594547, -0.026657459147353367], "translation": [-248.71093359265123, 3057.746923281203, -19.317996704406127]}