{"rotation": [-0.9997164863157062, -0.009343877859200059, 0.003582014160569449, -0.021605742516384852], "translation": [-258.8974332695422, 3057.1541850119343, -19.418693048373722]}