{"rotation": [-0.9997209547039327, -0.006256443709421992, 0.0026721174609639956, -0.022621437316029225], "translation": [-215.14827649830826, 3059.0968624085217, -19.241620684366314]}