{"rotation": [-0.9996824560720439, -0.007541359636519861, 0.0027343439909584912, -0.023888036326538468], "translation": [-214.08046053625793, 3059.145300066509, -19.233669925714484]}