{"rotation": [-0.9999493818139225, -0.008287018332819333, 0.0012641961988892453, 0.005564256021833092], "translation": [-230.69417066151624, 3058.897652061517, -19.294262144056912]}