{"rotation": [-0.9996423724849379, -0.009039882542219144, 0.0042361377257150975, -0.024808522597615446], "translation": [-257.5105312064669, 3057.226219508701, -19.417147891328618]}