{"rotation": [-0.9995814701391859, -0.011054991809592227, -0.000765926569759288, -0.026722370159916138], "translation": [-248.3404947043677, 3057.7672937247953, -19.31383990765706]}