{"rotation": [-0.9997542643670483, -0.013065410772933269, 0.002541468516141529, -0.01772700930834348], "translation": [-260.8288729267651, 3057.066635361773, -19.423933473654735]}