{"rotation": [-0.6999421391141749, -0.011818605845406165, -0.011020883143828543, -0.7140167102966668], "translation": [-274.4619176549845, 3045.258791487348, -19.03101719469655]}