{"rotation": [-0.999895122169763, -0.007754487189959032, 0.002156898739541945, -0.012039949225933058], "translation": [-221.03804016732587, 3058.8951768564534, -19.27261094692062]}