{"rotation": [-0.9994291565655399, -0.01551805016404196, -0.00580626141046385, -0.02944212040994027], "translation": [-264.5817126066727, 3056.8988639200716, -19.37659204427297]}