{"rotation": [-0.7025136771461705, -0.011557587142949079, -0.01094358372966878, -0.7114922301593679], "translation": [-274.4616092248515, 3045.556193117905, -19.031335733065827]}