{"rotation": [-0.9581037086381976, 0.00271513761979582, -0.009705519091589867, -0.2862441517666346], "translation": [-270.7915082486323, 3055.2444286861814, -19.21446448690883]}