{"rotation": [-0.6773941012952706, -0.011953322959836239, -0.010996489569482338, -0.735440974394097], "translation": [-274.1352289210843, 3040.5585958920424, -19.026504075756275]}