{"rotation": [-0.6743743082708257, -0.008730623493324046, -0.015746751895492298, -0.738170108011971], "translation": [-273.94549102522967, 3038.90524133139, -19.030596728735286]}