{"rotation": [-0.9998737422134597, -0.008861923290312988, 0.0003465112871784706, -0.013185062668662066], "translation": [-234.98607413553654, 3058.8835593086187, -19.288137311806462]}