{"rotation": [-0.9995344572791979, -0.011688278989571655, 0.0031474344049624327, -0.028006186861259327], "translation": [-246.87618636162586, 3057.848799880769, -19.31724903995332]}