{"rotation": [-0.9995551726652867, -0.008019266464156998, 0.001885521256867863, -0.028663443146900964], "translation": [-255.17444041148585, 3057.36392943995, -19.387546214346262]}