{"rotation": [-0.9989765772445455, -0.012862480197244742, -0.006004737242355051, -0.04294528903847962], "translation": [-265.5198744477427, 3056.828153688693, -19.36066995537652]}