{"rotation": [-0.9980891246053427, -0.00781527353513353, 0.0031651171878091062, -0.06121276727366022], "translation": [-240.85716330165909, 3058.424997183141, -19.29406912052074]}