{"rotation": [-0.9288966257678106, 0.0010920414279104503, -0.01238700367297671, -0.37013028547080756], "translation": [-271.7982121094932, 3054.434977328569, -19.17113671606826]}