{"rotation": [-0.9995627735618436, -0.007938223299231483, 0.0019106105415429054, -0.028418231605158915], "translation": [-255.31996907771136, 3057.3538458095422, -19.390794861950432]}