{"rotation": [-0.9982003696941807, -0.011054657407928194, -0.006877991033318114, -0.05853639663781857], "translation": [-266.24667879757465, 3056.750626342313, -19.343599708329265]}