{"rotation": [-0.9995896482318768, -0.009356229874688296, 0.000681137494638565, -0.027065331365388214], "translation": [-249.48175715567416, 3057.7042219415016, -19.32870895114188]}