{"rotation": [-0.9999539872382147, -0.009339270254050644, 0.0013445992381670698, 0.001730170629434453], "translation": [-231.96623526484757, 3058.9076398088973, -19.29529111139688]}