{"rotation": [-0.9958286140343828, -0.008148781173034728, -0.009133001572297609, -0.09041878741740873], "translation": [-267.2854573354415, 3056.590964625629, -19.316333128899235]}