{"rotation": [-0.9980263189763278, -0.008669829257869105, 0.0036096638562993773, -0.062090828775633496], "translation": [-241.2025548858403, 3058.380620609419, -19.295272039788664]}