{"rotation": [-0.6827336940674671, -0.012023286658024785, -0.01004949887574859, -0.7304992478677002], "translation": [-274.32279528498117, 3042.4887607581986, -19.02084726334755]}