{"rotation": [-0.998610345501837, -0.012904351546456971, 0.003218935676786765, -0.05099503918006215], "translation": [-243.6524330833633, 3058.0835406966, -19.3022443798253]}