{"rotation": [-0.9997891388468204, -0.008934760182101617, 0.0005177951807131435, -0.01848187740929828], "translation": [-235.67797217088565, 3058.862522964865, -19.288573543637103]}