{"rotation": [-0.9981345310163124, -0.007419496844318236, 0.0030004793166210513, -0.06052607853887222], "translation": [-240.68574161724652, 3058.4468177620633, -19.292869422972842]}