{"rotation": [-0.9992411095553074, -0.007097945027273627, 0.0009036875499661367, -0.0382884773774033], "translation": [-237.925966671638, 3058.7351555932532, -19.284423657672594]}