{"rotation": [-0.9984478199175683, -0.012149495113453389, 0.0035265382903733977, -0.05423932335520117], "translation": [-243.29839118977318, 3058.1208790212104, -19.302120669248982]}