{"rotation": [-0.9324894359183522, 0.001611439359009384, -0.011825817812342284, -0.36100000719797065], "translation": [-271.69366660577623, 3054.5320729184564, -19.176783385545107]}