{"rotation": [-0.9999363660836038, -0.008923967921394715, 0.0016333036031077144, 0.00670513977445772], "translation": [-229.68152248057223, 3058.8830246888474, -19.293149440250023]}