{"rotation": [-0.9999493817339143, -0.00828702169283427, 0.0012641985518857279, 0.005564264861269757], "translation": [-230.69416612115242, 3058.8976520103624, -19.294262143553826]}