{"rotation": [-0.9995456259166714, -0.01186892144961564, 0.001424746371401857, -0.027670209833858254], "translation": [-247.42093132093214, 3057.8172827283133, -19.3159689164276]}