{"rotation": [-0.675365223502996, -0.00918857288312756, -0.014487939596767804, -0.7372838562028604], "translation": [-274.0166504741962, 3039.5651100205678, -19.02977174836301]}