{"rotation": [-0.999241118622467, -0.007097893056701003, 0.0009036813784363124, -0.03828825052470833], "translation": [-237.92594201446585, 3058.7351575854245, -19.284423727861537]}