{"rotation": [-0.9997481221942037, -0.014573934480241215, 0.00200307742096271, -0.016949344641453014], "translation": [-261.5416481368344, 3057.037316146388, -19.422226462594764]}