{"rotation": [-0.9999166078413046, -0.008959099802851271, 0.001940374304896172, -0.009096529086301106], "translation": [-222.2567531669679, 3058.8714864405724, -19.27667902309695]}