{"rotation": [-0.9952507181222408, -0.007573308020221377, -0.00940491636355733, -0.09659296367225446], "translation": [-267.4523798588673, 3056.5597095005633, -19.311844518253647]}