{"rotation": [-0.9981345321427104, -0.007419489427075458, 0.003000475783746254, -0.06052606104782646], "translation": [-240.68573758584068, 3058.446818276567, -19.29286939769239]}