{"rotation": [-0.7847431085288021, -0.00365261144152158, -0.012159006474443937, -0.6196911090275254], "translation": [-274.0648074743076, 3050.2256180947275, -19.056056864356407]}