{"rotation": [-0.9999176159647902, -0.008339700503507127, 0.0002275724013089754, -0.00975494180424717], "translation": [-234.45791659905467, 3058.894914834323, -19.28757568992539]}