{"rotation": [-0.9999363268158749, -0.009113084637602166, 0.0017653260020805835, 0.0064169795441630885], "translation": [-229.02695599364617, 3058.8728752193797, -19.292910749213053]}