{"rotation": [-0.9608438283273374, 0.0026173238855005483, -0.0095810660803696, -0.2769124236174829], "translation": [-270.66450962356015, 3055.3265839614346, -19.220116227229614]}