{"rotation": [-0.9999552059554474, -0.008850496483875266, 0.0006670831625774595, -0.0032878252146200126], "translation": [-224.6434619497982, 3058.846329574278, -19.277687379841424]}