{"rotation": [-0.9995596925766819, -0.011768256162374341, 0.00024047787212393268, -0.02723731435547667], "translation": [-247.7845389922521, 3057.7968003111887, -19.315391705051915]}