{"rotation": [-0.9998523154595165, -0.0076473443823858595, 0.002126926357888402, -0.015242754948135191], "translation": [-219.59341081879745, 3058.9322571615194, -19.267655766089426]}