{"rotation": [-0.9996715688137777, -0.007723716953138487, 0.0009493600795210602, -0.024417154159888065], "translation": [-236.37254593915125, 3058.8342332645957, -19.287349148517716]}