{"rotation": [-0.9995981137984498, -0.00686672535968954, 0.001055856300382086, -0.027483524899275278], "translation": [-236.7188852088503, 3058.816969324767, -19.288296075739645]}