{"rotation": [-0.688614146293674, -0.012174331138604236, -0.010111390570943277, -0.7249552420434547], "translation": [-274.4040428017718, 3043.6862577854877, -19.02877422154693]}