{"rotation": [-0.9999539872688774, -0.009339265191261884, 0.0013445995710631643, 0.0017301799775194463], "translation": [-231.96623270530927, 3058.9076397948797, -19.295291127570422]}