{"rotation": [-0.7134577220211212, -0.01000401695366566, -0.01081064270171525, -0.7005434522837247], "translation": [-274.46173969153574, 3046.614023427976, -19.031196004030754]}