{"rotation": [-0.9987842669163027, -0.013364155669405216, 0.0027439880624084774, -0.0473693786450811], "translation": [-244.001792176554, 3058.0492721760156, -19.305174964955388]}