{"rotation": [-0.8342295052152275, 9.978272317928954e-05, -0.014546933452106642, -0.5512254614936658], "translation": [-273.5254127779821, 3051.9004453997, -19.080979543262746]}