{"rotation": [-0.9997498741423143, -0.014261731441101898, 0.0021946440992004677, -0.017087296626634187], "translation": [-261.3270890397085, 3057.044551441298, -19.424183017191552]}