{"rotation": [-0.9987525376072054, -0.007635138626165482, 0.0010660003265503058, -0.04933494628182701], "translation": [-239.13444859092607, 3058.6268262111184, -19.28650374037661]}