{"rotation": [-0.7806002844598198, -0.0032422690827387463, -0.011350735036792684, -0.6249190702855596], "translation": [-274.1014719060416, 3050.072008084398, -19.052038486625683]}