{"rotation": [-0.9998951231609179, -0.007754533180667528, 0.0021569179182604143, -0.012039833855029925], "translation": [-221.03809165778335, 3058.895175700442, -19.272611240903142]}