{"rotation": [-0.6740906390021641, -0.008727204885083075, -0.015851022778301117, -0.7384269709195551], "translation": [-273.9227738054532, 3038.6779163361816, -19.030479638191768]}