{"rotation": [-0.9997498745389892, -0.014261673903348362, 0.002194659165171089, -0.017087319505953835], "translation": [-261.3270661687592, 3057.0445524323104, -19.42418309473584]}