{"rotation": [-0.9995521845021532, -0.017180037024737162, -0.004957383491515493, -0.023993772811301235], "translation": [-263.9997443298196, 3056.9305797066118, -19.38673127985112]}