{"rotation": [-0.9995456924450649, -0.007667225179085586, 0.001931676546361559, -0.02908420530613363], "translation": [-251.7818968462064, 3057.569875924109, -19.35495266230509]}