{"rotation": [-0.9999389059487237, -0.009026349693961948, 0.001091816699332753, -0.006286280105675307], "translation": [-223.45962831864324, 3058.854750677974, -19.27615525114433]}