{"rotation": [-0.715320907329275, -0.009881291197108356, -0.010734300884530437, -0.6986437821997854], "translation": [-274.4619559679235, 3046.7657253750276, -19.030530286568784]}