{"rotation": [-0.999552622924233, -0.011817660377763191, 0.0009080967275237104, -0.027460376341477813], "translation": [-247.60954916176706, 3057.8061625076475, -19.31264438763422]}