{"rotation": [-0.9991773984270808, -0.007495571169687184, 0.0009214612211547178, -0.03984336575327032], "translation": [-238.09623463530713, 3058.721268775426, -19.283975507641088]}