{"rotation": [-0.9999368738749871, -0.008130517823159794, 0.00033454641447567255, -0.007747969007555731], "translation": [-234.10851154557957, 3058.900040390056, -19.289085650710728]}