{"rotation": [-0.9996558637155537, -0.007348274485665545, 0.002095287024983394, -0.025095154382402726], "translation": [-212.79622777857207, 3059.206267484258, -19.22350180852496]}