{"rotation": [-0.8725634922367707, -0.001972996492202373, -0.012888638776361736, -0.48832667579286027], "translation": [-272.9859769743058, 3052.957295701376, -19.1184886850145]}