{"rotation": [-0.682733761326245, -0.012023281852015039, -0.010049501031486349, -0.7304991850562484], "translation": [-274.3227973938521, 3042.488779167019, -19.020847062174575]}