{"rotation": [-0.6766987700134016, -0.011309684056466818, -0.011990389172591556, -0.7360754691445588], "translation": [-274.0947192965907, 3040.2282197917093, -19.030410264289838]}