{"rotation": [-0.9999511142393397, -0.008641638627773606, 0.0006002052583415505, -0.004767700386763138], "translation": [-233.57529214108084, 3058.9056686925314, -19.2927114338979]}