{"rotation": [-0.7888406977058025, -0.004117568046597332, -0.012839579115544624, -0.6144497900435317], "translation": [-274.0302202188247, 3050.375413575457, -19.05680996337361]}