{"rotation": [-0.9999604620336937, -0.008533580728137813, 0.0008578660146280801, -0.0023487092666485067], "translation": [-225.03120217655922, 3058.8443699658474, -19.28081126009143]}