{"rotation": [-0.7929361993612941, -0.004276119873406401, -0.013407529876939411, -0.6091421317589955], "translation": [-273.9915078138546, 3050.5299864330896, -19.059022351598763]}