{"rotation": [-0.9958286230667125, -0.008148787410704642, -0.009132996177066836, -0.09041868792246588], "translation": [-267.28545453079045, 3056.5909651277166, -19.316333213123034]}