{"rotation": [-0.9999550124697396, -0.008773885872870668, 0.0025156896102482788, 0.002581330881074548], "translation": [-227.14740443194984, 3058.850545607546, -19.288937513856332]}