{"rotation": [-0.9215155591569747, 0.00033629120378860476, -0.013042924579833753, -0.3881222014498003], "translation": [-271.99575156875915, 3054.23732460307, -19.162194032045637]}