{"rotation": [-0.9995524837970939, -0.008681547598458303, 0.0018814167717405624, -0.028564368315910155], "translation": [-250.92382950513266, 3057.6208580573075, -19.345294283598854]}