{"rotation": [-0.999598122344698, -0.006866797031175818, 0.0010558683457884178, -0.027483195693424937], "translation": [-236.71884826181312, 3058.816971379388, -19.28829646255974]}