{"rotation": [-0.9998737470067542, -0.008861852924999476, 0.000346490535134145, -0.013184747010010354], "translation": [-234.98602907729727, 3058.8835604624287, -19.288137262283264]}