{"rotation": [-0.9992411080967378, -0.00709795338738229, 0.0009036885427329556, -0.038288513869461784], "translation": [-237.9259706380488, 3058.7351552727873, -19.284423646381857]}