{"rotation": [-0.999734086454409, -0.009857832461362053, 0.0028637710664558597, -0.020648930616646244], "translation": [-259.35588800358113, 3057.1341291742438, -19.41736573533578]}