{"rotation": [-0.9980891255470822, -0.007815264046763167, 0.0031651136050472196, -0.061212753315035486], "translation": [-240.8571597210464, 3058.424997641991, -19.29406909858692]}