{"rotation": [-0.9999371383727393, -0.008879877194196764, 0.001603514670489454, 0.006655510848515338], "translation": [-229.7712365127202, 3058.8845392923317, -19.2930077328744]}