{"rotation": [-0.9999615055848007, -0.008503730811374207, 0.0010777227758499972, -0.0018741463349481388], "translation": [-225.22685387117662, 3058.84420451551, -19.28102560990719]}