{"rotation": [-0.9999389060034233, -0.009026348775153745, 0.001091815293595721, -0.006286272968226527], "translation": [-223.45963108889356, 3058.8547506568902, -19.276155248115884]}