{"rotation": [-0.9980891247568869, -0.007815272008269336, 0.0031651166112727108, -0.06121276502744482], "translation": [-240.85716272546847, 3058.4249972569783, -19.29406911699119]}