{"rotation": [-0.9999459576589306, -0.008906830778582207, 0.000843340370513013, -0.005295177434753107], "translation": [-223.85402660407266, 3058.850861053619, -19.27778746176409]}