{"rotation": [-0.9985990288328369, -0.007081500268643582, 0.0014265438454468527, -0.052419432853831195], "translation": [-239.4783425075688, 3058.5903853799964, -19.286097417199592]}