{"rotation": [-0.9983027085213695, -0.011525307085213009, 0.003740008219606816, -0.05696386393149966], "translation": [-242.9480715279113, 3058.1614937170857, -19.30066131977489]}