{"rotation": [-0.8469103206977315, -9.455636963708961e-05, -0.014132559628613936, -0.5315479004879073], "translation": [-273.3643917715324, 3052.261760198859, -19.09082486255915]}