{"rotation": [-0.6745369191916653, -0.008774504961633064, -0.01553821325553893, -0.7380254173393493], "translation": [-273.958701256736, 3039.032905845962, -19.030593224379736]}