{"rotation": [-0.999804566481822, -0.006338873586047376, 0.0022889959046370856, -0.018585155945130303], "translation": [-217.70958193344705, 3058.9945047450024, -19.255796527644897]}