{"rotation": [-0.965982828683925, 0.001899205898113261, -0.009473787969907178, -0.25842564703655196], "translation": [-270.41485306450176, 3055.4794873070273, -19.228453347630182]}