{"rotation": [-0.9995400631843502, -0.007311312076827852, 0.0020542883737281604, -0.029359610086276324], "translation": [-252.4405859547523, 3057.5292845315244, -19.365048502443095]}