{"rotation": [-0.9996049527870307, -0.008483515490797303, 0.003582931433042664, -0.02655430155175792], "translation": [-256.57104118713397, 3057.2782136739693, -19.409186486994845]}