{"rotation": [-0.6807421913170648, -0.012196714221190487, -0.010116391352370076, -0.7323516694519466], "translation": [-274.2664038406386, 3041.8562896207854, -19.021242499144876]}