{"rotation": [-0.999746125909312, -0.014780848382575932, 0.0016816284931052091, -0.016922835933275215], "translation": [-261.7555154414739, 3057.0304462135796, -19.419518788033248]}