{"rotation": [-0.9997363626061674, -0.015270118548470069, 1.3479238640943362e-05, -0.01714726161273888], "translation": [-262.38062214311185, 3057.004396150994, -19.412095100031706]}