{"rotation": [-0.9999534677244251, -0.008780228214988252, 0.0026002533026752445, 0.0030345775903612136], "translation": [-227.3393739632144, 3058.852463889918, -19.287997965424744]}