{"rotation": [-0.9999363270135081, -0.009113075479880281, 0.001765327950572178, 0.00641696121693634], "translation": [-229.02694346011978, 3058.8728750119712, -19.29291074415742]}