{"rotation": [-0.6755525441875706, -0.009433708738439763, -0.014180771599973758, -0.7371151001695517], "translation": [-274.0293339752098, 3039.677608098265, -19.02999040232857]}