{"rotation": [-0.9989333579325703, -0.007940293194924857, 0.0008839041201923331, -0.04547875181933181], "translation": [-238.712748724754, 3058.667691600804, -19.285320305658214]}