{"rotation": [-0.9996558636679023, -0.007348267328920885, 0.002095287991341472, -0.02509515829550598], "translation": [-212.7962223363653, 3059.206267742678, -19.223501758655708]}