{"rotation": [-0.9997498745328051, -0.014261674800373476, 0.0021946589302895892, -0.01708731914926063], "translation": [-261.32706652532187, 3057.04455241686, -19.4241830935269]}