{"rotation": [-0.999954387558311, -0.008453236107156755, 0.0012559026697831536, 0.00426477557251057], "translation": [-231.2419454906266, 3058.9036699139633, -19.29554896482106]}