{"rotation": [-0.9996570258039269, -0.006940848775540424, 0.0027128889556763012, -0.025105688850066244], "translation": [-209.1881459930168, 3059.389492702286, -19.19453888860849]}