{"rotation": [-0.998521030272606, -0.0068973609702145, 0.001657214658883561, -0.053902060763522455], "translation": [-239.64989091757224, 3058.5717011320385, -19.288745938886166]}