{"rotation": [-0.9999385038883565, -0.008827024997865264, 0.001515914597570235, 0.006540189151339297], "translation": [-229.952583932453, 3058.887678163901, -19.294177367567485]}