{"rotation": [-0.9996137979063408, -0.017342929853737792, -0.0038932900504218895, -0.021361650496465965], "translation": [-263.6009318246252, 3056.9503524241454, -19.39472112935977]}