{"rotation": [-0.9997722633142834, -0.006841280672739139, 0.0023466821212427135, -0.02007763604645565], "translation": [-216.85658641482448, 3059.0260290866136, -19.253061535070998]}