{"rotation": [-0.999389724087646, -0.013550448694724911, 0.0027393269212601223, -0.032078977792456435], "translation": [-245.61214880452752, 3057.923627553751, -19.31054833435807]}