{"rotation": [-0.6736699771924951, -0.0088298589451314, -0.01601616006849762, -0.7388059813219792], "translation": [-273.89711571155993, 3038.4129891849425, -19.02985480414669]}