{"rotation": [-0.7684958758944643, -0.0034271038932047354, -0.00966155038635637, -0.6397726144000204], "translation": [-274.19670643686055, 3049.606813124457, -19.04613413277852]}