{"rotation": [-0.9980049046719075, -0.009497555784880691, 0.003992799341159837, -0.062290161649742964], "translation": [-241.54832102047453, 3058.3359088646093, -19.297847191603584]}