{"rotation": [-0.9996407151573906, -0.007594299210736172, 0.0030645524980555945, -0.025522063731312498], "translation": [-210.24287643294292, 3059.334613880608, -19.206344594514597]}