{"rotation": [-0.6903746023565913, -0.01212682405348339, -0.010248029757310149, -0.7232778348915772], "translation": [-274.4163426238779, 3043.9628074886705, -19.030003518075073]}