{"rotation": [-0.8596190013230172, -0.001008379356660526, -0.013547784701977716, -0.5107549444353532], "translation": [-273.181522978161, 3052.6176421183736, -19.105357938454308]}