{"rotation": [-0.9995921967453525, -0.010125029943056366, -0.0002829477534795919, -0.02669913697147312], "translation": [-248.89954899479338, 3057.736925943727, -19.32045364341111]}