{"rotation": [-0.9995504732218325, -0.008480483707406877, 0.0019116567433500847, -0.028692829184219247], "translation": [-251.13561800468386, 3057.6076189851237, -19.348174075363893]}