{"rotation": [-0.990286929620189, -0.0029972714616714824, -0.009909003860477786, -0.13865289405453068], "translation": [-268.4203304656285, 3056.324012678879, -19.288008415604505]}