{"rotation": [-0.999833717674193, -0.006777589167797396, 0.002194506761922211, -0.016786465588275342], "translation": [-218.76237650083186, 3058.9583541006746, -19.26049218023005]}