{"rotation": [-0.9996453958992219, -0.007076991013753686, 0.002794319208872162, -0.02551843325594818], "translation": [-211.5188508279905, 3059.2708608683147, -19.212097106925192]}