{"rotation": [-0.9999516276902941, -0.00864465712297333, 0.0025816338499588683, 0.003917569325807942], "translation": [-227.71550331348368, 3058.855856299412, -19.290343984771642]}