{"rotation": [-0.9999608919878984, -0.008628302130424476, 0.0013094350082248313, -0.0014325770737230298], "translation": [-225.420750535978, 3058.8442561319507, -19.281993865289387]}