{"rotation": [-0.999779265535295, -0.006759740742708103, 0.0024597281456573677, -0.019740208921058846], "translation": [-217.07327506971117, 3059.017434789794, -19.252687365418378]}