{"rotation": [-0.9999426837035754, -0.008966126079775755, 0.0009586581703863496, -0.005772249589660225], "translation": [-223.6569964014217, 3058.8531775763986, -19.276565403614494]}