{"rotation": [-0.9985270584459821, -0.012525844852449213, 0.0033725136792971426, -0.05268247254476321], "translation": [-243.47401199113435, 3058.1019694994884, -19.30278300519619]}