{"rotation": [-0.9996483842035911, -0.007104572828715513, 0.003044165889971941, -0.025364661600448608], "translation": [-209.82224623369183, 3059.3571004276605, -19.201837895584074]}