{"rotation": [-0.9995407071593161, -0.011828604197292992, 0.00214584097862591, -0.02781823539861001], "translation": [-247.24509985175158, 3057.827022046575, -19.313997220000683]}