{"rotation": [-0.7577973012624152, -0.004573887563731791, -0.008996973928657228, -0.6524119743015772], "translation": [-274.2638406809491, 3049.1736596105793, -19.04430985864145]}