{"rotation": [-0.9522775814654612, 0.002770459347716688, -0.010008291624592894, -0.3050566611173273], "translation": [-271.02917432847073, 3055.078804300408, -19.206111960663517]}