{"rotation": [-0.9995814706517592, -0.011054965405872698, -0.000765942211836841, -0.026722361461319382], "translation": [-248.34050838513124, 3057.767293006372, -19.31383995856434]}