{"rotation": [-0.999844689528694, -0.006977338312102184, 0.0021514646179445866, -0.016040098857104383], "translation": [-219.1784880072364, 3058.944759432998, -19.26410213152349]}