{"rotation": [-0.9995615065725515, -0.008928028931129768, 0.001640136207738434, -0.028185010751037753], "translation": [-250.50225901821491, 3057.644915020257, -19.341164466844635]}