{"rotation": [-0.9997547827749982, -0.01276910317744282, 0.002532023500354645, -0.017914049780933375], "translation": [-260.6795926693982, 3057.07230238586, -19.42521150782083]}