{"rotation": [-0.9996695044489257, -0.00897763347191071, 0.004593982647215592, -0.02364697222734122], "translation": [-257.97767543304366, 3057.2006111245573, -19.419014769544837]}