{"rotation": [-0.999938503788919, -0.008827026361117589, 0.001515919390809866, 0.006540201403532035], "translation": [-229.95256736037973, 3058.887677868467, -19.294177413797772]}