{"rotation": [-0.6740906459125996, -0.008727204922823407, -0.015851024235541526, -0.7384269645794727], "translation": [-273.9227742750901, 3038.6779210307186, -19.030479636905596]}