{"rotation": [-0.9997264054082995, -0.009556965357658955, 0.003116797577936619, -0.02112023473854656], "translation": [-259.1263843049671, 3057.144088805596, -19.41804783475292]}