{"rotation": [-0.8596186641722248, -0.0010083451658794412, -0.013547807275686193, -0.5107555113406094], "translation": [-273.18152783580314, 3052.617632969261, -19.105357531994475]}