{"rotation": [-0.9996425592395863, -0.007408832716537537, 0.0030669753349599387, -0.02550405099201442], "translation": [-210.12031514370415, 3059.3406163656737, -19.204847656908083]}