{"rotation": [-0.9995660187981744, -0.007868894298564647, 0.001973246805784829, -0.028318913530168972], "translation": [-255.40303629358584, 3057.349097475162, -19.39156410326952]}