{"rotation": [-0.6792162744202509, -0.012323142653803408, -0.01022623921222825, -0.7337634610345373], "translation": [-274.22949357055575, 3041.373928288713, -19.016612380337406]}