{"rotation": [-0.9999608917971485, -0.008628328009907876, 0.001309482956529997, -0.0014325105205279399], "translation": [-225.42078156353227, 3058.8442561709453, -19.28199404147573]}