{"rotation": [-0.9999534675009732, -0.008780229097520256, 0.0026002594875829915, 0.0030346433682161087], "translation": [-227.33939973694828, 3058.8524641842505, -19.287997992796043]}