{"rotation": [-0.9997339373161306, -0.00852734552864053, 0.0007545669167932221, -0.021418907194124256], "translation": [-236.02868420678865, 3058.8494525209776, -19.288894962158633]}