{"rotation": [-0.7117012372528349, -0.010206863255523344, -0.010866528766484942, -0.7023240615184948], "translation": [-274.46107088089246, 3046.461746098927, -19.031700695551734]}