{"rotation": [-0.9997143879505066, -0.006311771434283103, 0.0027722964241905725, -0.022882710474107074], "translation": [-214.9358324654236, 3059.106919973786, -19.23959024576924]}