{"rotation": [-0.999640715493669, -0.0075942625502610685, 0.003064553962085072, -0.025522061292863815], "translation": [-210.2428559822918, 3059.334614858206, -19.20634441143202]}