{"rotation": [-0.6895163311334236, -0.012071090280541787, -0.010281908025296691, -0.7240965406954389], "translation": [-274.40579251566436, 3043.8316078396306, -19.03103340729369]}