{"rotation": [-0.9879955407384928, -0.0021298869514632716, -0.009761290737410921, -0.15415898373292078], "translation": [-268.72802926023525, 3056.2288662805418, -19.280781783147173]}