{"rotation": [-0.9996428274442928, -0.007271299136560136, 0.002903883490642287, -0.025552166419296776], "translation": [-211.3041561539947, 3059.2811856909643, -19.211697358396705]}