{"rotation": [-0.9995456920891087, -0.0076671906018857, 0.001931677589607411, -0.02908422658536639], "translation": [-251.78192633396836, 3057.5698741558513, -19.35495300626193]}