{"rotation": [-0.999540707120302, -0.011828603946647006, 0.0021458490685851124, -0.02781823628296864], "translation": [-247.24509755742366, 3057.827022178465, -19.313997242929258]}