{"rotation": [-0.9989726584284859, -0.007906376845301022, 0.0009067213450194181, -0.04461271986671734], "translation": [-238.61691858671466, 3058.676355746177, -19.285779974370925]}