{"rotation": [-0.7432621157029291, -0.007232307196662863, -0.009984052314537042, -0.6688867167112824], "translation": [-274.34565124205164, 3048.5043509076722, -19.03935275488521]}