{"rotation": [-0.6783920954579796, -0.012324954095566533, -0.010320615942941022, -0.7345241624434365], "translation": [-274.18974866790774, 3041.0177617233508, -19.01991015071469]}