{"rotation": [-0.9659833712149769, 0.0018990996769861796, -0.009473777734872823, -0.25842362022848303], "translation": [-270.4148243506876, 3055.4795041244524, -19.228454529502343]}