{"rotation": [-0.7929395372108909, -0.004275992374381318, -0.01340777620795871, -0.6091377822415465], "translation": [-273.99147668838555, 3050.530108130724, -19.05902328939615]}