{"rotation": [-0.9968079092515939, -0.009625381969147624, -0.00851108756249909, -0.07879660820059249], "translation": [-266.9439250135509, 3056.6523128787576, -19.325416747029315]}