{"rotation": [-0.9996715652941071, -0.0077236675176507825, 0.0009493709996674731, -0.024417313472446273], "translation": [-236.3725637231759, 3058.8342324134937, -19.287349084425205]}