{"rotation": [-0.9999348374274729, -0.009128861345184232, 0.0011774656309124232, -0.006752656079038285], "translation": [-223.26029922397657, 3058.856770599777, -19.276530648817953]}