{"rotation": [-0.7117012448903846, -0.010206862220944819, -0.010866528438976094, -0.7023240537990739], "translation": [-274.4610708884286, 3046.461746767686, -19.0317006946588]}