{"rotation": [-0.8725596453514368, -0.001972948399576084, -0.012888762206321678, -0.4883335464491215], "translation": [-272.98603745948634, 3052.957194376718, -19.11848460531574]}