{"rotation": [-0.6736699769184016, -0.008829858946933826, -0.016016160273833215, -0.7388059815674346], "translation": [-273.89711571180834, 3038.4129891907583, -19.029854804643072]}