{"rotation": [-0.8896820342660748, -0.0009706777722896351, -0.012424151352164018, -0.45641053466371684], "translation": [-272.6965544953038, 3053.398834790177, -19.132342167122548]}