{"rotation": [-0.9997440970856122, -0.01177781286144744, 0.0026318436768808045, -0.019133657923545776], "translation": [-260.02438954983535, 3057.104189378935, -19.420921309498482]}