{"rotation": [-0.9999534673442386, -0.008780229716540031, 0.0026002638257603245, 0.0030346895056868454], "translation": [-227.33941781499132, 3058.8524643907012, -19.28799801199481]}