{"rotation": [-0.9991616186089423, -0.01418381618909726, 0.00237819447336251, -0.038330450664184314], "translation": [-244.89827347209444, 3057.971892205734, -19.30521877812743]}