{"rotation": [-0.998269993364586, -0.006950142669996558, 0.0024952495193783612, -0.05833086313926914], "translation": [-240.26405389312282, 3058.499696766211, -19.290839937913628]}