{"rotation": [-0.9997440973895617, -0.011777851969003434, 0.0026318387722104653, -0.019133618643733735], "translation": [-260.0244071342534, 3057.104188740911, -19.42092141053209]}