{"rotation": [-0.6762189492803223, -0.010571609979084722, -0.01292363871362191, -0.7365114753071176], "translation": [-274.0681440569915, 3040.008247546461, -19.03090413850262]}