{"rotation": [-0.7134576725558948, -0.010004021901345717, -0.01081064279270428, -0.7005435025887626], "translation": [-274.4617396626557, 3046.6140192704393, -19.03119600391645]}