{"rotation": [-0.9999427502128119, -0.0089342632171473, 0.002076257614418901, 0.005510389452977382], "translation": [-228.468430900493, 3058.8644763144407, -19.291550627806057]}