{"rotation": [-0.9999051070789592, -0.008481999102750307, 0.0002622831009601386, -0.0108519001198425], "translation": [-234.63607617644152, 3058.8915537441626, -19.287782131907452]}