{"rotation": [-0.6750028185584233, -0.008899085078348409, -0.014957538635598183, -0.7376098380993283], "translation": [-273.9924615895705, 3039.3482272172228, -19.029962121653966]}