{"rotation": [-0.9999507512705932, -0.009757250371488974, 0.0009203821776435651, -0.0015633282482113613], "translation": [-232.86469546557507, 3058.9084020475684, -19.296001129106422]}