{"rotation": [-0.6789268659141467, -0.012399103210729437, -0.01015854957166325, -0.7340309100100374], "translation": [-274.2164354255989, 3041.2514025914365, -19.01725841316997]}