{"rotation": [-0.9995467978904645, -0.008150198936017162, 0.0019030171947942841, -0.02891628623766609], "translation": [-254.94242589728128, 3057.377312164027, -19.386005823903034]}