{"rotation": [-0.9989765691088259, -0.012862447417415804, -0.006004739795806239, -0.04294548774875076], "translation": [-265.519885631534, 3056.828152638476, -19.36066972627696]}