{"rotation": [-0.9997461259404562, -0.014780845713411591, 0.0016816319108448345, -0.016922836085076165], "translation": [-261.75551314175317, 3057.030446286084, -19.419518817789328]}