{"rotation": [-0.9952507014953659, -0.007573292815378008, -0.009404924455298867, -0.09659313539224681], "translation": [-267.4523844937434, 3056.559708610338, -19.31184437846071]}