{"rotation": [-0.7172680486222602, -0.009668147053578768, -0.010670588074002781, -0.6966485569556002], "translation": [-274.45926346211434, 3046.9241542570912, -19.030941660399506]}