{"rotation": [-0.6964649007670772, -0.01199324252030102, -0.01081611721191215, -0.7174090992884135], "translation": [-274.4539369723864, 3044.821086594275, -19.031282755923616]}