{"rotation": [-0.7465047793515597, -0.006755275533789603, -0.00971481464055149, -0.6652748327076875], "translation": [-274.3309796139516, 3048.6617148964237, -19.03926469774896]}