{"rotation": [-0.8217940872248114, -0.0014921044162174513, -0.014756877084810332, -0.5695915083684571], "translation": [-273.6781497261, 3051.5143617036656, -19.072936670570485]}