{"rotation": [-0.9999586500140317, -0.008889263594133681, 0.0019180872862621927, -1.4001131686558858e-05], "translation": [-225.99899399286568, 3058.8449587795794, -19.285722251961136]}