{"rotation": [-0.9995504732817613, -0.008480500851081344, 0.0019116546236427065, -0.02869282217073922], "translation": [-251.1356049014344, 3057.60761977242, -19.34817393421335]}