{"rotation": [-0.9946134505958408, -0.006711446490663428, -0.009568840128598212, -0.10299260982435171], "translation": [-267.61893444940966, 3056.5248768188303, -19.307704822242883]}