{"rotation": [-0.9995664697358077, -0.011643352565618478, -0.00018413601725177003, -0.027042023127989742], "translation": [-247.9738267366846, 3057.7866501614253, -19.3122970903784]}