{"rotation": [-0.9995182115462177, -0.01665679956873219, -0.00538378091666697, -0.025630269577571016], "translation": [-264.19202838031873, 3056.9218571646047, -19.38421362711998]}