{"rotation": [-0.9999543875133987, -0.008453233494728618, 0.0012559031046555829, 0.0042647911530308315], "translation": [-231.24193951900008, 3058.903669865463, -19.295548964072843]}