{"rotation": [-0.9999501813999492, -0.009914624876502388, 0.001127792421203283, -0.000251029922039105], "translation": [-232.5076315873134, 3058.9084579656874, -19.295227785724315]}