{"rotation": [-0.9995835286489225, -0.017414818928696674, -0.0045438253124312575, -0.022557636999019203], "translation": [-263.7956493502616, 3056.939099394084, -19.392303028277706]}