{"rotation": [-0.9999516273938484, -0.008644610800986455, 0.002581634365662831, 0.003917746864678441], "translation": [-227.71557861747436, 3058.855857171354, -19.290344041316864]}