{"rotation": [-0.9999534673675319, -0.008780229624544651, 0.002600263181043793, 0.003034682648984578], "translation": [-227.33941512833, 3058.8524643600194, -19.28799800914157]}