{"rotation": [-0.9996904725490581, -0.007364693390653937, 0.002730285522547529, -0.023606480611647353], "translation": [-214.29133607053507, 3059.1362559688787, -19.236554094974718]}