{"rotation": [-0.9996563780934244, -0.008905388650003603, 0.0044748832492844375, -0.02424448824030429], "translation": [-257.7468574205662, 3057.214673866583, -19.417847934909556]}