{"rotation": [-0.72622821312393, -0.008902350388627626, -0.010311180788850282, -0.6873187107675168], "translation": [-274.42374054176406, 3047.5517754625293, -19.03365231032845]}