{"rotation": [-0.999812241441806, -0.0062527040641157956, 0.0022227965461484116, -0.018205623595827676], "translation": [-217.91985245366774, 3058.987333780812, -19.25733997668411]}