{"rotation": [-0.9997461250725658, -0.014780920094124418, 0.0016815366698339146, -0.016922831854889957], "translation": [-261.7555772273034, 3057.0304442656175, -19.419517988580402]}