{"rotation": [-0.6748396860913785, -0.00881857985274019, -0.01515588657756616, -0.737756009685803], "translation": [-273.9806216952102, 3039.239683624806, -19.030214049878534]}