{"rotation": [-0.9999459575756028, -0.00890683216506645, 0.0008433419895103588, -0.0052951905803995825], "translation": [-223.85402123045125, 3058.8508611037014, -19.27778745706993]}