{"rotation": [-0.9988269652827247, -0.012313912008191812, -0.006101816924933571, -0.04643090377509073], "translation": [-265.7002049680001, 3056.8114661772083, -19.35770692939845]}