{"rotation": [-0.9995981129361539, -0.006866718128261507, 0.001055855085038391, -0.02748355811511202], "translation": [-236.71888893669032, 3058.816969117461, -19.28829603671066]}