{"rotation": [-0.6786721681681037, -0.012344957046952461, -0.0102360254789905, -0.7342662418849906], "translation": [-274.2032029951876, 3041.1354937971228, -19.018579630748402]}