{"rotation": [-0.6759859557313046, -0.010178178239828464, -0.013413777080255304, -0.7367221069889204], "translation": [-274.05507484429995, 3039.8978040737366, -19.030669628375108]}