{"rotation": [-0.9998118670417177, -0.009186278725973579, 0.00048679205706819695, -0.017076470338350806], "translation": [-235.5074471139079, 3058.8684669560407, -19.288221988181885]}