{"rotation": [-0.9999412337245516, -0.008920978345944734, 0.0019210157450018418, 0.005852772102207071], "translation": [-228.65502797218923, 3058.867201265718, -19.29157529182019]}