{"rotation": [-0.9922538157887588, -0.004069825156188093, -0.00991553143165562, -0.12376382271194547], "translation": [-268.10052306091967, 3056.4109350805747, -19.296983687963717]}