{"rotation": [-0.9995401538836485, -0.008252595690771474, 0.0019279128985834326, -0.029114576941326492], "translation": [-254.70912976059486, 3057.3908472936273, -19.38538279071164]}