{"rotation": [-0.87256373897696, -0.001972999576894389, -0.012888630859446632, -0.48832623510291356], "translation": [-272.9859730946876, 3052.957302200381, -19.118488946688817]}