{"rotation": [-0.7499204211133265, -0.006069886640234196, -0.009418665264424258, -0.6614331464464286], "translation": [-274.3068223734022, 3048.818875733391, -19.043269895764674]}