{"rotation": [-0.9995383331648849, -0.007257109259182278, 0.0019666897289199853, -0.029437850306602203], "translation": [-253.33887875904722, 3057.4743789876447, -19.37443149145629]}