{"rotation": [-0.6743742744631875, -0.008730615548726598, -0.015746784370151024, -0.738170138299017], "translation": [-273.94548830926993, 3038.9052148958353, -19.03059672661079]}