{"rotation": [-0.9995401532643375, -0.008252593229205135, 0.0019279153823992276, -0.02911459873630876], "translation": [-254.7090957820851, 3057.3908492585438, -19.38538259707033]}