{"rotation": [-0.9922538349985749, -0.00406983958872948, -0.009915530357935616, -0.12376366831208535], "translation": [-268.1005196921812, 3056.4109359675936, -19.296983753985042]}