{"rotation": [-0.6781356269837274, -0.012232206847856069, -0.01046677108621421, -0.7347604311842378], "translation": [-274.1767546524519, 3040.90310361704, -19.020956639168407]}