{"rotation": [-0.9922539088158449, -0.0040698950486066825, -0.009915526231953135, -0.12376307500023519], "translation": [-268.1005067471387, 3056.4109393761278, -19.29698400768485]}