{"rotation": [-0.7342008034664289, -0.008103277247834207, -0.01007528466900603, -0.6788092557750914], "translation": [-274.38856560404616, 3048.0272251330853, -19.036276032714877]}