{"rotation": [-0.9998523154855706, -0.007647348944355883, 0.0021269268724215004, -0.015242750878553396], "translation": [-219.5934130629831, 3058.9322570968075, -19.267655782502747]}