{"rotation": [-0.8682299344033931, -0.001741815058273404, -0.013129126265201022, -0.4959852549518936], "translation": [-273.0536440590969, 3052.8486631821893, -19.114644487271832]}