{"rotation": [-0.9996384934583926, -0.007816660047060015, 0.0030648050496207297, -0.02554191049925378], "translation": [-210.4562082099684, 3059.324354081223, -19.207458239679763]}