{"rotation": [-0.9099718318685215, 0.00017992386051731535, -0.013234563468265804, -0.41445877860537117], "translation": [-272.2771571935837, 3053.9295472433455, -19.148772927749633]}