{"rotation": [-0.978874110675933, -0.0004996962940501213, -0.00885376132185213, -0.20427147784864813], "translation": [-269.6034851089475, 3055.8939918169463, -19.25944550421625]}