{"rotation": [-0.9997891379564717, -0.008934749351968226, 0.000517797002819855, -0.018481930757810076], "translation": [-235.67797855671535, 3058.862522729398, -19.28857353562641]}