{"rotation": [-0.9995336011168903, -0.007804588867322391, 0.0019377693214879244, -0.029460374759500748], "translation": [-253.79409386630567, 3057.44687488926, -19.37768174546623]}