{"rotation": [-0.9995896480454171, -0.00935622504682047, 0.0006811513954054163, -0.027065339570919233], "translation": [-249.4817653578813, 3057.7042214959165, -19.328709077776942]}