{"rotation": [-0.9853677092300962, -0.0014885833248561102, -0.009318107608664828, -0.17018059406674685], "translation": [-269.0276583455266, 3056.1264367550684, -19.274169320808358]}