{"rotation": [-0.9997167710938476, -0.008353081783297182, 0.0008156334278144105, -0.022269673561248867], "translation": [-236.12729210787882, 3058.845318604803, -19.28831029114316]}