{"rotation": [-0.6850123116505406, -0.012019210004928865, -0.010274473515329417, -0.7283598744247399], "translation": [-274.3553281213751, 3043.0183610401054, -19.028282533827976]}