{"rotation": [-0.9999577345153398, -0.00891140380050446, 0.0021712391188743432, 0.0006338658710121289], "translation": [-226.28647965966238, 3058.845333764818, -19.287002343961223]}