{"rotation": [-0.7607522303058282, -0.004114565904428656, -0.009030737258010634, -0.6489665324319145], "translation": [-274.24449786303046, 3049.2940813952596, -19.046361379936307]}