{"rotation": [-0.9995596924398025, -0.011768257569297016, 0.00024048648492673748, -0.0272373186947746], "translation": [-247.78453570291109, 3057.796800486516, -19.315391715512174]}