{"rotation": [-0.999694507084923, -0.01634006094719575, -0.0020893256985725557, -0.018426329819035966], "translation": [-262.9980515288846, 3056.978147335955, -19.402362687254534]}