{"rotation": [-0.9999502669805458, -0.009880935630347306, 0.0010247893956297908, -0.0008834496583113757], "translation": [-232.68611867289312, 3058.9088881699777, -19.29421143086609]}