{"rotation": [-0.9994847293109546, -0.006387960168816615, 0.0009525210113413966, -0.03144141445311654], "translation": [-237.16440933354917, 3058.7903761170382, -19.286721458309735]}