{"rotation": [-0.8217979205216583, -0.001491453997059324, -0.014756833626913704, -0.5695859805618116], "translation": [-273.678105192531, 3051.5144852579274, -19.072938427860358]}