{"rotation": [-0.8639127239782595, -0.0013835407905795855, -0.013255489103409967, -0.5034651757291403], "translation": [-273.11897373397386, 3052.7328658903766, -19.10990125108904]}