{"rotation": [-0.6878679565924768, -0.012253533114116203, -0.009989073113070781, -0.7256636573770617], "translation": [-274.3924043720288, 3043.546432441279, -19.02920997322638]}