{"rotation": [-0.999667997738422, -0.007876171031659935, 0.0025050622108563937, -0.02440460798402776], "translation": [-213.6511567071032, 3059.165517579748, -19.231600888346424]}