{"rotation": [-0.6773940995203234, -0.011953321932702134, -0.010996491591106548, -0.7354409760154178], "translation": [-274.1352288012401, 3040.558594909114, -19.026504092766213]}