{"rotation": [-0.9999254246190973, -0.009183155400798754, 0.0014677948982671023, -0.00791583446893926], "translation": [-222.75581590362935, 3058.863351327497, -19.27656258878732]}