{"rotation": [-0.9997264045907768, -0.009556940248982558, 0.0031168452261517666, -0.02112027776597802], "translation": [-259.126361961421, 3057.1440897985226, -19.418047904026896]}