{"rotation": [-0.9998542773305686, -0.009113141941364998, 0.00037289273396855227, -0.014430374171581382], "translation": [-235.15878311377864, 3058.878769713482, -19.287991467904018]}