{"rotation": [-0.9982408711290262, -0.011203807133294766, 0.003843884598525563, -0.05809356646373331], "translation": [-242.7731670701803, 3058.1821112775383, -19.300079733231495]}