{"rotation": [-0.9999348374580086, -0.009128860356733146, 0.001177464657199758, -0.00675265306338256], "translation": [-223.26030051923237, 3058.8567705827704, -19.27653064655202]}