{"rotation": [-0.6878679869645525, -0.012253529956381909, -0.009989076848572837, -0.7256636285887943], "translation": [-274.3924048953066, 3043.5464381187335, -19.029209956180203]}