{"rotation": [-0.9359963916787641, 0.001976337114726412, -0.01135824072610752, -0.35182074871097413], "translation": [-271.58948968228236, 3054.6270253541215, -19.181673612203962]}