{"rotation": [-0.6887612664390532, -0.01217000901279314, -0.010119351973753498, -0.7248154299195978], "translation": [-274.4059965469851, 3043.7121422971936, -19.028681249020217]}