{"rotation": [-0.6740906219974279, -0.008727204792214196, -0.015851019192421593, -0.738426986520805], "translation": [-273.92277264980413, 3038.677904784184, -19.030479641356845]}