{"rotation": [-0.9995903562462931, -0.010400959895514863, -0.0005653356589151008, -0.02665745914849242], "translation": [-248.7109335035158, 3057.7469232860694, -19.317996702829394]}