{"rotation": [-0.9588423957364144, 0.002661581849885662, -0.009645051095501714, -0.2837624871435174], "translation": [-270.7620295439957, 3055.264379415898, -19.21465643985005]}