{"rotation": [-0.9996434696848464, -0.0073113324119109206, 0.00310647327788323, -0.02549171941195477], "translation": [-210.0346177994328, 3059.344804221233, -19.202379242990368]}