{"rotation": [-0.9995526229074735, -0.01181766039792763, 0.000908098272735569, -0.027460376891740967], "translation": [-247.60954868080483, 3057.8061625342134, -19.312644388674773]}