{"rotation": [-0.674676302334308, -0.008781115672446821, -0.015355358387082416, -0.7379017495878818], "translation": [-273.96868648277007, 3039.1280836542114, -19.030453514426956]}