{"rotation": [-0.6771746546276008, -0.01178743916525655, -0.01124137609798148, -0.7356420154336882], "translation": [-274.1216594339241, 3040.44834968314, -19.02821689413595]}