{"rotation": [-0.9998489445912521, -0.007265152161248142, 0.0021691618729282004, -0.01563970270185425], "translation": [-219.38871811388927, 3058.938575395499, -19.26432067819737]}