{"rotation": [-0.999651722821866, -0.007027627778538985, 0.002938382359982527, -0.025266804629554142], "translation": [-209.60946321923996, 3059.367926774516, -19.199914625916744]}