{"rotation": [-0.6764653188870229, -0.010964285894475154, -0.012429283191529843, -0.7362879665574111], "translation": [-274.0813171357035, 3040.117605030617, -19.030871634586514]}