{"rotation": [-0.7684957846903824, -0.003427110403523507, -0.009661542205822438, -0.6397727240431563], "translation": [-274.19670703899163, 3049.6068094976513, -19.046134128218995]}