{"rotation": [-0.9982408732574345, -0.011203819763169693, 0.0038438789601667397, -0.058093527827879514], "translation": [-242.77317350272975, 3058.1821105041413, -19.30007975267204]}