{"rotation": [-0.7847429180796461, -0.003652586123800201, -0.012158968446472756, -0.6196913510972762], "translation": [-274.0648090446259, 3050.2256110039293, -19.056056801304496]}