{"rotation": [-0.999744096921164, -0.011777791702952078, 0.0026318463304714386, -0.019133679175237343], "translation": [-260.0243800360772, 3057.104189724128, -19.420921254835882]}