{"rotation": [-0.9988269517747868, -0.012313870488936946, -0.006101820149048142, -0.046431204946007616], "translation": [-265.70022038781474, 3056.811464756444, -19.357706564386202]}