{"rotation": [-0.9996151777888872, -0.007038366070215153, 0.0010042788177652318, -0.026813227355343913], "translation": [-236.64041491225538, 3058.821272600035, -19.290210173994804]}