{"rotation": [-0.999534540654894, -0.008265185291771891, 0.001943986372850649, -0.029302042025853344], "translation": [-254.47863496800178, 3057.405300627292, -19.38367800797737]}