{"rotation": [-0.8596189796047259, -0.0010083771541869115, -0.01354778615611249, -0.5107549809537966], "translation": [-273.18152329107573, 3052.6176415290133, -19.105357912271344]}