{"rotation": [-0.7725132149082666, -0.0030682405245387448, -0.010074102146908976, -0.6349113569295413], "translation": [-274.1621901685172, 3049.7623208540863, -19.05080054176605]}