{"rotation": [-0.9996085816163675, -0.008915027429241313, 0.0036759504279661325, -0.026262011219652028], "translation": [-256.8062007296916, 3057.2651535843484, -19.411687457517836]}