{"rotation": [-0.982341891534945, -0.0010191649209785243, -0.008834058278560115, -0.18688319574734755], "translation": [-269.32618641121815, 3056.012273687814, -19.265589243971792]}