{"rotation": [-0.9996563776262631, -0.00890539403275314, 0.004474875476310481, -0.024244506959950146], "translation": [-257.74684982771464, 3057.2146742364575, -19.41784788829726]}