{"rotation": [-0.9996904721375148, -0.0073647046515490575, 0.002730283897885559, -0.023606494714488457], "translation": [-214.29132436216105, 3059.13625647084, -19.236554009056622]}