{"rotation": [-0.9997339314716894, -0.008527304129752415, 0.000754583749881025, -0.021419195871986648], "translation": [-236.0287188245877, 3058.8494511668277, -19.288895073522937]}