{"rotation": [-0.9581037482336183, 0.0027151369161681, -0.009705517143989421, -0.2862440193072783], "translation": [-270.7915065362875, 3055.2444298303803, -19.21446454191508]}