{"rotation": [-0.9997520655679369, -0.012409289299874289, 0.0026400852992117052, -0.018298821856296457], "translation": [-260.465173145075, 3057.0839995548204, -19.423639991490266]}