{"rotation": [-0.6975346169859348, -0.011933881512542342, -0.01085743518445929, -0.7163694275159606], "translation": [-274.46203904881264, 3044.964123549539, -19.030509926317848]}