{"rotation": [-0.9994132120332541, -0.006492451886303393, 0.0008821386936560047, -0.03361995706724087], "translation": [-237.41072195541437, 3058.773781864981, -19.28430684027371]}