{"rotation": [-0.9946134189694397, -0.006711405532173984, -0.009568843927366578, -0.1029929175603756], "translation": [-267.6189422714298, 3056.5248751558333, -19.30770459553653]}