{"rotation": [-0.9993595911945587, -0.006570428548370078, 0.0008876325128887372, -0.03516317768145047], "translation": [-237.58409795343422, 3058.7616575499246, -19.286058077421327]}