{"rotation": [-0.9879955468738448, -0.002129889282980108, -0.009761291204632982, -0.15415894435002075], "translation": [-268.7280284868337, 3056.2288665304486, -19.280781803488736]}