{"rotation": [-0.6864254932990439, -0.01211638069261785, -0.010037908440490979, -0.7270299002532262], "translation": [-274.3813280155885, 3043.303513649923, -19.026532601796294]}