{"rotation": [-0.9997067351504265, -0.006637627589271794, 0.002835266082713904, -0.023115943872169097], "translation": [-214.72234393884372, 3059.1162646594703, -19.237910888680684]}