{"rotation": [-0.9998908881554393, -0.008638792329262414, 0.00025111891421985937, -0.011979982892709708], "translation": [-234.80888165082334, 3058.887648781024, -19.2877023887548]}