{"rotation": [-0.999921239566766, -0.008968281147452916, 0.0017043089339221881, -0.00861277699583794], "translation": [-222.45721558604183, 3058.8684758655027, -19.277066907166024]}