{"rotation": [-0.9996384933617665, -0.007816672542909877, 0.0030648036226839596, -0.025541910628003758], "translation": [-210.4562285888834, 3059.324353093134, -19.207458372968823]}