{"rotation": [-0.7765390659168957, -0.0029830000400450567, -0.01069954359975786, -0.6299711902797088], "translation": [-274.13164140768527, 3049.922150992321, -19.052214114503034]}