{"rotation": [-0.9998543169441457, -0.007735645692815926, 0.00217411490405534, -0.015059146664235126], "translation": [-219.68914442456406, 3058.9297008713493, -19.267244467330638]}