{"rotation": [-0.999555173515026, -0.008019267406076799, 0.0018855207843725985, -0.02866341328223252], "translation": [-255.17446878572179, 3057.3639278428545, -19.387546393585943]}