{"rotation": [-0.9986103323353194, -0.012904300486884138, 0.003218966849920971, -0.05099530796559977], "translation": [-243.65240529323802, 3058.0835435090685, -19.30224429946937]}