{"rotation": [-0.8259019979387214, -0.0008456797347531186, -0.014669826521144567, -0.5636221880093562], "translation": [-273.6308101765728, 3051.643364072509, -19.074521531393707]}