{"rotation": [-0.906018877483201, -0.00017220119492520488, -0.013347514326130582, -0.42302672238541], "translation": [-272.36548590672896, 3053.828056688302, -19.14525185676532]}