{"rotation": [-0.6739674601329919, -0.008736967011212845, -0.015836560965152967, -0.738539593675333], "translation": [-273.9092983993089, 3038.5379428833576, -19.030108983018824]}