{"rotation": [-0.9997422235268424, -0.015107225013659646, 0.0006396372680882119, -0.016936620505786516], "translation": [-262.17191745305394, 3057.0109825021364, -19.41518457372184]}