{"rotation": [-0.9999597570625444, -0.008780093002416578, 0.0015751398582185257, -0.000955592336289331], "translation": [-225.6160582407636, 3058.8436076169824, -19.282943116458434]}