{"rotation": [-0.9996085820734142, -0.0089151213965587, 0.003675977518378294, -0.02626195813238896], "translation": [-256.8062442199086, 3057.265151251928, -19.41168775001156]}