{"rotation": [-0.9996418203108259, -0.007348628186997701, 0.0030115063707813194, -0.025556986888254547], "translation": [-211.09255333245247, 3059.292124401258, -19.21052844032313]}