{"rotation": [-0.9994705379685089, -0.012676322316361312, 0.0031900512332171736, -0.02979560636403646], "translation": [-245.97189253949418, 3057.90185586224, -19.313352938633834]}