{"rotation": [-0.9995842209998196, -0.009296820311751755, 0.00103079322121092, -0.027274378555888518], "translation": [-249.68739206223745, 3057.6929481814664, -19.32881772995766]}