{"rotation": [-0.6807420412153402, -0.012196781359559138, -0.010116453331492024, -0.7323518070015469], "translation": [-274.26639736468354, 3041.8562350070365, -19.021243136567215]}