{"rotation": [-0.9998489457168366, -0.007265238539527117, 0.002169171850178126, -0.015639589233056014], "translation": [-219.3887725285052, 3058.9385739096756, -19.264321078675287]}