{"rotation": [-0.6856740780114597, -0.012124333562891857, -0.010135405668041034, -0.7277371316833674], "translation": [-274.36709176811416, 3043.1457460966853, -19.027367622689347]}