{"rotation": [-0.9995314442542838, -0.011691099534270919, 0.0034486754522634797, -0.028076979471633953], "translation": [-246.693693999527, 3057.859400792543, -19.317630308542213]}