{"rotation": [-0.99966248721779, -0.007900389593951729, 0.0023318587473993603, -0.02463854558588513], "translation": [-213.4371781005329, 3059.1752691831666, -19.22967323183256]}