{"rotation": [-0.9999494532345776, -0.008795648369648265, 0.0007905224114419728, -0.004806518484711181], "translation": [-224.05410170164268, 3058.8495278139962, -19.276561209108664]}