{"rotation": [-0.9215156785763967, 0.0003362976329467617, -0.013042916833626239, -0.38812191816780495], "translation": [-271.9957485362934, 3054.237327776506, -19.162194163471643]}