{"rotation": [-0.9997124754604089, -0.009317268249309523, 0.003733377413951063, -0.02177651979258396], "translation": [-258.8187871587962, 3057.1577097944937, -19.418973228941105]}