{"rotation": [-0.9995152875843561, -0.011866280833476465, 0.0035673332774978496, -0.028559681329281168], "translation": [-246.33255792210682, 3057.881140785658, -19.315777253073193]}