{"rotation": [-0.9995864942182355, -0.007780207425947353, 0.0026220793691976467, -0.02755782372917614], "translation": [-255.87030283906296, 3057.321134058736, -19.397675038029657]}