{"rotation": [-0.9998045653926412, -0.006338896298856071, 0.0022890014033559785, -0.018585206114532887], "translation": [-217.70955442110417, 3058.9945056688875, -19.255796429104237]}