{"rotation": [-0.9879955690779629, -0.0021298977208505467, -0.009761292895531737, -0.1541588018214285], "translation": [-268.7280256878575, 3056.22886743487, -19.28078187710581]}