{"rotation": [-0.9997404934253473, -0.010481250038889337, 0.0026975249569980517, -0.02004526284117182], "translation": [-259.57738088540384, 3057.1210791036096, -19.41871847456268]}