{"rotation": [-0.9996264119056996, -0.009223839151714175, 0.004053441844054664, -0.025407223796724537], "translation": [-257.27890291862695, 3057.240461520397, -19.415234031864745]}