{"rotation": [-0.997224015502017, -0.01049432061116112, -0.008153220330300762, -0.07326429648327251], "translation": [-266.77325458215296, 3056.678941444846, -19.329763417145173]}