{"rotation": [-0.6819256232539258, -0.012147961079989344, -0.010072577426337137, -0.7312512663752004], "translation": [-274.29679113607654, 3042.2323515860626, -19.022568508914276]}