{"rotation": [-0.9999115712122043, -0.008972305469229966, 0.002091295945860043, -0.00959030613560443], "translation": [-222.0554490529414, 3058.8747141404647, -19.276279238343893]}