{"rotation": [-0.9995400637881093, -0.007311300799569774, 0.0020542852254761966, -0.029359592560064582], "translation": [-252.44052483259676, 3057.5292881385058, -19.365047628004362]}