{"rotation": [-0.6776315214235427, -0.012053650945297457, -0.0108124967048668, -0.7352233134137621], "translation": [-274.14921479620165, 3040.6728747120815, -19.024457077676498]}