{"rotation": [-0.9995861632709769, -0.010741368152332485, -0.0007395448257047957, -0.026675424661563946], "translation": [-248.52738146851948, 3057.757468454514, -19.314548838493874]}