{"rotation": [-0.7471844050189649, -0.006636019152516388, -0.00966489534469731, -0.6645133692742676], "translation": [-274.3276035383388, 3048.694869091358, -19.0393789489043]}