{"rotation": [-0.9999540486491921, -0.008888844911459639, 0.0006321351642256082, -0.0035340389589539694], "translation": [-224.54490263700873, 3058.8466128634605, -19.278226660445984]}