{"rotation": [-0.997913828400201, -0.01103540451750021, -0.007325827351893306, -0.06318657443159631], "translation": [-266.4230135735355, 3056.7291025890645, -19.339060774085006]}