{"rotation": [-0.6850122990111719, -0.012019210341965625, -0.010274475164351279, -0.7283598862830665], "translation": [-274.35532786405116, 3043.018358587257, -19.02828255047332]}