{"rotation": [-0.9999509518830126, -0.009592694622728565, 0.0009232655587493483, -0.0022850861778533353], "translation": [-233.04652118506203, 3058.9083683076437, -19.293112909827965]}