{"rotation": [-0.9996137976927961, -0.017342932080667724, -0.003893293691524505, -0.021361658017642157], "translation": [-263.6009330763545, 3056.9503523736275, -19.3947211099205]}