{"rotation": [-0.9999612665971724, -0.008488619801442396, 0.0009740776531823278, -0.0021118266905280152], "translation": [-225.12845137817408, 3058.8441987563597, -19.280490298336975]}