{"rotation": [-0.9998523153587735, -0.00764732674276843, 0.0021269243683604212, -0.015242770683851407], "translation": [-219.59340214127965, 3058.932257411737, -19.267655702624662]}