{"rotation": [-0.6792162819322743, -0.012323141232115777, -0.010226236786370607, -0.7337634541386344], "translation": [-274.22949391363363, 3041.37393103657, -19.016612324722473]}