{"rotation": [-0.9999509518644186, -0.00959268695779725, 0.0009232645307963873, -0.0022851269065621823], "translation": [-233.04653106908174, 3058.9083683113076, -19.293112810672895]}