{"rotation": [-0.70522869596692, -0.01134869249862854, -0.010967692902524003, -0.708804206587239], "translation": [-274.471465763696, 3045.8518346203123, -19.02985283525418]}